Gender,ForeignWorker,Single,Age,LoanDuration,LoanAmount,LoanRateAsPercentOfIncome,YearsAtCurrentHome,NumberOfOtherLoansAtBank,NumberOfLiableIndividuals,HasTelephone,MissedPayments,NoCurrentLoan,CriticalAccountOrLoansElsewhere,OtherLoansAtBank,OtherLoansAtStore,HasCoapplicant,HasGuarantor,OwnsHouse,RentsHouse,Unemployed,JobClassIsSkilled,CheckingAccountBalance,SavingsAccountBalance,YearsAtCurrentJob
1,0,1,38,13,5701,4,1,1,2,0,1,1,0,0,0,0,0,1,1,0,1,geq_200,geq_500,geq_1_lt_4
1,0,0,50,34,3609,4,4,1,1,1,1,0,0,0,0,0,0,0,0,1,1,geq_0_lt_200,lt_100,geq_1_lt_4
1,1,0,40,25,11898,1,4,2,1,1,1,1,1,0,0,0,0,0,0,0,1,lt_0,lt_100,geq_1_lt_4
1,0,1,23,3,10490,1,3,1,2,0,1,0,0,1,0,0,0,1,0,0,1,geq_0_lt_200,lt_100,geq_1_lt_4
1,0,0,33,43,7251,4,4,1,1,0,1,0,0,1,0,0,0,1,0,0,1,geq_0_lt_200,lt_100,geq_1_lt_4
1,0,0,16,6,5089,1,2,1,2,1,1,0,1,0,0,0,0,1,0,0,1,lt_0,lt_100,geq_1_lt_4
1,0,0,19,11,2845,2,4,1,1,0,1,0,1,0,0,0,0,1,1,0,1,lt_0,lt_100,geq_1_lt_4
1,0,0,42,20,20648,2,4,1,1,0,1,0,1,0,0,1,0,1,0,0,1,lt_0,lt_100,geq_1_lt_4
1,0,0,29,34,5057,4,4,1,1,1,1,0,0,0,0,0,1,1,1,0,1,lt_0,lt_100,geq_4
0,0,1,34,30,8495,4,2,1,1,1,1,0,1,0,0,0,0,1,0,0,1,lt_0,lt_100,geq_1_lt_4
1,0,1,28,48,2042,1,4,1,1,0,1,0,0,1,0,0,0,1,0,0,1,lt_0,geq_500,lt_1
0,0,0,20,64,21470,4,2,1,2,0,1,0,0,1,0,0,0,0,0,0,1,geq_0_lt_200,lt_100,geq_1_lt_4
1,0,1,28,41,4902,4,4,1,1,0,1,0,0,0,0,0,0,1,1,0,1,lt_0,lt_100,geq_1_lt_4
1,0,1,45,23,10752,4,4,1,2,0,1,0,1,0,0,0,0,1,0,0,1,geq_0_lt_200,lt_100,geq_4
0,0,0,38,61,3246,4,4,1,1,1,1,0,0,0,0,0,0,1,1,0,1,geq_0_lt_200,lt_100,geq_4
1,0,1,50,11,9230,1,4,1,1,1,1,0,0,0,0,0,0,1,0,0,1,geq_0_lt_200,lt_100,geq_1_lt_4
0,0,0,37,4,2905,4,3,1,1,0,1,0,1,0,0,0,0,1,1,0,1,geq_200,geq_100_lt_500,geq_1_lt_4
1,0,0,30,2,2781,4,4,1,1,0,1,0,1,0,0,0,0,0,1,0,1,geq_200,geq_100_lt_500,lt_1
1,0,1,24,21,6880,3,3,2,1,0,1,0,0,0,0,0,0,1,0,0,1,lt_0,lt_100,geq_4
1,0,1,34,9,4400,1,4,1,1,0,1,0,0,0,0,0,0,1,0,0,0,lt_0,geq_100_lt_500,geq_1_lt_4
1,0,1,38,24,1492,4,3,1,1,0,1,0,1,0,0,0,0,1,0,0,0,geq_0_lt_200,geq_100_lt_500,geq_4
0,0,1,25,71,9314,4,2,1,1,0,1,0,0,0,0,0,0,1,0,0,0,geq_200,lt_100,geq_1_lt_4
1,0,0,27,24,3211,1,3,2,1,0,1,0,0,0,0,0,0,1,0,0,1,lt_0,lt_100,geq_1_lt_4
0,0,0,61,10,6417,4,3,1,1,1,1,0,0,0,0,0,0,0,0,0,0,lt_0,lt_100,geq_4
1,0,0,51,20,4176,1,2,1,2,1,1,0,0,0,0,0,0,1,0,0,1,geq_0_lt_200,geq_100_lt_500,geq_1_lt_4
1,0,1,22,26,5351,4,1,1,2,0,1,0,0,0,0,0,0,1,0,0,1,lt_0,lt_100,geq_4
1,0,1,77,33,1812,4,3,1,2,0,1,0,0,0,0,0,0,1,1,0,1,geq_0_lt_200,geq_100_lt_500,geq_4
1,0,0,16,15,1320,3,4,1,1,1,1,0,1,0,0,0,0,1,1,0,1,geq_0_lt_200,lt_100,lt_1
1,0,1,24,20,6141,2,3,1,2,1,1,0,0,0,0,0,0,1,1,0,0,geq_200,geq_100_lt_500,lt_1
1,0,1,31,47,8869,2,2,2,2,0,1,0,0,0,0,0,0,1,0,0,1,geq_0_lt_200,lt_100,geq_1_lt_4
1,0,0,30,9,5941,4,4,1,2,0,0,0,1,0,0,0,0,1,1,1,0,lt_0,lt_100,geq_1_lt_4
1,0,1,23,57,11992,4,4,1,2,0,1,0,0,0,0,0,0,0,0,0,1,lt_0,lt_100,geq_1_lt_4
1,0,0,50,27,1940,1,4,1,1,0,1,0,0,0,0,0,0,1,0,0,1,geq_0_lt_200,lt_100,geq_1_lt_4
0,0,1,34,15,2519,2,4,1,1,1,1,0,0,0,0,0,0,0,0,0,1,geq_0_lt_200,lt_100,geq_1_lt_4
0,0,0,44,34,1536,4,4,1,1,1,1,0,0,0,0,0,0,0,0,0,1,geq_0_lt_200,geq_500,geq_1_lt_4
0,0,0,35,28,2632,4,4,1,2,1,1,0,0,0,0,0,0,1,0,1,1,lt_0,lt_100,geq_4
1,0,0,47,46,9583,4,1,1,2,0,1,0,1,0,0,0,0,0,0,0,1,geq_0_lt_200,lt_100,geq_1_lt_4
1,0,0,26,59,10114,4,4,1,1,1,0,0,0,0,0,0,0,1,0,0,1,lt_0,lt_100,geq_4
1,0,0,33,19,10387,2,2,1,1,0,1,0,1,0,0,0,0,1,0,0,1,geq_0_lt_200,lt_100,lt_1
1,0,0,47,16,5481,2,3,1,2,0,1,0,0,1,0,0,0,0,0,0,0,lt_0,geq_100_lt_500,geq_4
0,0,0,25,5,12635,3,4,1,2,0,1,0,1,0,0,0,0,0,0,0,1,lt_0,lt_100,geq_1_lt_4
1,0,0,22,26,11777,2,4,1,2,1,1,0,0,0,0,0,0,1,1,0,1,geq_0_lt_200,lt_100,geq_1_lt_4
1,0,1,34,43,8828,2,4,1,1,1,1,0,0,0,0,0,0,1,0,0,1,geq_0_lt_200,lt_100,geq_1_lt_4
1,0,0,53,24,2827,2,4,1,1,0,1,0,0,0,0,0,0,1,0,0,1,lt_0,lt_100,geq_1_lt_4
1,0,1,37,61,2542,4,2,1,2,0,1,0,1,0,0,0,0,1,0,0,1,lt_0,lt_100,geq_1_lt_4
1,0,1,27,13,1725,2,2,1,1,0,1,0,0,0,0,0,0,1,0,0,1,lt_0,geq_100_lt_500,geq_4
0,0,1,82,11,6589,4,4,2,1,1,1,0,0,0,0,0,0,1,0,0,1,lt_0,lt_100,lt_1
0,0,0,64,36,5140,1,4,1,1,0,1,0,0,0,0,0,0,0,0,0,0,lt_0,geq_100_lt_500,geq_4
1,0,0,45,63,11207,4,3,1,2,1,1,0,0,1,0,0,0,1,1,0,1,lt_0,geq_500,geq_4
1,0,1,26,44,2533,3,4,1,2,0,1,0,1,0,0,0,0,1,1,0,1,lt_0,lt_100,geq_1_lt_4
1,0,1,22,10,6301,4,4,1,1,0,1,0,0,0,0,0,0,0,0,0,1,geq_0_lt_200,geq_100_lt_500,geq_1_lt_4
1,0,1,35,16,1326,3,1,1,2,0,0,0,0,0,0,0,0,1,1,0,1,lt_0,geq_100_lt_500,geq_4
1,0,1,31,54,7870,2,4,1,1,0,1,0,1,0,0,0,0,1,0,0,1,lt_0,geq_100_lt_500,geq_1_lt_4
1,0,1,17,41,4635,4,1,1,1,0,1,0,0,0,0,0,0,0,0,0,1,lt_0,geq_100_lt_500,geq_4
1,0,1,21,37,3302,3,1,1,1,0,1,0,0,1,0,0,0,1,1,0,1,geq_0_lt_200,geq_100_lt_500,geq_4
1,0,1,31,15,5162,3,4,1,1,0,1,0,0,0,0,0,0,0,1,0,1,geq_0_lt_200,lt_100,geq_1_lt_4
1,0,1,46,46,2606,4,4,1,1,0,1,0,1,0,0,0,0,1,0,0,1,geq_0_lt_200,geq_500,geq_1_lt_4
1,0,0,31,39,3018,4,1,1,2,0,0,0,0,0,0,0,0,1,0,0,1,geq_0_lt_200,lt_100,geq_4
0,0,1,32,14,7314,4,4,1,2,0,1,0,0,0,0,0,0,1,0,0,1,lt_0,lt_100,geq_1_lt_4
0,0,1,20,19,10805,4,4,2,2,0,1,1,0,0,0,0,0,1,0,0,1,lt_0,lt_100,geq_1_lt_4
0,0,0,29,32,10722,3,2,1,2,1,1,0,0,0,0,0,0,0,0,0,1,geq_0_lt_200,lt_100,geq_1_lt_4
1,0,1,29,11,5506,4,1,1,1,0,1,0,0,0,0,0,0,1,0,0,1,lt_0,lt_100,geq_1_lt_4
1,0,0,66,34,11753,1,1,1,2,0,1,0,0,0,0,0,0,1,0,0,1,geq_0_lt_200,geq_100_lt_500,lt_1
0,0,1,27,25,2040,3,1,1,1,0,1,0,0,0,0,0,0,1,0,0,0,geq_200,lt_100,geq_4
1,0,0,35,9,2222,4,4,1,2,0,1,0,0,1,0,0,0,1,0,0,1,geq_0_lt_200,lt_100,geq_4
0,0,0,27,26,2841,4,4,1,2,0,1,0,1,0,0,0,0,1,1,0,1,lt_0,lt_100,lt_1
1,0,0,24,46,11205,4,4,2,1,0,1,0,0,0,0,0,0,1,0,0,1,lt_0,geq_500,geq_4
1,0,1,26,32,4417,2,4,1,1,1,1,0,1,0,0,0,0,1,0,0,1,lt_0,lt_100,geq_4
0,0,1,49,12,8556,4,2,1,1,0,1,0,0,0,0,0,0,1,0,0,1,geq_200,lt_100,geq_1_lt_4
0,0,0,79,23,3784,3,4,1,2,1,1,0,0,1,0,0,0,1,0,0,1,geq_0_lt_200,lt_100,geq_1_lt_4
1,0,1,74,43,6437,1,4,1,1,1,1,0,0,0,0,0,0,1,0,0,0,lt_0,lt_100,geq_4
1,0,0,59,12,1824,4,4,1,1,0,1,0,1,0,0,0,0,0,0,1,0,lt_0,lt_100,geq_1_lt_4
0,0,1,24,44,8706,3,4,1,1,0,1,0,0,0,0,0,0,1,0,0,0,geq_0_lt_200,lt_100,geq_1_lt_4
1,0,1,72,16,6784,4,4,1,1,1,1,0,0,0,0,0,0,0,1,0,1,geq_0_lt_200,lt_100,geq_4
1,0,1,37,36,4011,4,4,2,1,1,1,0,1,0,0,0,0,0,0,0,1,geq_0_lt_200,geq_500,geq_1_lt_4
1,0,0,17,20,2295,4,1,1,2,0,1,0,0,0,0,0,0,0,0,0,1,geq_200,lt_100,geq_1_lt_4
1,0,0,56,38,16058,1,4,2,1,1,1,0,0,0,0,0,0,0,0,0,1,lt_0,geq_500,geq_4
0,0,0,33,7,2030,2,4,2,2,1,1,0,0,0,0,0,0,1,0,0,1,geq_0_lt_200,lt_100,lt_1
1,0,0,43,24,10975,4,4,1,1,1,1,0,0,0,0,0,0,1,0,0,1,lt_0,lt_100,geq_1_lt_4
1,0,1,45,19,8302,4,3,2,1,1,1,0,0,0,0,0,0,1,0,0,0,lt_0,lt_100,geq_1_lt_4
1,0,1,48,44,3498,4,4,1,2,0,1,0,0,0,0,0,0,1,0,0,1,lt_0,geq_500,lt_1
1,0,0,35,20,2067,3,4,1,1,0,1,0,0,0,0,0,0,1,0,0,1,lt_0,lt_100,geq_1_lt_4
0,0,1,44,25,2675,3,1,1,2,0,1,0,0,0,0,0,0,1,0,0,0,geq_0_lt_200,lt_100,geq_1_lt_4
0,0,1,26,22,1567,4,4,1,2,0,1,0,0,0,0,0,0,1,0,0,0,lt_0,lt_100,geq_4
1,0,1,39,25,3871,3,4,1,2,0,1,0,0,0,0,0,0,1,0,0,1,geq_0_lt_200,geq_100_lt_500,geq_4
0,0,1,32,13,5157,0,4,1,2,1,1,0,1,0,0,0,0,1,0,0,1,geq_0_lt_200,lt_100,geq_1_lt_4
1,0,0,47,14,20354,2,1,1,1,0,1,0,0,0,0,0,0,0,0,0,1,geq_0_lt_200,lt_100,geq_1_lt_4
1,0,1,48,41,2533,3,4,1,2,1,1,0,0,0,0,0,0,1,0,0,1,lt_0,geq_500,geq_1_lt_4
0,0,0,47,78,3192,1,4,1,1,1,1,0,1,1,0,0,0,0,0,0,1,lt_0,lt_100,lt_1
0,0,1,18,24,2994,2,2,1,1,1,1,0,1,0,0,0,0,1,0,0,1,lt_0,lt_100,geq_1_lt_4
0,0,1,72,21,5334,1,4,1,1,1,1,0,0,0,0,0,0,1,0,0,1,lt_0,lt_100,geq_4
0,0,0,39,34,3083,2,2,1,1,0,1,0,0,0,0,0,0,0,0,0,1,lt_0,lt_100,geq_1_lt_4
1,0,0,30,27,17574,2,4,1,2,0,1,0,0,0,0,0,0,1,1,0,1,geq_0_lt_200,lt_100,geq_1_lt_4
0,0,0,37,26,6336,4,2,2,2,0,1,1,0,0,0,0,0,1,0,0,0,lt_0,geq_100_lt_500,geq_1_lt_4
1,0,1,37,25,1738,4,2,2,2,0,1,0,0,0,0,0,0,1,0,0,1,geq_0_lt_200,lt_100,geq_1_lt_4
1,0,1,27,10,4200,2,4,1,2,0,1,0,0,0,0,0,0,1,0,0,1,lt_0,geq_500,lt_1
1,0,1,29,31,2746,3,4,2,1,0,1,0,1,1,0,0,0,1,0,0,0,lt_0,lt_100,lt_1
1,0,1,33,5,4419,4,4,1,2,0,1,0,0,0,0,0,0,1,0,0,1,geq_0_lt_200,lt_100,geq_4
1,0,0,39,7,7894,4,4,1,1,0,1,0,0,1,0,0,1,0,1,0,1,geq_200,lt_100,geq_4
0,0,0,55,18,2036,2,1,2,1,1,0,0,0,0,0,0,0,1,0,0,1,lt_0,lt_100,geq_1_lt_4
1,0,1,27,32,5811,4,1,1,1,1,1,0,0,0,0,0,0,1,0,1,1,geq_0_lt_200,geq_500,geq_4
1,0,0,47,40,10083,4,4,1,2,0,1,0,1,0,0,0,0,0,0,0,0,lt_0,lt_100,geq_1_lt_4
0,0,1,40,42,16277,3,4,1,1,0,1,1,0,0,0,0,0,0,0,0,1,lt_0,lt_100,lt_1
1,0,0,42,13,5697,2,3,1,1,0,1,0,1,0,0,0,0,0,0,0,1,geq_200,geq_500,geq_1_lt_4
1,0,0,34,22,7427,1,2,1,2,0,1,0,0,0,0,0,0,0,0,0,1,geq_0_lt_200,geq_100_lt_500,geq_1_lt_4
0,0,1,46,45,4036,2,4,2,1,0,1,0,0,0,0,0,0,1,1,0,1,geq_0_lt_200,lt_100,geq_1_lt_4
1,0,0,24,19,7526,4,4,1,1,1,1,0,0,0,0,0,0,1,0,0,1,lt_0,lt_100,geq_4
1,0,0,35,16,7430,4,4,1,2,0,0,0,0,0,0,0,0,1,0,0,1,lt_0,lt_100,geq_1_lt_4
0,0,0,28,21,4751,1,4,1,2,0,1,0,1,0,0,0,0,1,0,0,1,geq_0_lt_200,lt_100,geq_4
1,0,1,34,31,4499,4,4,1,2,0,1,0,0,0,0,0,0,1,0,0,1,lt_0,lt_100,geq_1_lt_4
0,0,1,37,26,3102,4,4,1,2,0,1,0,1,0,0,0,0,0,0,0,0,geq_200,geq_100_lt_500,geq_1_lt_4
1,0,1,29,39,2517,2,4,1,1,0,1,0,1,0,0,1,0,1,0,0,1,geq_0_lt_200,geq_100_lt_500,geq_4
0,0,1,31,40,6191,4,3,1,1,0,1,0,0,0,0,0,0,1,0,0,1,geq_0_lt_200,lt_100,geq_4
1,0,0,47,23,5763,3,2,1,2,0,1,0,1,0,0,0,0,1,0,0,1,geq_0_lt_200,lt_100,geq_4
1,0,0,37,9,8905,3,2,1,2,0,0,0,0,0,0,0,0,1,0,0,1,lt_0,lt_100,geq_1_lt_4
1,0,0,31,-3,7443,2,4,1,1,1,1,0,1,0,0,0,0,1,1,0,1,lt_0,geq_100_lt_500,geq_1_lt_4
1,0,1,27,10,2263,3,4,1,1,1,1,0,0,0,0,0,0,0,0,1,1,lt_0,geq_100_lt_500,geq_1_lt_4
0,0,1,31,6,4758,4,2,1,1,1,1,0,0,0,0,0,0,1,0,0,1,lt_0,lt_100,geq_4
1,0,1,76,49,5091,3,4,1,2,0,1,0,0,0,0,0,0,1,0,0,1,lt_0,lt_100,geq_4
1,0,1,36,39,2259,3,3,2,1,0,1,0,0,0,0,0,0,1,0,0,0,lt_0,lt_100,geq_4
1,0,0,28,19,7487,2,3,1,2,1,1,0,0,1,0,0,0,0,0,0,1,lt_0,lt_100,geq_4
1,0,1,32,31,2805,4,4,1,2,0,1,0,1,0,0,0,0,0,0,0,1,lt_0,geq_100_lt_500,lt_1
1,0,1,46,10,1454,4,2,1,2,1,1,0,1,1,0,0,0,1,0,0,1,geq_0_lt_200,lt_100,geq_1_lt_4
0,0,0,45,24,1570,2,4,2,1,1,1,0,1,0,0,0,0,1,0,1,1,geq_0_lt_200,lt_100,lt_1
1,0,0,36,54,1945,4,2,1,2,1,1,0,0,0,0,0,0,0,0,0,1,geq_0_lt_200,lt_100,geq_4
1,0,0,42,16,5603,2,4,1,1,0,1,0,0,0,0,0,0,1,1,0,1,lt_0,lt_100,geq_4
1,0,0,80,32,10707,1,1,1,1,0,1,0,0,0,0,0,0,1,1,1,1,geq_0_lt_200,geq_100_lt_500,geq_1_lt_4
0,0,1,35,24,8425,4,2,2,2,1,1,0,0,0,0,0,0,1,0,0,0,geq_0_lt_200,lt_100,geq_4
1,0,1,33,6,3626,3,4,1,1,0,1,0,0,0,0,0,0,1,0,0,1,lt_0,geq_100_lt_500,geq_4
1,0,1,55,57,2036,4,4,1,2,1,1,0,0,0,0,0,0,0,0,0,1,lt_0,lt_100,geq_1_lt_4
1,0,1,34,12,5261,3,4,1,2,0,0,0,0,1,0,0,0,1,1,0,1,geq_0_lt_200,lt_100,geq_1_lt_4
1,0,1,33,40,1985,3,4,1,2,0,1,1,0,0,0,0,0,1,0,0,1,geq_0_lt_200,lt_100,geq_1_lt_4
1,0,0,58,44,2747,2,2,1,2,0,1,1,1,0,0,0,0,1,0,0,1,lt_0,lt_100,geq_1_lt_4
1,0,1,22,50,2210,3,4,1,2,0,1,0,1,1,0,0,0,1,0,0,0,lt_0,lt_100,geq_4
1,0,0,29,36,13213,4,4,1,1,0,1,0,0,0,0,0,0,0,1,0,1,lt_0,geq_500,lt_1
1,0,1,36,19,9354,4,4,2,1,1,1,0,1,0,0,0,0,1,0,0,0,geq_0_lt_200,lt_100,geq_4
0,0,1,29,29,2121,4,3,1,1,0,1,0,0,1,0,0,0,0,1,0,1,geq_200,lt_100,geq_1_lt_4
1,0,0,29,16,8657,1,2,1,1,0,1,0,1,1,0,0,1,0,0,0,1,geq_0_lt_200,geq_100_lt_500,geq_4
0,0,1,33,33,5224,4,2,2,2,0,0,0,0,1,0,0,0,1,0,0,1,geq_0_lt_200,lt_100,geq_1_lt_4
0,0,0,29,28,2980,2,4,1,2,0,1,0,1,0,0,0,0,1,0,0,0,lt_0,lt_100,geq_1_lt_4
1,0,0,31,24,4281,3,3,1,2,0,1,0,1,0,0,0,0,1,0,0,1,lt_0,lt_100,geq_4
1,0,1,22,0,4328,4,4,1,1,0,0,0,0,0,0,0,0,1,1,0,0,geq_0_lt_200,lt_100,geq_4
0,0,0,23,26,2436,2,4,1,1,1,1,0,0,0,0,0,0,0,0,0,0,lt_0,geq_100_lt_500,geq_1_lt_4
1,0,0,23,27,10423,4,4,1,2,1,1,0,0,0,0,0,0,1,1,0,1,lt_0,lt_100,geq_1_lt_4
1,0,1,28,34,6466,4,4,1,1,0,1,0,1,0,0,0,0,1,1,0,1,lt_0,lt_100,geq_4
1,0,1,37,14,7423,4,3,4,2,1,1,0,0,0,0,0,0,1,1,0,1,lt_0,geq_100_lt_500,geq_1_lt_4
1,0,0,34,10,2603,4,4,1,1,1,1,0,0,0,0,0,0,1,0,0,1,geq_0_lt_200,geq_100_lt_500,geq_4
1,0,0,71,13,2143,4,4,1,1,0,1,1,0,0,0,0,0,1,1,0,1,geq_0_lt_200,geq_500,geq_1_lt_4
1,0,0,26,39,1971,2,4,2,2,1,1,0,1,0,0,0,0,1,0,0,0,lt_0,geq_100_lt_500,lt_1
1,0,0,25,43,6981,1,1,1,2,0,1,0,0,0,0,0,0,1,0,0,1,geq_0_lt_200,geq_500,lt_1
1,0,1,30,16,2534,2,1,2,2,1,1,1,1,0,0,0,0,1,0,1,1,geq_0_lt_200,geq_500,geq_1_lt_4
1,0,1,37,74,7796,3,4,2,2,1,1,0,1,0,0,0,0,0,0,0,1,geq_0_lt_200,lt_100,geq_1_lt_4
1,1,1,36,16,1359,2,4,1,2,0,1,0,1,0,0,0,0,0,0,0,0,lt_0,lt_100,geq_4
0,0,1,44,13,7691,4,1,2,2,0,1,0,0,0,0,0,0,1,0,0,0,lt_0,lt_100,geq_1_lt_4
0,0,0,58,49,11738,2,4,1,2,0,0,0,1,1,0,0,0,1,0,0,1,geq_0_lt_200,lt_100,geq_4
1,0,0,24,11,2514,1,1,1,1,1,1,1,0,0,0,0,0,0,0,0,1,lt_0,lt_100,geq_1_lt_4
0,0,1,31,30,1797,4,4,1,1,1,1,1,0,0,0,0,0,1,0,0,1,lt_0,lt_100,geq_4
1,0,0,25,61,5263,1,4,1,1,0,1,0,1,0,0,0,0,1,0,0,1,lt_0,geq_100_lt_500,geq_4
1,0,0,30,54,9847,4,4,1,1,0,1,0,0,0,0,0,1,1,0,0,1,lt_0,geq_100_lt_500,lt_1
1,0,1,30,7,3050,4,4,1,1,0,1,0,1,1,0,0,0,1,0,0,1,lt_0,lt_100,geq_1_lt_4
1,0,0,27,19,4716,4,4,1,2,0,1,0,1,0,0,0,1,1,0,0,0,geq_0_lt_200,lt_100,lt_1
0,0,1,33,25,9435,2,2,1,2,0,1,0,0,0,0,0,0,1,0,0,1,lt_0,lt_100,geq_4
1,0,1,32,25,9166,2,2,1,2,0,1,0,0,0,0,0,0,1,0,0,1,lt_0,geq_100_lt_500,geq_4
1,1,1,45,16,5509,2,1,1,1,1,1,0,0,0,0,0,1,0,0,0,1,lt_0,geq_100_lt_500,geq_1_lt_4
1,0,0,66,22,8977,3,2,1,2,0,0,0,1,0,0,0,0,1,0,0,1,lt_0,geq_100_lt_500,lt_1
0,0,1,31,9,5809,3,4,1,1,0,1,0,0,0,0,0,0,1,0,0,1,lt_0,lt_100,geq_4
1,0,0,54,22,10041,2,4,1,2,0,1,0,1,0,0,0,0,1,0,0,0,geq_0_lt_200,geq_100_lt_500,geq_4
1,0,1,41,19,9075,4,1,1,2,0,1,0,0,0,0,0,0,0,0,0,1,lt_0,lt_100,geq_4
1,0,1,37,11,2911,2,2,1,1,0,1,0,0,0,0,0,0,1,0,0,1,lt_0,lt_100,geq_4
1,0,1,41,44,3172,4,1,2,2,0,1,0,0,1,0,0,0,1,0,0,1,lt_0,lt_100,geq_1_lt_4
0,0,0,43,42,3194,4,4,1,1,1,1,0,0,0,0,1,0,1,0,0,1,lt_0,lt_100,geq_4
1,0,0,40,16,2414,2,4,1,1,0,1,0,0,0,0,0,0,1,0,0,1,lt_0,lt_100,geq_4
1,0,1,57,66,2669,2,2,2,1,1,1,0,0,0,0,0,0,1,0,0,1,geq_0_lt_200,geq_100_lt_500,geq_1_lt_4
1,0,0,29,20,1310,2,3,1,2,0,1,0,1,0,0,0,0,1,1,0,1,lt_0,lt_100,geq_1_lt_4
1,0,1,27,17,6110,3,4,1,2,0,1,0,0,0,0,0,0,1,0,0,1,geq_0_lt_200,lt_100,geq_4
1,0,0,25,16,2484,4,2,1,2,1,0,0,0,0,0,0,1,1,0,0,1,lt_0,lt_100,geq_1_lt_4
0,0,1,45,49,3158,4,4,1,2,1,1,0,0,0,0,0,0,1,0,0,1,lt_0,lt_100,geq_1_lt_4
1,0,0,69,19,6490,2,1,1,2,1,1,0,0,1,0,0,0,1,1,1,1,geq_0_lt_200,geq_500,geq_4
1,0,1,29,15,10830,1,2,1,1,0,1,0,0,0,0,0,0,1,0,0,1,lt_0,lt_100,lt_1
0,0,1,64,31,3631,3,1,1,2,0,1,0,1,0,0,0,0,1,0,0,0,lt_0,lt_100,geq_1_lt_4
1,0,0,28,72,2424,4,2,1,2,0,1,0,0,0,0,0,0,1,1,0,0,lt_0,lt_100,geq_1_lt_4
1,0,0,23,14,880,4,4,1,2,1,1,0,1,1,0,0,0,1,1,0,0,lt_0,geq_100_lt_500,geq_1_lt_4
1,0,0,54,24,2734,4,4,2,2,0,1,0,0,0,0,0,0,1,0,0,0,geq_0_lt_200,lt_100,geq_1_lt_4
1,0,0,59,23,1899,3,2,2,2,0,1,0,0,0,0,1,0,1,0,0,0,lt_0,geq_100_lt_500,geq_1_lt_4
0,0,0,44,30,11676,4,4,1,1,0,1,0,0,0,0,0,1,1,0,0,0,lt_0,lt_100,geq_1_lt_4
0,0,0,39,9,2651,1,4,1,1,1,1,0,0,1,0,0,0,0,0,0,1,lt_0,lt_100,geq_1_lt_4
1,0,0,35,9,10223,2,4,1,2,0,0,1,0,0,0,0,0,1,0,0,1,geq_0_lt_200,geq_100_lt_500,geq_1_lt_4
1,0,0,39,13,3078,4,4,1,1,0,1,0,0,0,0,0,0,1,0,0,1,lt_0,lt_100,geq_1_lt_4
1,0,0,62,13,4951,1,4,2,2,0,1,0,0,0,0,0,0,1,0,0,1,lt_0,lt_100,geq_4
0,0,1,26,10,5595,4,4,1,1,1,1,0,0,0,0,1,0,1,0,0,1,lt_0,lt_100,geq_4
0,0,1,28,34,1622,2,4,1,2,0,1,1,0,0,0,0,0,1,0,0,0,geq_0_lt_200,lt_100,geq_1_lt_4
1,0,0,30,26,9805,4,2,2,2,1,1,0,1,0,0,0,1,0,0,0,1,geq_0_lt_200,lt_100,geq_4
0,0,1,24,63,9093,4,2,1,2,0,1,0,1,0,0,0,0,1,0,0,1,lt_0,geq_100_lt_500,geq_1_lt_4
1,0,0,40,25,3527,2,2,1,2,0,1,0,1,0,0,0,0,1,0,0,0,geq_0_lt_200,lt_100,geq_4
1,0,1,39,27,6853,3,4,1,2,0,1,0,1,1,0,1,0,0,1,0,1,lt_0,geq_500,geq_1_lt_4
1,0,0,32,47,5224,4,2,1,1,0,0,0,1,0,0,0,0,0,0,0,1,lt_0,lt_100,geq_4
0,0,1,39,27,9013,4,3,1,1,0,1,0,0,0,0,0,0,1,0,0,1,geq_0_lt_200,geq_500,geq_4
1,0,1,37,20,5552,4,4,1,2,1,1,0,1,0,0,0,0,1,0,0,1,geq_0_lt_200,lt_100,geq_1_lt_4
1,0,0,30,18,5008,3,4,1,2,0,1,0,1,0,0,0,0,1,1,0,1,lt_0,lt_100,geq_1_lt_4
0,0,1,29,9,2909,2,4,1,1,0,1,0,0,1,0,0,0,0,0,1,1,lt_0,lt_100,geq_1_lt_4
1,0,1,24,25,22041,1,2,1,2,1,1,0,0,1,0,0,0,0,0,0,0,lt_0,lt_100,geq_1_lt_4
0,0,1,21,14,9881,2,3,1,1,0,1,0,1,0,0,0,0,1,0,0,1,lt_0,geq_100_lt_500,geq_4
1,0,0,28,23,1728,4,4,2,1,0,1,0,1,0,0,0,0,0,1,0,1,geq_200,lt_100,geq_1_lt_4
1,0,0,44,34,6019,4,4,1,1,0,1,0,1,0,0,0,0,0,0,0,0,geq_0_lt_200,geq_100_lt_500,geq_4
1,0,0,24,34,3423,3,4,1,1,0,1,0,0,0,0,0,0,1,0,0,1,geq_200,geq_100_lt_500,geq_1_lt_4
1,0,0,78,4,12946,4,4,1,2,0,1,0,1,0,0,0,0,1,0,0,1,geq_0_lt_200,geq_500,geq_1_lt_4
1,0,0,33,14,10283,1,4,1,1,0,1,0,0,0,0,0,0,0,0,0,1,geq_0_lt_200,lt_100,geq_4
1,0,1,34,61,10571,1,4,1,1,0,1,0,1,1,0,0,0,0,0,0,1,geq_200,lt_100,geq_4
1,0,0,28,10,7203,4,4,1,2,0,1,0,0,0,0,0,0,1,1,0,1,lt_0,geq_100_lt_500,geq_4
0,0,0,53,43,6120,4,2,1,2,0,1,0,0,0,0,0,0,1,0,0,0,geq_0_lt_200,lt_100,geq_1_lt_4
1,0,0,52,3,22098,3,4,2,1,0,1,1,1,0,0,0,0,1,0,0,1,lt_0,lt_100,geq_4
1,0,0,22,43,10768,4,2,1,1,1,1,0,0,0,0,0,0,0,0,0,1,lt_0,geq_100_lt_500,geq_4
1,0,0,47,34,5093,1,4,1,1,0,1,1,0,0,0,0,0,1,0,0,0,lt_0,geq_100_lt_500,geq_4
1,0,0,30,63,6194,4,4,1,2,0,1,0,0,0,0,0,0,1,1,0,1,lt_0,lt_100,geq_1_lt_4
1,0,1,42,24,4600,4,4,1,1,1,1,1,1,0,0,0,0,1,0,0,1,lt_0,geq_100_lt_500,geq_1_lt_4
0,0,1,29,18,4089,1,4,1,2,1,1,0,1,0,0,0,0,1,0,0,1,geq_0_lt_200,geq_500,geq_1_lt_4
1,0,1,18,35,9809,4,4,1,1,0,1,0,0,0,0,0,0,1,0,0,1,geq_200,lt_100,geq_1_lt_4
0,0,0,31,5,11027,4,1,1,2,0,0,0,0,0,0,0,0,0,0,0,1,lt_0,lt_100,geq_4
1,0,1,39,20,5592,3,4,2,2,1,1,0,0,0,0,0,0,1,0,0,1,lt_0,lt_100,geq_1_lt_4
1,0,1,33,26,8453,4,4,1,1,1,1,0,0,0,0,0,0,1,0,0,1,lt_0,geq_100_lt_500,geq_1_lt_4
1,0,1,42,48,8881,3,4,1,1,0,1,0,1,0,0,0,0,1,0,0,1,geq_0_lt_200,lt_100,lt_1
0,0,0,35,6,3274,2,4,1,2,1,1,1,0,1,0,0,0,1,0,0,0,geq_0_lt_200,geq_500,geq_1_lt_4
1,0,0,21,8,2633,1,4,1,2,0,1,0,0,0,0,0,0,1,0,0,0,lt_0,geq_100_lt_500,geq_4
1,0,0,25,60,4527,3,2,1,2,1,1,0,0,1,0,0,0,1,1,0,0,lt_0,lt_100,geq_4
0,0,0,70,11,4031,4,4,2,2,0,1,0,1,0,0,0,0,1,0,0,1,lt_0,geq_100_lt_500,geq_4
1,0,0,41,18,3160,3,4,1,2,1,1,1,1,0,0,0,0,1,0,0,1,geq_0_lt_200,geq_100_lt_500,geq_4
0,0,1,40,5,2829,3,4,1,1,1,0,0,0,0,0,0,0,1,0,0,1,lt_0,lt_100,geq_4
0,0,1,23,50,1445,4,4,4,1,1,1,1,0,0,0,0,0,1,0,1,1,geq_0_lt_200,lt_100,geq_4
1,0,1,31,24,4242,1,4,1,2,1,1,0,1,0,0,0,0,1,0,0,1,lt_0,lt_100,geq_1_lt_4
0,0,1,28,25,2078,4,4,1,2,1,1,0,0,0,0,0,0,1,1,0,1,lt_0,lt_100,geq_1_lt_4
1,0,1,38,11,10017,4,2,1,2,1,1,1,1,0,0,0,0,0,0,0,1,geq_0_lt_200,lt_100,geq_4
0,0,0,32,35,4372,2,4,1,2,1,1,0,1,0,0,0,0,1,0,0,1,lt_0,geq_100_lt_500,geq_1_lt_4
1,0,0,61,69,3722,4,1,1,1,0,1,0,0,1,0,1,0,1,0,0,1,lt_0,lt_100,geq_1_lt_4
0,0,1,27,15,11792,4,2,1,1,0,1,0,0,0,0,0,0,1,0,0,1,geq_0_lt_200,lt_100,geq_4
0,0,0,26,24,2719,4,4,2,2,1,1,0,0,0,0,0,0,0,0,0,1,lt_0,geq_500,geq_1_lt_4
1,0,1,49,70,2712,1,3,1,1,0,1,0,0,0,0,0,0,0,0,0,0,lt_0,lt_100,geq_4
1,0,1,21,57,1065,2,1,1,1,0,1,0,0,0,0,0,0,0,0,0,1,geq_200,lt_100,geq_1_lt_4
1,0,0,33,63,3324,4,1,1,1,1,1,0,0,0,0,0,0,1,0,0,1,lt_0,lt_100,geq_4
1,0,0,40,58,19773,3,4,1,1,1,1,0,0,0,0,0,0,1,0,0,0,geq_0_lt_200,lt_100,geq_1_lt_4
1,0,0,35,32,5079,4,3,1,1,0,1,0,0,0,0,0,0,1,0,0,1,lt_0,geq_500,geq_4
0,0,1,40,3,7231,2,4,1,1,0,1,0,0,0,0,0,0,1,1,0,1,geq_200,lt_100,geq_1_lt_4
1,0,1,40,39,8361,4,2,2,1,0,1,0,0,0,0,0,0,1,0,0,0,lt_0,lt_100,geq_4
1,0,1,22,45,6116,4,4,1,2,0,1,0,0,0,0,0,1,0,0,0,0,geq_0_lt_200,lt_100,geq_4
0,0,1,23,16,3156,4,1,2,2,1,1,0,0,0,0,0,0,1,1,0,1,lt_0,lt_100,geq_4
0,0,0,37,57,9830,1,4,1,1,1,1,0,0,0,0,0,0,1,0,0,0,geq_0_lt_200,lt_100,geq_1_lt_4
1,0,1,32,8,9044,2,3,2,2,0,1,0,0,0,0,0,0,1,0,0,1,lt_0,lt_100,geq_4
1,0,1,47,17,1811,2,2,1,1,1,1,0,0,0,0,0,0,1,0,0,1,lt_0,lt_100,geq_1_lt_4
1,0,0,42,17,8630,4,4,1,1,0,0,0,0,0,0,1,0,1,1,0,1,lt_0,lt_100,geq_1_lt_4
1,0,1,45,58,5123,4,1,1,1,0,1,0,1,0,0,0,0,1,0,0,0,lt_0,lt_100,geq_1_lt_4
1,0,1,35,65,2829,2,3,1,1,0,1,0,1,0,0,0,0,1,0,0,1,geq_0_lt_200,lt_100,geq_4
1,0,0,25,7,5083,4,3,1,2,1,1,1,1,0,0,0,0,0,0,0,0,lt_0,geq_500,geq_4
1,0,0,70,54,3476,4,4,1,1,0,1,0,0,0,0,0,0,1,0,0,0,geq_0_lt_200,lt_100,geq_1_lt_4
1,0,0,20,42,8410,4,4,1,2,0,1,1,1,0,0,0,0,1,0,0,0,geq_0_lt_200,lt_100,geq_4
1,0,0,27,23,5845,4,4,1,1,1,1,0,1,0,0,0,0,1,0,0,1,lt_0,lt_100,lt_1
1,0,1,36,5,10397,4,4,1,2,1,1,0,0,0,0,0,0,0,1,0,1,geq_0_lt_200,lt_100,geq_1_lt_4
1,0,0,34,15,11717,4,4,5,1,0,1,0,0,0,0,0,0,1,0,0,1,geq_0_lt_200,geq_100_lt_500,lt_1
1,0,1,29,16,3991,3,4,1,1,0,0,0,1,1,0,0,0,1,0,0,1,geq_0_lt_200,lt_100,lt_1
0,0,1,59,17,8180,3,2,2,1,0,1,0,0,0,0,0,0,1,1,0,1,lt_0,lt_100,geq_1_lt_4
1,0,0,39,36,3324,4,4,1,1,0,1,0,0,0,0,0,0,1,0,0,1,lt_0,geq_100_lt_500,geq_1_lt_4
1,0,0,53,57,4462,4,2,1,2,0,1,0,1,0,0,0,0,1,0,0,1,geq_0_lt_200,lt_100,geq_1_lt_4
0,0,0,41,45,3011,1,4,1,1,0,1,0,0,0,0,0,0,1,0,0,1,lt_0,lt_100,geq_4
1,0,0,38,23,2379,4,4,1,1,1,1,0,1,0,0,0,0,1,1,0,1,lt_0,lt_100,lt_1
1,0,1,42,27,1523,4,1,1,2,0,1,0,0,0,0,0,0,1,0,0,1,lt_0,lt_100,geq_1_lt_4
1,0,0,70,16,1769,4,4,1,1,0,1,0,1,0,0,0,0,1,0,0,0,lt_0,lt_100,geq_1_lt_4
1,0,0,35,9,3995,4,3,4,1,0,1,1,0,0,0,0,0,1,0,0,1,geq_0_lt_200,geq_100_lt_500,lt_1
0,0,1,23,58,1829,2,4,1,1,0,0,0,0,0,0,0,0,1,0,0,1,geq_0_lt_200,lt_100,geq_4
1,0,0,20,35,10301,2,4,1,2,1,1,0,0,0,0,0,0,1,0,0,1,lt_0,geq_500,geq_4
1,0,1,59,10,3841,1,1,1,2,0,1,0,1,1,0,0,0,1,0,0,1,geq_0_lt_200,lt_100,geq_4
1,0,1,56,36,8622,4,2,1,1,1,1,0,0,1,0,0,0,1,0,0,1,geq_0_lt_200,geq_100_lt_500,lt_1
1,0,1,71,2,4924,4,2,1,2,0,1,0,0,1,0,0,0,0,1,0,1,geq_200,geq_100_lt_500,geq_1_lt_4
1,0,1,29,35,4487,4,4,1,1,0,1,0,1,1,0,0,0,1,0,0,1,lt_0,lt_100,geq_4
1,0,1,26,38,2994,2,4,2,2,0,1,0,0,1,0,0,0,1,0,0,1,lt_0,geq_100_lt_500,geq_1_lt_4
0,1,0,43,44,11445,2,2,1,1,0,1,0,1,0,0,0,0,1,0,0,1,geq_0_lt_200,geq_500,geq_1_lt_4
0,0,1,39,13,4120,3,3,2,1,0,1,0,0,1,0,0,0,1,0,0,1,lt_0,lt_100,geq_1_lt_4
1,0,1,75,25,9834,4,4,1,1,0,1,0,1,0,0,0,0,1,0,1,1,geq_0_lt_200,geq_100_lt_500,geq_4
0,0,0,27,24,6257,4,4,1,1,0,1,0,0,0,0,0,0,1,0,0,0,geq_0_lt_200,lt_100,geq_1_lt_4
0,0,0,27,9,2722,1,4,2,1,0,1,0,0,1,0,0,0,1,0,0,1,geq_0_lt_200,geq_500,lt_1
1,0,0,45,25,2664,2,4,1,1,0,1,0,1,0,0,0,0,1,0,0,1,geq_0_lt_200,geq_100_lt_500,geq_4
1,0,0,30,37,2067,4,4,1,2,1,1,0,0,0,0,0,0,1,0,0,1,geq_0_lt_200,geq_100_lt_500,geq_1_lt_4
1,0,0,24,1,4033,4,4,1,2,0,1,0,0,1,0,0,0,1,0,0,1,lt_0,geq_100_lt_500,geq_1_lt_4
1,0,1,32,53,8049,2,4,2,1,1,1,0,0,0,0,0,0,0,1,0,1,geq_0_lt_200,lt_100,geq_1_lt_4
1,0,1,22,51,3340,3,2,1,2,1,1,0,1,0,0,0,0,1,0,0,1,lt_0,lt_100,geq_4
0,0,1,33,33,3432,2,2,1,2,0,1,0,1,0,0,0,0,0,0,0,1,lt_0,geq_100_lt_500,geq_1_lt_4
1,0,1,31,26,11086,1,4,1,2,1,1,0,1,0,0,0,0,0,0,0,1,lt_0,geq_100_lt_500,lt_1
0,0,1,64,30,1768,1,4,1,1,1,1,1,0,0,0,0,0,1,0,0,1,geq_0_lt_200,lt_100,geq_1_lt_4
0,0,1,46,12,2219,3,4,1,1,1,0,0,1,0,0,0,1,1,0,1,1,geq_0_lt_200,geq_500,geq_4
0,0,1,40,18,3243,4,2,1,2,0,1,0,0,1,0,0,0,1,1,0,1,lt_0,lt_100,geq_4
1,0,0,39,70,1876,3,1,1,2,1,1,0,0,0,0,0,0,1,0,0,1,lt_0,lt_100,geq_4
1,0,1,24,37,4796,2,4,1,1,1,1,0,0,0,0,0,0,1,0,0,1,lt_0,lt_100,geq_1_lt_4
1,0,0,22,24,2089,3,4,1,2,0,0,0,0,0,0,0,0,1,0,0,1,lt_0,lt_100,geq_1_lt_4
0,0,0,28,43,917,4,1,1,2,0,1,0,0,0,0,0,0,1,0,0,1,geq_0_lt_200,geq_500,geq_1_lt_4
1,0,1,31,40,10795,2,4,1,2,0,1,0,0,0,0,0,0,1,1,0,1,lt_0,lt_100,geq_1_lt_4
0,0,0,24,76,2359,4,4,1,1,0,1,0,1,0,0,0,0,1,0,0,1,geq_0_lt_200,lt_100,geq_1_lt_4
0,0,0,30,0,4844,4,4,1,1,1,1,0,0,0,0,0,0,1,0,0,1,geq_0_lt_200,lt_100,geq_1_lt_4
0,0,1,54,53,4223,2,4,1,1,0,1,0,0,0,0,0,0,1,0,0,0,geq_0_lt_200,lt_100,geq_4
0,0,1,46,17,5966,2,4,2,1,1,1,0,0,0,0,0,0,1,1,0,1,geq_0_lt_200,lt_100,geq_4
1,0,1,25,7,2901,4,4,1,2,1,1,0,1,0,0,0,0,1,1,0,1,lt_0,lt_100,geq_1_lt_4
1,0,1,33,25,11975,4,4,1,1,0,0,0,0,0,0,0,0,0,0,0,1,geq_200,geq_500,geq_1_lt_4
0,0,0,37,11,2582,4,4,1,2,0,1,1,1,0,0,0,0,1,0,0,1,lt_0,geq_100_lt_500,lt_1
1,0,0,27,25,11051,2,4,1,1,0,1,0,0,0,0,1,0,1,0,0,1,lt_0,lt_100,geq_1_lt_4
0,0,0,44,22,4016,1,3,4,2,0,1,0,0,0,0,0,1,1,0,0,1,geq_200,geq_100_lt_500,geq_1_lt_4
0,0,0,26,16,3270,3,2,2,2,0,1,0,0,0,0,0,1,0,0,0,1,lt_0,lt_100,geq_4
1,0,1,28,28,5319,4,3,1,1,0,0,0,0,1,0,0,0,1,0,0,1,geq_0_lt_200,geq_100_lt_500,geq_4
0,0,0,26,40,2777,2,3,1,1,1,1,0,0,0,0,0,0,1,0,0,0,geq_0_lt_200,geq_100_lt_500,geq_4
1,0,1,35,10,5768,4,2,1,2,0,1,0,0,0,0,0,0,0,0,0,1,geq_0_lt_200,lt_100,lt_1
0,0,0,22,24,9343,4,4,1,1,1,1,0,0,1,0,0,0,1,0,0,0,lt_0,geq_500,geq_4
0,0,1,32,26,2195,1,1,1,1,0,1,0,0,0,0,0,0,1,0,0,1,geq_0_lt_200,lt_100,geq_4
1,0,0,44,34,5983,4,1,1,1,0,1,0,0,0,0,0,0,1,0,0,1,lt_0,lt_100,geq_1_lt_4
1,0,1,48,22,5055,2,4,2,1,0,1,0,0,0,0,0,0,1,0,0,0,geq_0_lt_200,lt_100,geq_1_lt_4
0,0,1,24,51,5735,4,4,1,1,0,0,0,1,0,0,0,0,1,0,0,1,lt_0,lt_100,geq_1_lt_4
0,0,1,69,10,2260,1,4,1,2,1,1,0,0,0,0,0,0,1,0,0,0,geq_0_lt_200,lt_100,geq_1_lt_4
1,1,1,28,13,6196,2,2,2,2,1,1,0,0,0,0,0,0,1,0,0,1,geq_0_lt_200,lt_100,lt_1
0,0,0,44,14,3737,1,2,1,2,1,1,0,0,0,0,0,0,1,0,0,1,lt_0,lt_100,geq_4
1,0,0,65,34,3236,2,4,1,1,0,1,0,0,0,0,0,0,1,0,0,1,lt_0,lt_100,geq_4
1,0,1,28,27,5490,1,4,1,2,0,1,0,0,0,0,0,1,0,0,0,0,lt_0,lt_100,geq_4
1,0,1,18,11,3614,4,1,1,1,0,1,0,0,0,0,0,0,0,0,0,1,geq_0_lt_200,geq_500,geq_1_lt_4
1,0,0,30,29,5564,4,3,1,2,0,1,0,0,1,0,0,0,1,0,0,1,lt_0,geq_500,geq_1_lt_4
1,0,1,38,10,5957,4,2,1,1,0,1,0,0,0,0,0,0,1,0,0,1,lt_0,lt_100,geq_1_lt_4
0,0,1,30,24,1884,4,2,1,1,1,1,0,1,0,0,0,0,1,0,0,1,geq_0_lt_200,lt_100,geq_4
1,0,0,20,17,5352,0,4,1,1,0,0,0,0,0,0,0,1,0,0,0,1,lt_0,lt_100,geq_1_lt_4
0,0,1,38,15,5946,4,4,1,1,0,0,0,0,0,0,0,0,1,0,0,1,lt_0,geq_100_lt_500,geq_1_lt_4
1,0,1,32,24,5321,2,4,1,1,1,1,0,1,0,0,0,0,0,0,0,1,lt_0,geq_500,geq_4
1,0,0,23,9,878,1,2,2,1,1,1,0,0,0,0,0,0,1,0,0,0,geq_0_lt_200,lt_100,geq_1_lt_4
1,0,0,31,55,11966,1,4,1,2,1,1,0,0,0,0,0,0,1,0,1,1,geq_0_lt_200,geq_100_lt_500,geq_1_lt_4
1,0,0,29,56,5413,4,1,1,2,0,0,0,0,0,0,0,0,1,0,0,1,lt_0,lt_100,geq_4
1,0,1,32,51,5051,4,4,1,1,0,1,0,0,0,0,1,0,1,1,0,1,lt_0,lt_100,geq_4
1,0,1,34,24,5846,4,4,1,2,1,1,0,0,0,0,0,0,0,0,0,1,geq_0_lt_200,lt_100,geq_4
0,0,1,34,25,6417,4,4,1,1,1,1,0,0,0,0,0,0,1,0,0,1,geq_0_lt_200,lt_100,geq_4
0,0,1,74,26,9732,1,4,1,1,0,1,0,0,0,0,0,0,1,0,0,1,geq_0_lt_200,lt_100,geq_1_lt_4
1,0,0,38,6,4864,1,1,2,1,1,1,0,0,0,0,0,0,1,0,0,1,geq_0_lt_200,lt_100,lt_1
1,0,1,38,4,5592,4,4,1,1,1,1,0,0,0,0,0,0,0,1,0,1,lt_0,lt_100,geq_1_lt_4
1,0,0,80,0,10969,4,4,1,2,0,1,0,1,0,0,0,0,0,0,0,1,lt_0,lt_100,geq_1_lt_4
0,0,1,34,65,3365,4,2,1,1,1,1,0,1,1,0,0,0,0,0,0,1,geq_0_lt_200,lt_100,geq_4
0,0,0,29,12,2551,4,4,1,2,0,1,0,1,0,0,0,0,1,0,0,0,geq_0_lt_200,lt_100,geq_1_lt_4
1,0,0,32,24,2429,4,4,1,2,0,1,0,1,0,0,0,0,1,0,0,1,lt_0,lt_100,geq_1_lt_4
1,0,0,33,41,5815,2,1,1,2,0,1,0,1,0,0,0,0,1,0,0,1,lt_0,lt_100,geq_1_lt_4
1,0,0,39,41,3148,4,2,1,1,0,1,0,0,1,0,0,0,1,0,0,0,lt_0,lt_100,geq_4
1,0,0,37,55,5715,4,4,1,1,0,1,0,1,0,0,0,0,1,0,0,1,geq_0_lt_200,lt_100,geq_1_lt_4
1,0,1,28,40,5122,2,4,1,1,0,1,0,0,0,0,0,0,1,0,0,1,geq_0_lt_200,lt_100,geq_1_lt_4
0,0,0,24,13,3209,4,2,1,2,0,1,0,0,0,0,0,0,1,0,0,1,geq_200,geq_100_lt_500,geq_4
1,0,0,23,17,1023,3,4,2,2,1,1,0,0,0,0,0,0,1,1,0,1,lt_0,lt_100,geq_4
1,0,1,34,6,6113,2,3,1,2,0,1,0,0,0,0,0,0,0,0,0,1,geq_0_lt_200,lt_100,geq_4
0,0,1,24,23,2674,2,1,1,1,0,1,0,1,0,0,0,0,1,0,0,1,lt_0,geq_100_lt_500,geq_1_lt_4
1,0,1,25,14,7680,4,4,1,2,0,1,0,0,1,0,0,0,1,0,0,1,geq_0_lt_200,geq_100_lt_500,geq_1_lt_4
0,0,1,47,37,3058,4,4,1,1,1,1,0,0,0,0,0,0,0,0,0,1,geq_0_lt_200,geq_100_lt_500,geq_1_lt_4
1,0,0,43,67,5553,2,1,1,2,0,1,0,1,1,0,0,0,0,0,0,1,lt_0,lt_100,geq_4
1,0,1,32,14,10040,1,4,1,1,0,1,1,0,0,0,0,0,1,1,0,1,lt_0,lt_100,geq_1_lt_4
0,0,0,23,2,1809,4,4,1,1,1,1,0,0,0,0,0,1,1,0,0,1,geq_200,lt_100,geq_4
1,0,0,32,22,12016,4,4,2,2,1,1,0,0,0,0,0,0,1,0,0,0,lt_0,lt_100,geq_4
1,0,1,30,25,11441,4,4,1,1,0,1,0,0,0,0,0,0,0,0,0,1,lt_0,lt_100,geq_4
1,0,1,37,15,2840,4,4,1,1,1,1,0,0,0,0,0,0,1,0,0,1,lt_0,geq_100_lt_500,geq_4
1,0,0,41,38,11424,3,2,2,1,0,1,0,0,0,0,0,0,1,0,0,1,lt_0,lt_100,geq_4
0,0,1,36,30,10539,4,4,1,2,1,1,0,0,0,0,0,0,1,0,0,1,lt_0,geq_100_lt_500,geq_1_lt_4
1,0,1,28,8,6555,3,2,1,1,0,1,0,0,1,0,0,0,1,0,0,1,lt_0,lt_100,geq_1_lt_4
1,0,1,33,26,10167,4,3,1,1,0,1,0,0,0,0,0,0,0,0,0,1,geq_0_lt_200,lt_100,geq_4
1,0,0,24,13,10044,2,4,1,2,0,1,0,0,0,0,0,0,1,1,0,1,lt_0,lt_100,geq_4
1,0,0,47,26,1866,1,4,2,1,1,0,0,1,0,0,0,0,1,0,0,1,lt_0,geq_500,geq_1_lt_4
1,0,0,45,22,6162,4,1,1,1,1,1,0,0,0,0,0,0,1,0,0,1,geq_0_lt_200,geq_100_lt_500,geq_4
0,0,0,21,40,9911,4,4,1,2,1,1,0,0,1,0,0,0,1,0,0,0,lt_0,lt_100,geq_4
1,0,1,34,16,14206,2,3,2,1,0,1,0,0,0,0,0,0,1,0,0,1,lt_0,geq_500,geq_1_lt_4
1,0,1,25,5,11074,1,4,1,1,0,1,0,1,0,0,0,0,1,0,0,1,geq_0_lt_200,lt_100,geq_1_lt_4
1,0,0,35,18,9378,2,4,2,1,0,1,0,1,0,0,0,0,0,0,0,0,lt_0,geq_500,geq_4
0,0,1,37,39,7968,1,4,1,1,0,1,0,0,1,0,0,0,1,0,0,1,geq_0_lt_200,lt_100,geq_1_lt_4
0,0,0,24,26,4484,3,1,1,2,0,1,0,0,0,0,0,0,1,1,0,1,lt_0,geq_100_lt_500,geq_4
1,0,0,18,28,2537,2,4,1,2,0,0,0,1,1,0,0,1,1,1,0,1,geq_0_lt_200,lt_100,geq_4
0,0,1,28,21,4771,2,4,1,2,0,1,0,1,0,0,0,0,1,1,0,1,lt_0,lt_100,geq_1_lt_4
1,0,0,32,57,3044,2,4,1,1,0,1,0,0,0,0,0,0,1,1,0,1,lt_0,lt_100,geq_4
0,0,0,72,11,4437,2,1,2,2,0,1,0,1,0,0,0,0,1,0,0,0,lt_0,geq_100_lt_500,lt_1
0,1,0,34,36,4320,3,2,1,2,0,1,0,0,0,0,0,0,1,0,0,1,lt_0,geq_500,geq_4
1,0,1,28,27,5511,3,4,1,1,0,1,0,0,0,0,0,1,1,0,0,0,geq_0_lt_200,lt_100,geq_1_lt_4
1,0,0,42,15,8858,2,4,1,1,1,1,0,0,0,0,0,0,1,0,0,1,geq_200,geq_100_lt_500,geq_4
1,0,1,66,35,1416,4,2,1,1,1,1,0,0,0,0,0,0,1,0,0,1,lt_0,lt_100,geq_4
1,0,0,45,69,4826,4,4,1,2,0,1,0,0,1,0,0,0,0,0,0,1,geq_0_lt_200,lt_100,geq_4
0,0,0,31,22,6546,3,4,2,1,1,1,0,0,1,0,0,0,1,0,0,1,geq_0_lt_200,lt_100,geq_4
1,0,0,25,27,3866,4,3,1,1,0,1,1,0,0,0,0,0,1,0,0,0,lt_0,lt_100,geq_4
1,0,0,46,39,10630,4,4,2,1,0,1,1,0,0,0,0,0,0,0,0,1,geq_0_lt_200,lt_100,geq_4
0,0,0,29,15,5124,4,4,1,1,0,1,0,0,0,0,0,0,1,0,0,1,lt_0,geq_500,geq_1_lt_4
0,0,1,19,19,9136,4,1,1,2,1,1,0,1,0,0,0,0,1,0,0,1,lt_0,geq_100_lt_500,geq_4
1,0,0,35,19,2517,4,4,1,1,0,1,0,0,0,0,0,0,1,0,0,1,geq_0_lt_200,geq_500,geq_1_lt_4
0,0,1,31,22,5040,4,4,1,1,0,0,0,0,0,0,0,0,1,1,0,1,lt_0,geq_500,geq_1_lt_4
1,0,1,41,21,6293,4,4,1,1,1,1,1,0,0,0,0,0,1,0,0,1,geq_0_lt_200,lt_100,geq_4
0,0,1,43,26,10180,1,2,2,1,0,1,0,0,1,0,0,0,1,0,0,1,geq_0_lt_200,lt_100,geq_4
0,0,1,44,41,10213,3,1,1,1,0,1,0,0,0,0,0,0,1,0,0,1,geq_0_lt_200,lt_100,geq_4
1,0,1,21,22,4800,2,2,1,1,0,1,0,1,0,0,0,0,1,0,0,1,lt_0,lt_100,geq_4
1,0,0,29,14,5469,4,4,1,2,1,1,0,1,1,0,0,0,1,1,0,1,lt_0,geq_100_lt_500,geq_4
1,0,1,44,6,5895,3,4,1,1,0,1,0,0,0,0,0,0,1,0,0,1,lt_0,lt_100,geq_1_lt_4
1,0,0,21,63,10394,3,2,2,1,0,1,0,0,0,0,0,0,1,1,0,1,geq_0_lt_200,lt_100,geq_1_lt_4
1,0,1,52,11,4629,1,4,1,1,1,1,0,1,0,0,0,0,1,0,0,1,geq_200,lt_100,geq_1_lt_4
0,0,0,43,25,446,2,4,1,1,0,1,0,0,0,0,0,0,1,1,0,1,lt_0,geq_100_lt_500,geq_4
1,0,1,41,30,4794,4,4,1,1,0,1,0,0,0,0,0,0,1,0,0,0,lt_0,lt_100,geq_4
1,0,0,26,24,6562,4,4,1,1,0,0,0,0,0,0,0,0,1,0,0,1,geq_0_lt_200,geq_500,geq_1_lt_4
1,0,0,38,33,5129,2,4,1,2,0,1,0,0,0,0,0,0,1,1,0,1,geq_0_lt_200,lt_100,geq_1_lt_4
1,0,1,40,35,5506,3,4,1,1,0,1,0,0,0,0,0,0,1,0,0,1,geq_200,lt_100,geq_1_lt_4
1,0,0,49,8,1947,3,3,1,1,0,1,0,1,0,0,0,0,1,0,0,1,lt_0,lt_100,geq_1_lt_4
0,0,0,31,2,1644,2,4,1,2,0,1,1,0,0,0,0,0,1,1,0,1,geq_0_lt_200,geq_100_lt_500,geq_1_lt_4
1,0,0,41,20,879,4,2,1,2,0,1,0,0,0,0,0,0,1,0,0,1,lt_0,geq_100_lt_500,geq_1_lt_4
0,0,0,35,57,8553,4,4,1,2,0,0,0,0,0,0,0,1,0,0,0,1,geq_0_lt_200,geq_100_lt_500,geq_4
1,0,0,30,25,1236,3,1,1,1,1,1,0,1,0,0,0,0,0,0,0,1,lt_0,geq_100_lt_500,geq_1_lt_4
0,0,0,35,22,5936,4,4,1,2,0,1,0,0,0,0,0,0,1,0,0,1,geq_0_lt_200,lt_100,geq_1_lt_4
1,0,1,22,14,3284,1,4,1,2,0,1,0,1,0,0,0,0,0,0,0,1,lt_0,geq_500,geq_1_lt_4
0,0,1,52,56,4838,2,4,1,1,1,1,0,1,0,0,0,0,1,0,0,1,geq_0_lt_200,lt_100,geq_1_lt_4
0,1,1,62,46,7945,2,4,1,1,0,1,0,1,0,0,0,0,1,0,0,1,lt_0,lt_100,geq_1_lt_4
1,0,0,45,8,8261,4,3,1,1,0,0,0,1,0,0,0,0,1,1,0,1,geq_0_lt_200,geq_500,geq_1_lt_4
0,0,0,33,52,3207,4,4,1,2,1,1,0,0,0,0,0,0,0,1,0,0,geq_200,lt_100,geq_1_lt_4
0,0,1,58,37,2103,4,2,1,1,0,1,0,0,0,0,0,0,1,0,0,1,geq_0_lt_200,lt_100,geq_4
1,0,1,50,34,9891,4,4,1,1,1,1,0,0,0,0,0,0,1,0,0,0,lt_0,lt_100,lt_1
0,0,0,70,13,9543,2,3,2,1,1,1,0,1,0,0,0,0,1,0,0,1,geq_0_lt_200,lt_100,geq_4
1,0,0,36,48,3008,4,4,1,1,0,1,0,1,0,0,0,0,1,0,0,1,lt_0,geq_100_lt_500,geq_4
1,0,1,28,18,1320,4,2,1,2,1,1,0,0,0,0,0,0,1,0,0,1,lt_0,lt_100,geq_1_lt_4
0,1,1,51,12,1930,4,3,1,1,0,1,0,0,0,0,0,0,1,0,0,1,lt_0,geq_100_lt_500,lt_1
1,0,1,30,26,8952,3,4,1,1,0,1,0,1,0,0,0,0,0,0,1,1,lt_0,geq_100_lt_500,geq_1_lt_4
1,0,1,75,30,7639,2,2,1,2,0,1,0,1,0,0,0,1,0,0,0,1,lt_0,lt_100,geq_1_lt_4
1,0,0,30,38,2914,4,2,1,2,0,1,0,1,0,0,0,0,1,0,0,1,geq_0_lt_200,geq_100_lt_500,geq_4
1,0,0,35,63,4965,2,4,1,2,0,1,0,0,0,0,0,0,1,0,0,1,lt_0,lt_100,lt_1
0,0,1,66,16,7273,4,4,1,1,1,1,0,1,0,0,0,0,1,1,0,1,geq_0_lt_200,lt_100,geq_4
1,0,0,34,32,4870,2,4,1,2,0,1,0,0,1,0,0,0,1,0,0,1,lt_0,geq_100_lt_500,geq_1_lt_4
1,0,1,38,67,17011,4,4,1,2,1,1,0,1,0,0,0,0,0,0,0,0,geq_0_lt_200,lt_100,geq_4
1,0,1,27,11,3079,4,2,2,1,1,1,0,0,0,0,0,0,1,0,0,0,lt_0,geq_500,geq_1_lt_4
1,0,0,51,20,2254,4,4,1,2,0,1,0,1,0,0,0,0,1,0,0,1,geq_0_lt_200,lt_100,geq_4
1,0,0,21,6,7305,4,4,1,1,0,1,0,0,0,0,0,0,1,0,0,1,lt_0,lt_100,geq_4
1,0,1,49,14,5520,4,4,1,2,1,1,1,0,0,0,0,0,1,1,0,1,lt_0,geq_100_lt_500,geq_1_lt_4
1,1,1,39,9,9997,3,4,1,2,0,1,0,0,1,0,0,0,1,0,0,1,geq_0_lt_200,lt_100,geq_4
1,0,1,39,5,10148,4,1,1,1,0,0,0,0,1,0,0,0,1,1,0,0,lt_0,lt_100,lt_1
0,0,0,53,21,3153,4,4,1,2,1,1,0,0,0,0,0,0,1,0,0,1,lt_0,geq_500,geq_1_lt_4
1,0,1,73,21,5198,4,4,1,1,0,1,1,1,1,0,0,0,0,1,0,1,geq_0_lt_200,lt_100,geq_1_lt_4
1,0,0,44,47,17271,1,4,4,2,1,1,0,1,0,0,0,0,1,0,0,1,lt_0,lt_100,lt_1
1,1,0,33,36,5616,3,4,1,1,0,1,0,0,0,0,0,0,1,0,0,1,lt_0,lt_100,geq_4
0,0,1,44,23,2813,2,4,1,1,1,1,0,0,0,0,0,0,1,0,0,1,geq_200,lt_100,geq_4
1,0,0,41,29,6254,4,4,1,1,0,1,0,0,0,0,0,0,0,0,0,1,lt_0,lt_100,geq_4
1,0,1,26,16,2766,4,4,1,1,1,1,0,1,0,0,0,0,1,1,0,1,lt_0,lt_100,lt_1
0,0,0,43,21,2436,1,3,1,1,0,0,0,0,0,0,0,0,0,0,0,1,geq_200,lt_100,geq_1_lt_4
1,0,0,34,63,3045,2,4,1,2,1,1,0,0,0,0,0,0,1,0,0,1,lt_0,lt_100,geq_1_lt_4
0,0,0,79,50,5528,4,1,2,2,0,1,0,0,0,0,0,0,1,0,0,1,geq_0_lt_200,lt_100,geq_4
1,0,0,24,29,9946,2,3,1,2,0,1,0,1,0,0,0,0,0,1,0,1,lt_0,lt_100,geq_1_lt_4
1,0,1,22,30,2647,4,1,1,1,0,1,0,0,0,0,0,0,0,1,0,1,lt_0,lt_100,geq_4
1,0,0,32,15,2834,4,2,1,1,0,1,0,0,0,0,0,0,1,0,0,1,lt_0,lt_100,geq_4
1,0,0,31,41,3316,4,4,1,1,0,1,0,0,0,0,0,0,0,0,0,1,geq_0_lt_200,geq_100_lt_500,geq_1_lt_4
0,0,0,57,27,5711,4,3,1,1,0,1,0,0,0,0,0,0,1,1,0,1,geq_0_lt_200,lt_100,geq_1_lt_4
1,0,1,25,55,2516,1,4,1,2,1,1,0,0,0,0,0,0,1,1,0,0,lt_0,geq_100_lt_500,geq_4
0,0,1,60,14,4598,1,1,2,2,0,1,0,0,0,0,0,0,1,1,0,1,geq_0_lt_200,lt_100,geq_4
0,0,0,22,18,4107,2,4,1,1,1,1,1,1,1,0,0,0,1,0,0,1,lt_0,lt_100,geq_4
1,0,0,34,5,7348,3,3,1,2,0,0,0,0,0,0,0,0,1,0,0,1,geq_0_lt_200,geq_100_lt_500,geq_1_lt_4
1,0,1,55,18,5935,3,2,1,1,0,1,0,1,0,0,0,0,0,0,1,1,lt_0,lt_100,geq_4
1,0,0,29,35,3013,2,3,2,1,0,1,0,0,0,0,0,0,0,1,0,1,geq_0_lt_200,lt_100,geq_4
1,0,0,39,10,6885,4,2,1,1,1,1,0,1,0,0,0,0,1,0,0,1,geq_0_lt_200,geq_100_lt_500,geq_1_lt_4
1,0,1,29,32,5925,2,4,1,2,0,1,0,0,0,0,0,0,1,0,0,1,lt_0,lt_100,geq_4
1,0,0,61,15,2566,4,2,1,1,0,1,0,0,0,0,0,0,1,0,0,1,lt_0,lt_100,geq_1_lt_4
1,0,0,51,21,5996,4,4,1,1,0,0,0,1,0,0,0,0,1,1,0,1,lt_0,geq_500,geq_1_lt_4
1,1,1,64,28,10057,2,3,1,1,1,1,0,1,0,0,0,0,1,0,0,1,lt_0,lt_100,lt_1
0,0,0,37,9,21135,2,2,1,1,1,1,0,1,0,0,0,0,1,0,0,1,lt_0,geq_100_lt_500,geq_1_lt_4
0,0,1,30,26,6753,4,4,1,1,1,1,0,1,0,0,0,0,1,1,0,1,geq_0_lt_200,lt_100,geq_4
1,0,0,24,0,3253,1,4,1,1,0,1,0,1,0,0,0,0,1,0,0,1,lt_0,lt_100,geq_1_lt_4
1,0,1,19,6,4781,4,2,1,2,1,1,0,0,1,0,0,0,1,1,1,1,geq_0_lt_200,lt_100,geq_4
0,0,1,70,12,2450,4,4,1,1,1,0,0,1,0,0,0,0,1,0,0,0,lt_0,lt_100,geq_4
1,0,1,43,22,9814,1,4,1,2,0,1,0,0,1,0,0,0,0,0,0,1,lt_0,lt_100,geq_4
1,1,1,57,14,1897,4,4,2,1,0,0,0,0,0,0,0,0,1,0,0,1,geq_0_lt_200,geq_500,geq_4
0,0,0,30,27,5726,4,4,1,1,1,1,1,1,0,0,0,0,1,0,0,1,geq_0_lt_200,lt_100,geq_1_lt_4
1,0,1,45,11,2473,4,2,1,1,1,1,0,0,0,0,0,0,0,0,0,1,lt_0,lt_100,geq_4
0,0,0,76,20,8492,4,4,1,1,1,1,0,0,0,0,0,0,0,1,0,1,geq_0_lt_200,lt_100,geq_4
1,0,1,65,8,3041,2,4,1,1,1,1,0,0,0,0,0,0,1,0,0,1,lt_0,geq_100_lt_500,geq_1_lt_4
1,0,1,38,24,2705,0,4,1,2,0,1,0,0,0,0,0,0,1,0,0,1,geq_0_lt_200,lt_100,geq_1_lt_4
0,0,1,40,16,2651,4,4,1,2,0,0,0,1,0,0,0,0,0,0,0,1,geq_200,geq_100_lt_500,lt_1
0,0,1,54,67,1855,2,1,1,1,0,1,0,1,0,0,0,0,0,0,0,1,geq_0_lt_200,geq_100_lt_500,geq_4
1,0,1,42,13,9311,4,4,1,1,1,1,0,0,0,0,0,1,0,0,0,1,geq_200,lt_100,geq_1_lt_4
0,0,0,27,20,2692,4,4,1,1,1,0,0,0,0,0,0,0,1,0,0,0,geq_0_lt_200,lt_100,geq_4
1,0,0,34,12,1922,1,4,1,2,0,0,0,0,0,0,0,0,1,0,0,1,lt_0,lt_100,geq_4
1,0,0,36,15,2811,2,1,1,1,1,1,0,0,0,0,0,1,1,0,0,1,geq_0_lt_200,lt_100,geq_4
0,0,1,43,3,3480,1,2,1,2,0,1,0,0,0,0,0,0,1,0,0,1,geq_200,lt_100,geq_4
1,0,0,39,54,4908,3,4,1,1,1,1,0,1,0,0,0,0,1,0,0,1,geq_0_lt_200,geq_100_lt_500,lt_1
1,0,0,39,11,5571,2,4,1,2,0,1,0,0,0,0,0,0,1,0,0,1,lt_0,geq_100_lt_500,lt_1
1,0,0,35,50,11080,2,3,1,1,1,0,0,1,0,0,0,0,1,0,0,1,lt_0,lt_100,geq_1_lt_4
0,0,0,27,42,907,2,2,1,1,1,1,0,0,1,0,0,0,1,0,0,1,lt_0,geq_100_lt_500,geq_1_lt_4
1,0,0,49,51,5875,4,4,1,2,0,1,0,0,0,0,0,1,0,0,0,1,lt_0,lt_100,geq_4
1,0,1,33,19,3206,4,2,1,1,1,1,0,0,0,0,0,0,0,0,0,0,lt_0,geq_500,geq_4
0,0,0,28,57,5716,4,4,2,1,1,1,0,0,0,0,0,0,1,0,0,1,lt_0,lt_100,geq_1_lt_4
1,0,1,29,24,6356,3,1,2,1,0,1,0,1,0,0,0,0,1,0,0,0,lt_0,lt_100,geq_1_lt_4
0,0,0,62,-1,5316,2,4,1,1,0,1,0,0,0,0,0,0,1,0,0,0,lt_0,lt_100,geq_1_lt_4
1,0,1,27,16,4785,4,1,1,1,0,1,0,0,0,0,0,0,1,0,0,0,lt_0,geq_100_lt_500,geq_4
0,0,0,51,45,9244,3,4,1,1,0,1,0,1,0,0,0,0,0,1,0,1,lt_0,lt_100,geq_4
1,0,1,34,34,1268,4,3,1,1,0,1,0,0,0,0,0,0,1,0,0,1,lt_0,geq_100_lt_500,lt_1
1,0,1,62,49,3430,1,3,1,1,0,0,0,0,0,0,0,0,1,0,0,1,geq_0_lt_200,geq_100_lt_500,geq_4
1,0,1,38,21,21322,3,4,2,1,0,1,0,0,1,0,0,0,1,0,0,1,lt_0,lt_100,geq_4
0,0,0,46,38,4598,2,4,2,2,1,1,0,1,0,0,0,0,0,0,0,0,geq_0_lt_200,lt_100,geq_4
1,0,1,29,27,2494,1,2,1,2,1,0,0,1,1,0,0,0,1,0,0,1,geq_0_lt_200,lt_100,geq_1_lt_4
1,0,1,34,8,5596,4,3,1,1,1,1,0,0,0,0,0,0,1,1,0,1,lt_0,geq_100_lt_500,lt_1
1,0,1,25,16,10791,2,4,1,2,1,1,0,1,0,0,0,0,0,0,0,1,geq_0_lt_200,geq_100_lt_500,geq_4
1,0,0,41,45,3903,2,4,1,2,0,1,0,0,0,0,0,1,1,0,0,1,geq_0_lt_200,lt_100,geq_4
0,0,0,18,3,2750,4,4,1,2,0,1,0,1,0,0,0,0,1,1,0,1,geq_0_lt_200,lt_100,geq_4
1,0,0,30,23,2975,3,3,1,2,0,1,0,1,0,0,1,0,1,0,0,1,geq_0_lt_200,geq_100_lt_500,geq_4
0,0,0,27,44,3807,4,4,1,2,0,1,0,1,0,0,0,0,1,0,0,1,geq_200,geq_500,lt_1
0,0,0,59,3,9952,4,4,1,1,1,0,0,0,0,0,0,0,1,1,0,0,geq_0_lt_200,lt_100,geq_1_lt_4
1,0,1,45,32,3100,4,4,1,1,0,1,0,0,0,0,0,0,1,0,0,1,lt_0,lt_100,geq_1_lt_4
1,0,0,53,22,4805,4,4,2,2,0,1,0,0,0,0,0,0,1,0,0,1,lt_0,lt_100,geq_1_lt_4
1,0,1,32,24,2944,2,2,1,2,1,1,0,1,0,0,0,0,1,0,0,1,lt_0,geq_100_lt_500,geq_1_lt_4
1,0,0,44,19,3466,4,4,1,2,0,1,0,1,0,0,0,0,1,0,0,0,lt_0,lt_100,geq_4
1,0,0,47,58,2908,4,3,1,1,0,1,0,0,0,0,0,0,1,0,0,1,lt_0,lt_100,geq_4
1,0,0,28,25,5850,4,4,1,1,1,0,0,1,0,0,0,0,1,0,0,1,geq_0_lt_200,lt_100,geq_4
1,0,1,62,17,5662,1,4,1,1,0,0,0,0,0,0,0,0,0,1,0,0,geq_200,geq_100_lt_500,geq_4
0,1,0,26,22,10453,4,4,1,2,1,1,0,0,0,0,0,0,1,0,0,1,lt_0,lt_100,geq_1_lt_4
1,0,0,37,16,2763,4,4,1,1,0,1,0,0,0,0,0,0,1,0,0,1,lt_0,geq_100_lt_500,geq_1_lt_4
0,0,1,31,13,15710,2,3,1,2,0,1,1,1,0,0,0,0,1,0,0,1,geq_0_lt_200,lt_100,geq_4
0,0,1,22,19,3051,3,1,1,1,0,1,0,0,0,0,1,0,1,0,0,1,lt_0,geq_500,geq_1_lt_4
1,0,1,26,18,1828,2,2,2,1,1,1,0,1,0,0,0,0,0,0,1,1,geq_0_lt_200,lt_100,geq_1_lt_4
0,0,1,22,18,6201,4,3,1,1,1,1,0,0,0,0,0,1,1,0,1,1,lt_0,lt_100,geq_4
0,0,1,26,28,2319,4,3,1,2,0,1,0,0,0,0,0,0,0,1,0,1,geq_0_lt_200,geq_500,geq_4
0,0,1,31,14,3774,2,1,1,1,0,1,0,0,0,0,0,0,1,0,0,1,lt_0,lt_100,geq_1_lt_4
1,0,1,40,14,3060,4,4,1,1,0,1,0,1,0,0,0,0,0,0,0,1,lt_0,geq_100_lt_500,geq_1_lt_4
0,0,0,35,15,8863,4,4,1,1,1,1,0,1,0,0,0,0,1,0,0,1,geq_0_lt_200,lt_100,geq_4
1,0,1,29,19,4947,4,2,1,1,1,1,0,1,0,0,1,0,1,1,0,0,geq_0_lt_200,lt_100,geq_1_lt_4
1,0,1,33,34,5962,4,4,1,1,0,0,0,1,0,0,0,0,0,0,0,1,lt_0,lt_100,geq_4
1,0,0,37,25,2867,3,4,1,1,1,1,0,0,0,0,0,0,1,0,0,1,lt_0,lt_100,geq_4
1,0,1,39,10,2025,2,4,1,1,0,1,0,0,0,0,0,0,1,0,0,1,lt_0,geq_100_lt_500,geq_4
1,0,0,24,32,1947,2,4,1,1,0,0,0,1,0,0,0,0,1,0,1,1,lt_0,lt_100,geq_4
1,0,0,42,63,11296,2,1,1,2,1,1,0,1,1,0,0,0,1,0,0,1,lt_0,lt_100,geq_4
1,0,0,18,14,1761,4,4,1,2,0,1,0,1,1,0,0,1,1,0,0,1,geq_0_lt_200,lt_100,geq_1_lt_4
0,1,0,43,5,5941,3,3,1,1,0,1,1,1,0,0,0,0,0,0,0,1,lt_0,lt_100,geq_1_lt_4
1,0,0,32,39,2597,4,1,2,2,0,1,0,0,1,0,1,0,1,1,0,1,geq_200,geq_100_lt_500,geq_1_lt_4
1,1,1,36,28,4737,4,2,1,2,0,1,0,0,0,0,0,0,1,1,0,0,lt_0,geq_100_lt_500,geq_1_lt_4
1,0,1,34,15,3491,2,2,2,2,0,1,0,0,0,0,0,0,0,0,0,1,geq_0_lt_200,lt_100,geq_1_lt_4
0,0,1,35,25,3775,2,2,1,1,1,1,0,0,0,0,0,0,1,0,0,1,lt_0,lt_100,geq_4
0,0,1,35,56,2817,4,4,2,2,0,1,0,0,0,0,0,0,1,1,0,1,lt_0,lt_100,geq_4
1,0,1,45,29,2661,4,4,2,1,0,1,0,0,0,0,0,0,1,1,0,1,geq_200,lt_100,geq_4
0,0,1,34,24,2800,4,4,2,2,1,1,1,1,0,0,0,0,0,1,0,1,lt_0,lt_100,geq_1_lt_4
1,0,0,30,17,5467,2,4,1,1,0,1,0,0,0,0,0,0,1,0,0,0,lt_0,geq_100_lt_500,geq_4
0,0,1,61,42,6216,4,4,4,2,1,1,0,0,0,0,0,0,1,0,0,0,geq_0_lt_200,lt_100,geq_1_lt_4
1,0,0,27,22,2221,4,4,1,2,0,0,0,0,1,0,0,0,0,0,0,1,lt_0,lt_100,geq_1_lt_4
0,0,1,34,21,3410,2,2,1,1,0,1,0,1,0,0,0,0,1,0,0,1,geq_0_lt_200,lt_100,lt_1
1,0,0,41,70,4683,4,4,1,1,0,1,0,1,0,0,0,0,1,0,0,0,geq_0_lt_200,lt_100,geq_1_lt_4
0,0,0,38,72,3473,1,4,1,1,0,1,0,0,0,0,0,0,1,1,0,1,lt_0,lt_100,lt_1
0,0,0,41,19,12306,1,4,1,2,0,1,0,0,0,0,0,0,1,0,0,1,geq_0_lt_200,geq_100_lt_500,geq_4
0,0,1,28,20,4323,1,3,1,1,0,0,0,1,0,0,0,0,0,0,1,1,lt_0,lt_100,geq_4
1,0,0,31,27,11790,4,2,1,2,0,0,0,1,0,0,0,0,1,0,0,1,lt_0,lt_100,geq_1_lt_4
1,0,0,36,5,1748,3,1,1,2,0,1,0,0,1,0,0,0,0,0,1,1,lt_0,geq_100_lt_500,geq_4
0,0,0,34,17,6733,4,4,2,1,0,1,0,0,0,0,0,0,1,0,0,0,lt_0,geq_100_lt_500,geq_1_lt_4
1,0,1,24,16,6815,2,2,1,2,0,0,0,0,0,0,0,0,1,0,0,1,geq_200,lt_100,geq_4
1,0,1,20,16,4250,3,4,1,1,0,1,0,1,1,0,0,0,1,0,0,1,lt_0,lt_100,geq_1_lt_4
0,1,1,55,23,1689,4,2,1,1,1,0,0,0,0,0,0,0,0,0,0,0,lt_0,lt_100,lt_1
1,0,0,34,4,7228,2,4,1,1,0,1,0,1,0,0,0,0,1,0,1,1,lt_0,lt_100,geq_4
0,0,1,56,27,3773,3,1,1,1,0,1,1,0,0,0,0,0,1,0,0,1,geq_0_lt_200,lt_100,lt_1
1,0,0,21,11,11628,2,4,2,2,0,1,0,1,0,0,0,0,1,0,0,1,lt_0,lt_100,geq_1_lt_4
1,1,0,29,24,2852,4,4,1,1,1,1,0,1,0,0,0,0,1,0,0,0,geq_0_lt_200,lt_100,geq_4
0,0,0,35,17,2012,4,4,2,1,0,1,0,0,0,0,0,0,0,0,0,1,geq_0_lt_200,geq_500,geq_1_lt_4
0,0,1,21,19,5796,2,2,2,2,0,0,0,0,0,0,0,0,1,0,0,0,geq_200,lt_100,geq_1_lt_4
1,0,1,36,16,1173,4,2,1,1,0,1,0,0,1,0,0,0,1,0,0,1,geq_0_lt_200,lt_100,lt_1
0,0,1,26,9,1041,4,1,1,1,0,1,0,0,0,0,0,0,1,0,0,1,geq_0_lt_200,lt_100,lt_1
1,0,0,35,29,22273,4,2,1,1,0,1,0,0,0,0,0,0,1,0,0,1,lt_0,lt_100,geq_4
0,0,0,29,24,11027,3,4,1,1,1,1,0,0,0,0,0,0,1,0,0,1,geq_0_lt_200,lt_100,geq_4
1,0,1,58,26,3674,4,4,1,1,0,1,0,1,0,0,0,0,1,1,0,1,lt_0,lt_100,lt_1
0,0,1,40,12,2519,1,4,1,2,0,1,0,0,1,0,0,1,1,1,0,1,geq_0_lt_200,lt_100,geq_4
1,0,1,40,15,2003,4,4,1,1,1,1,0,0,0,0,0,0,0,1,0,0,geq_0_lt_200,geq_100_lt_500,geq_1_lt_4
1,0,1,26,50,5993,4,2,1,1,1,0,1,0,0,0,0,0,1,0,0,1,lt_0,lt_100,geq_1_lt_4
1,0,0,32,9,1950,1,1,2,1,0,1,0,0,0,0,0,0,0,0,0,0,geq_0_lt_200,geq_500,geq_1_lt_4
1,0,0,22,35,11181,2,2,1,1,1,1,0,0,0,0,0,0,1,1,0,0,lt_0,lt_100,geq_1_lt_4
1,0,0,41,22,5171,4,4,1,1,0,1,0,0,0,0,0,1,0,0,0,1,geq_0_lt_200,lt_100,geq_1_lt_4
1,0,0,31,9,2997,4,4,1,2,1,0,0,0,1,0,0,0,1,0,0,1,geq_0_lt_200,lt_100,geq_1_lt_4
0,0,0,26,13,11121,3,4,1,1,0,0,0,1,1,0,0,0,1,0,0,1,geq_0_lt_200,lt_100,geq_1_lt_4
1,0,0,21,64,3137,4,4,1,2,0,1,0,0,0,0,0,0,0,0,0,1,lt_0,lt_100,geq_1_lt_4
1,0,0,38,22,14208,4,4,1,2,0,1,0,0,0,0,0,0,1,0,0,0,geq_0_lt_200,lt_100,geq_1_lt_4
0,0,0,47,66,2997,1,4,1,1,0,1,0,0,0,0,0,0,1,0,0,0,lt_0,geq_500,geq_1_lt_4
1,0,1,50,31,2939,2,1,2,1,0,0,0,0,0,0,0,1,1,0,0,1,lt_0,lt_100,geq_1_lt_4
0,0,1,21,42,2425,2,4,1,2,1,1,0,1,0,0,0,0,0,0,0,1,lt_0,lt_100,geq_1_lt_4
1,0,1,41,24,2174,1,4,2,1,1,1,0,1,0,0,0,1,0,0,0,0,geq_0_lt_200,lt_100,geq_1_lt_4
0,0,1,51,40,11012,3,4,1,1,1,1,0,1,0,0,1,0,1,0,0,1,geq_0_lt_200,lt_100,geq_1_lt_4
1,0,0,37,23,2312,1,2,1,2,1,1,0,0,0,0,0,0,1,0,0,0,lt_0,lt_100,geq_4
0,0,0,61,25,2401,4,4,1,1,0,1,0,0,0,0,0,0,1,1,0,1,lt_0,lt_100,geq_1_lt_4
1,0,0,32,25,4063,4,4,1,2,0,1,0,0,0,0,0,0,0,0,0,1,geq_0_lt_200,lt_100,geq_1_lt_4
0,0,1,26,20,2609,4,2,1,2,1,1,1,1,0,0,0,0,1,0,0,1,geq_200,lt_100,geq_1_lt_4
1,0,0,27,26,2990,3,4,1,1,0,1,0,0,0,0,0,0,1,0,0,0,geq_200,lt_100,geq_1_lt_4
0,0,1,72,55,5071,3,2,1,1,0,1,0,0,0,0,0,0,1,0,0,1,lt_0,lt_100,geq_1_lt_4
0,1,1,26,18,2304,3,4,1,1,1,1,0,0,0,0,0,0,0,0,0,1,geq_0_lt_200,lt_100,lt_1
1,1,0,37,33,1137,1,3,1,2,0,0,0,1,0,0,0,0,1,0,0,1,lt_0,lt_100,geq_1_lt_4
1,0,1,40,16,3947,4,3,1,1,1,1,0,0,0,0,0,0,1,0,0,1,geq_0_lt_200,lt_100,geq_4
1,0,1,38,40,4460,2,4,2,1,0,1,0,0,1,0,0,0,1,0,0,1,lt_0,lt_100,geq_4
1,0,1,35,49,5974,2,4,1,1,1,1,0,1,0,0,0,0,1,1,1,1,lt_0,lt_100,geq_4
1,0,0,79,9,2234,4,1,1,2,0,1,0,0,0,0,0,0,1,1,0,1,lt_0,geq_500,geq_4
1,0,1,30,29,6122,4,4,1,2,0,0,0,1,0,0,0,0,1,0,0,1,geq_200,geq_500,geq_1_lt_4
1,0,0,29,45,3806,4,3,1,2,0,1,0,0,0,0,0,0,1,0,0,1,lt_0,lt_100,geq_1_lt_4
1,0,0,32,11,11872,4,4,1,1,0,1,0,0,1,0,0,0,1,0,0,0,geq_0_lt_200,geq_100_lt_500,geq_4
0,0,0,37,13,3493,4,2,1,2,0,0,0,0,1,0,0,0,1,0,0,1,lt_0,geq_100_lt_500,geq_1_lt_4
1,0,1,32,48,4279,1,2,2,1,0,1,0,0,0,0,0,0,1,0,0,1,geq_0_lt_200,lt_100,geq_1_lt_4
1,0,0,38,37,5574,3,1,1,1,1,1,0,0,0,0,0,0,1,0,0,1,lt_0,lt_100,geq_4
0,0,1,22,57,1130,2,4,1,2,1,1,0,0,0,0,0,0,1,0,0,1,lt_0,geq_500,geq_4
1,0,1,50,7,3182,2,2,1,1,0,1,0,0,0,0,0,0,0,0,0,1,lt_0,lt_100,geq_1_lt_4
1,0,1,34,24,10319,1,3,1,2,0,1,0,1,0,0,0,0,0,1,0,1,geq_200,geq_100_lt_500,geq_4
1,0,1,44,25,3198,2,3,2,2,0,1,0,0,0,0,0,0,1,1,1,1,geq_0_lt_200,lt_100,geq_4
1,0,0,32,13,2528,1,2,2,2,0,1,0,1,1,0,0,0,1,0,0,1,lt_0,lt_100,geq_4
0,0,0,50,13,9884,2,4,1,1,0,1,0,0,0,0,1,0,1,0,0,1,geq_0_lt_200,geq_500,geq_1_lt_4
1,0,0,25,34,2395,1,2,1,1,1,1,1,0,0,0,0,0,1,0,0,1,lt_0,lt_100,geq_4
0,0,1,44,33,2898,3,3,1,2,0,1,0,0,0,0,0,0,1,0,0,1,lt_0,lt_100,geq_4
0,0,0,25,3,4891,4,2,1,1,0,0,0,0,0,0,0,0,1,0,0,1,geq_0_lt_200,geq_500,geq_4
0,0,0,47,70,10574,4,4,1,1,1,1,0,0,0,0,0,0,1,1,0,1,lt_0,lt_100,geq_4
0,0,1,55,13,6766,4,1,1,1,0,1,0,0,1,0,0,0,1,0,0,1,lt_0,lt_100,geq_4
0,0,0,45,22,2338,4,4,1,2,1,1,1,0,0,0,0,0,1,1,0,1,geq_0_lt_200,lt_100,geq_4
0,0,0,27,16,4920,4,4,1,2,0,0,0,0,0,0,0,0,1,0,0,1,geq_0_lt_200,lt_100,geq_1_lt_4
0,0,0,30,27,1022,4,4,1,1,0,1,0,1,1,0,0,0,1,0,0,0,geq_0_lt_200,lt_100,geq_4
1,0,0,30,42,3810,4,2,1,2,0,1,0,0,1,0,0,0,1,0,1,1,geq_0_lt_200,geq_100_lt_500,geq_4
1,0,1,33,32,4707,3,4,1,2,0,1,1,1,0,0,0,0,0,1,0,1,geq_200,lt_100,geq_1_lt_4
1,0,0,35,21,7666,4,3,1,2,1,1,0,1,0,0,0,0,1,0,0,1,lt_0,geq_100_lt_500,geq_4
1,0,0,59,21,4644,3,2,1,2,0,0,0,0,0,0,0,0,1,1,1,1,geq_0_lt_200,lt_100,geq_4
0,0,0,29,20,1711,1,4,1,1,0,1,0,0,0,0,1,0,0,0,0,1,geq_0_lt_200,geq_100_lt_500,geq_1_lt_4
0,0,0,63,24,2860,1,4,1,2,0,1,0,0,0,0,0,0,0,0,0,1,geq_0_lt_200,lt_100,lt_1
0,0,1,31,69,7591,4,4,1,2,0,1,1,0,0,0,0,1,1,0,0,1,lt_0,geq_500,geq_4
1,0,0,28,4,6146,4,4,1,1,1,0,0,1,0,0,0,0,1,1,0,1,geq_0_lt_200,lt_100,geq_4
1,0,1,29,13,2136,2,4,1,1,1,1,0,0,1,0,0,0,1,1,0,1,geq_0_lt_200,lt_100,geq_4
1,0,1,61,33,10697,4,4,1,2,1,1,0,0,0,0,0,0,1,0,0,1,lt_0,lt_100,geq_4
1,0,1,39,54,4003,4,4,1,1,1,1,0,1,1,0,0,0,1,0,0,0,lt_0,lt_100,geq_4
0,0,0,43,11,4728,2,4,2,2,0,1,0,0,0,0,0,0,1,0,0,1,geq_0_lt_200,lt_100,geq_4
0,0,1,26,40,3036,4,4,2,1,0,1,0,0,0,0,0,0,1,0,0,1,geq_200,geq_100_lt_500,geq_4
1,0,0,29,60,11178,4,1,1,2,0,1,0,0,0,0,0,0,1,0,0,1,geq_200,geq_100_lt_500,geq_1_lt_4
0,0,0,35,21,5380,2,4,1,1,1,1,0,0,0,0,0,0,1,1,0,1,geq_0_lt_200,lt_100,geq_4
1,0,1,24,18,4642,4,1,1,2,1,1,0,0,1,0,0,0,1,0,0,1,geq_0_lt_200,geq_500,geq_4
0,0,0,24,5,1704,4,2,1,2,0,1,0,0,0,0,0,0,0,0,0,1,lt_0,lt_100,geq_4
1,0,1,15,41,10667,2,2,1,1,1,1,0,1,0,0,0,0,1,1,0,1,geq_0_lt_200,lt_100,geq_4
1,0,1,52,21,7129,4,4,1,2,0,1,0,0,0,0,0,0,1,0,1,1,lt_0,geq_500,geq_4
1,0,1,36,40,3100,4,1,1,1,0,1,0,1,1,0,0,0,1,0,0,0,lt_0,lt_100,geq_1_lt_4
1,1,1,49,-1,2158,3,4,1,2,1,1,0,0,0,0,0,0,0,0,0,1,geq_0_lt_200,geq_100_lt_500,geq_1_lt_4
1,0,1,39,61,7040,3,4,1,1,0,1,0,0,0,0,0,0,1,0,0,1,lt_0,lt_100,geq_4
1,0,1,35,12,3810,4,4,1,1,1,1,0,0,0,0,0,0,1,0,0,0,geq_0_lt_200,lt_100,geq_4
1,0,0,35,14,2689,3,4,1,1,0,1,0,0,0,0,0,0,0,0,0,1,lt_0,lt_100,geq_1_lt_4
0,0,0,25,6,2156,4,2,1,2,0,1,0,0,0,0,0,0,1,0,0,0,geq_0_lt_200,lt_100,geq_4
0,0,0,25,58,563,3,4,1,2,1,1,1,0,1,0,0,0,1,1,0,1,geq_0_lt_200,lt_100,geq_4
1,0,1,29,7,8301,0,1,1,2,1,0,0,1,0,0,0,0,1,0,0,1,geq_0_lt_200,lt_100,geq_4
1,0,1,37,13,8545,4,1,1,2,0,1,0,1,0,0,0,0,1,0,0,0,lt_0,geq_100_lt_500,geq_1_lt_4
0,0,0,33,45,7575,4,4,1,2,1,1,0,0,0,0,0,0,1,0,0,1,geq_0_lt_200,geq_100_lt_500,geq_1_lt_4
1,0,1,79,12,2449,4,4,1,1,0,1,0,0,0,0,0,0,1,0,0,1,geq_0_lt_200,geq_500,geq_1_lt_4
1,0,0,42,47,21337,3,3,1,2,1,1,0,1,0,0,0,0,1,0,0,1,geq_200,lt_100,geq_1_lt_4
0,0,0,39,23,623,4,4,2,2,0,0,0,1,0,0,0,0,1,0,0,1,lt_0,lt_100,lt_1
0,0,0,24,9,5975,4,1,1,1,0,1,0,1,0,0,0,0,1,1,0,1,geq_0_lt_200,lt_100,lt_1
1,0,1,24,51,2830,4,3,2,1,0,1,0,0,0,0,0,0,1,0,0,1,geq_200,geq_500,lt_1
1,0,1,40,34,8386,2,4,1,2,0,1,0,0,0,0,0,0,1,0,0,1,lt_0,geq_100_lt_500,geq_4
1,0,1,44,21,3285,1,4,1,2,0,1,0,1,1,0,0,1,1,0,0,1,geq_0_lt_200,lt_100,geq_4
1,0,1,54,25,6583,4,2,1,1,1,1,0,0,0,0,0,0,1,1,0,1,geq_0_lt_200,geq_100_lt_500,geq_4
1,0,1,50,26,2852,2,3,1,1,0,1,0,0,1,0,0,0,1,1,0,1,lt_0,lt_100,geq_4
1,0,1,25,67,8495,3,4,1,1,0,1,0,0,0,0,0,1,1,0,0,1,lt_0,lt_100,geq_4
1,0,0,31,35,8227,3,4,1,2,0,1,0,1,1,0,0,0,1,0,0,1,geq_0_lt_200,lt_100,geq_4
1,0,1,28,34,3436,2,4,1,1,1,1,0,1,0,0,0,0,1,0,0,1,lt_0,lt_100,geq_1_lt_4
1,0,1,51,57,1132,4,4,1,2,1,1,0,0,1,0,0,0,1,0,0,1,geq_0_lt_200,geq_100_lt_500,geq_1_lt_4
1,0,0,37,10,3327,4,4,2,2,0,1,0,1,0,0,0,0,1,0,0,1,lt_0,lt_100,geq_1_lt_4
1,0,1,70,14,6441,4,2,2,2,1,1,0,0,1,0,0,0,1,0,0,1,lt_0,lt_100,geq_1_lt_4
1,0,1,35,26,1437,1,3,1,2,1,1,0,0,0,0,0,0,1,0,0,1,lt_0,geq_100_lt_500,geq_1_lt_4
1,1,1,25,29,5789,1,4,1,2,1,1,0,0,1,0,0,0,1,0,0,1,lt_0,lt_100,geq_4
0,0,1,69,8,19943,2,3,1,1,0,0,0,0,0,0,0,0,1,0,0,1,geq_0_lt_200,lt_100,geq_1_lt_4
1,0,0,27,30,2952,2,4,1,1,1,1,0,1,0,0,0,0,1,1,0,1,lt_0,lt_100,geq_1_lt_4
0,0,0,24,67,2175,4,4,1,1,0,1,0,0,0,0,0,0,1,0,0,1,lt_0,geq_500,geq_1_lt_4
0,0,1,21,54,2065,2,3,1,2,0,1,0,0,0,0,0,0,1,0,0,1,lt_0,lt_100,geq_1_lt_4
1,0,1,33,51,2382,2,3,1,2,1,1,0,0,1,0,0,0,1,0,0,1,geq_0_lt_200,lt_100,geq_4
1,0,1,39,10,5436,1,4,1,1,1,1,0,1,0,0,0,0,0,1,0,0,geq_200,lt_100,geq_4
1,0,1,21,26,1735,4,4,1,2,0,1,1,1,0,0,0,0,1,0,0,1,geq_0_lt_200,lt_100,geq_1_lt_4
1,0,0,36,19,4762,4,4,1,2,0,1,0,1,0,0,0,0,1,1,0,1,geq_200,lt_100,geq_1_lt_4
1,0,1,52,18,2869,2,4,1,1,0,1,0,0,0,0,0,0,1,0,0,1,lt_0,lt_100,geq_4
1,0,1,40,65,4924,2,2,1,2,0,1,0,1,0,0,0,0,0,0,0,1,lt_0,geq_500,geq_1_lt_4
1,0,1,22,35,4981,1,4,2,1,1,1,0,0,0,0,0,0,1,0,0,1,geq_0_lt_200,geq_500,geq_1_lt_4
1,0,0,24,23,7750,1,4,1,2,0,1,0,0,0,0,0,0,1,0,0,1,geq_0_lt_200,lt_100,geq_1_lt_4
1,0,1,24,10,12320,2,1,1,2,1,1,0,0,0,0,0,0,0,0,0,0,lt_0,lt_100,geq_1_lt_4
0,0,0,48,7,2732,2,1,1,2,0,1,0,1,0,0,0,1,1,0,0,0,lt_0,lt_100,lt_1
0,0,1,30,16,6040,2,2,1,1,0,1,0,0,0,0,0,0,0,0,0,1,geq_0_lt_200,lt_100,geq_1_lt_4
0,0,1,27,14,2663,3,2,1,2,0,1,0,1,0,0,0,1,0,0,0,1,lt_0,lt_100,geq_4
1,0,0,42,13,2620,2,2,1,1,0,1,0,1,0,0,0,0,1,0,0,1,lt_0,geq_500,geq_4
0,0,1,43,25,762,4,4,1,2,1,1,0,1,0,0,0,0,1,0,0,1,lt_0,lt_100,geq_4
0,0,0,48,18,9464,4,4,1,1,0,1,0,0,0,0,0,0,1,0,0,1,geq_0_lt_200,lt_100,geq_4
1,0,1,40,7,575,1,4,1,1,1,1,0,1,0,0,0,0,1,0,0,1,geq_0_lt_200,lt_100,lt_1
0,0,1,32,22,4859,3,4,1,1,1,1,0,0,0,0,0,0,1,0,0,1,lt_0,lt_100,geq_4
0,0,0,27,57,6289,1,4,1,2,0,1,0,0,0,0,0,0,0,0,0,1,lt_0,lt_100,geq_1_lt_4
0,0,1,22,20,5652,1,4,1,2,0,1,1,1,0,0,0,0,0,0,1,1,lt_0,lt_100,geq_1_lt_4
1,0,1,29,21,6184,2,4,1,1,0,1,0,0,0,0,0,0,1,0,0,0,lt_0,lt_100,geq_1_lt_4
1,0,1,34,26,2748,4,4,1,1,0,0,0,1,0,0,0,0,0,0,0,1,geq_0_lt_200,lt_100,geq_4
1,0,1,30,32,2822,4,3,1,1,0,1,0,0,0,0,0,0,1,0,0,1,geq_0_lt_200,lt_100,geq_4
1,0,1,22,12,2694,3,2,1,1,1,1,0,0,0,0,0,0,1,0,1,1,lt_0,lt_100,geq_1_lt_4
1,0,0,17,42,1691,4,4,1,2,0,1,0,0,0,0,0,0,1,0,0,1,geq_0_lt_200,lt_100,lt_1
1,0,1,43,27,1738,3,1,1,1,0,0,0,0,0,0,0,0,1,0,0,1,lt_0,lt_100,lt_1
0,0,0,29,27,10973,4,2,1,1,0,1,0,1,0,0,0,0,1,0,0,1,lt_0,geq_100_lt_500,geq_1_lt_4
1,0,1,31,12,5887,3,3,1,2,0,1,0,0,0,0,0,0,0,0,0,1,geq_0_lt_200,lt_100,geq_1_lt_4
1,0,0,25,35,2194,4,2,1,2,1,1,0,1,0,0,0,0,1,0,0,1,geq_0_lt_200,lt_100,geq_1_lt_4
0,0,1,39,42,11885,1,4,1,2,0,1,0,0,0,0,0,0,0,0,0,1,geq_0_lt_200,lt_100,geq_4
1,0,1,29,8,11545,3,1,1,1,0,1,0,1,0,0,0,0,1,0,1,0,geq_0_lt_200,lt_100,geq_1_lt_4
1,0,1,23,42,2323,4,4,1,1,1,1,0,1,0,0,0,0,1,0,0,0,lt_0,geq_100_lt_500,lt_1
1,0,0,37,68,4818,4,4,1,2,1,1,1,0,0,0,0,0,0,1,0,1,lt_0,lt_100,geq_4
0,0,1,31,18,2169,4,4,1,2,0,1,0,1,0,0,0,0,1,0,0,1,lt_0,lt_100,geq_1_lt_4
1,1,0,37,54,4413,2,4,1,1,1,0,1,0,0,0,1,0,1,1,0,1,lt_0,lt_100,geq_4
1,0,1,32,40,1876,4,3,1,2,0,1,0,1,0,0,0,0,1,0,1,1,lt_0,lt_100,geq_4
0,0,1,22,10,2510,3,2,1,2,1,1,0,0,1,0,0,0,0,1,0,1,lt_0,lt_100,lt_1
1,0,0,22,37,3141,4,4,1,2,0,1,0,0,0,0,0,0,1,0,0,1,geq_0_lt_200,geq_500,lt_1
0,0,0,47,19,2904,4,2,1,1,1,1,0,1,0,0,0,0,0,0,0,1,lt_0,geq_500,geq_4
1,0,0,31,35,3351,3,2,1,2,0,1,0,0,1,0,0,0,1,0,0,1,geq_0_lt_200,lt_100,geq_4
1,0,1,37,16,6335,2,1,1,1,1,1,0,0,0,0,0,0,1,0,0,1,lt_0,lt_100,geq_4
1,0,0,80,58,3185,4,2,1,1,1,1,0,0,1,0,0,0,0,0,0,1,lt_0,geq_100_lt_500,geq_4
0,0,1,29,25,6406,4,2,2,1,0,1,0,1,0,0,0,0,1,0,0,1,geq_0_lt_200,lt_100,geq_1_lt_4
0,0,0,75,30,1652,4,3,1,2,1,1,0,0,0,0,0,0,1,0,0,1,geq_0_lt_200,geq_100_lt_500,geq_1_lt_4
1,0,0,26,10,5052,4,3,2,2,1,1,0,1,0,0,0,0,1,1,0,1,lt_0,lt_100,geq_4
1,0,1,62,44,1781,3,4,2,1,1,1,0,1,1,0,0,0,1,0,0,1,lt_0,geq_500,geq_4
1,0,1,30,18,5964,4,4,2,1,0,1,0,0,1,0,0,0,1,1,0,1,geq_0_lt_200,lt_100,geq_1_lt_4
0,0,1,59,14,2242,4,4,1,2,1,1,0,0,0,0,0,0,0,1,0,1,geq_0_lt_200,lt_100,geq_1_lt_4
0,0,0,32,21,2446,4,4,2,2,0,1,0,1,0,0,0,0,1,0,0,1,geq_200,lt_100,geq_4
1,0,1,51,23,3288,2,2,1,1,0,0,0,0,0,0,1,0,1,1,0,1,lt_0,geq_100_lt_500,lt_1
1,0,0,18,28,2990,4,4,1,2,0,0,0,1,0,0,0,0,1,0,0,1,geq_0_lt_200,geq_100_lt_500,lt_1
1,0,1,41,12,7799,4,4,1,1,0,0,0,0,0,0,0,0,1,0,0,1,lt_0,lt_100,geq_4
1,0,1,42,5,2069,4,2,1,1,1,1,0,0,0,0,0,0,1,0,0,1,geq_0_lt_200,geq_500,geq_4
0,0,0,60,26,2132,4,4,2,1,1,1,0,0,0,0,0,0,1,0,0,1,lt_0,lt_100,geq_4
1,0,1,28,40,2703,2,1,2,2,1,1,0,1,0,0,0,0,0,0,1,1,lt_0,lt_100,geq_1_lt_4
1,0,1,26,41,5022,3,4,1,1,0,1,0,1,1,0,0,0,1,0,0,1,lt_0,lt_100,geq_4
1,0,1,55,28,3037,4,1,1,1,0,1,0,1,0,0,0,0,1,0,0,0,lt_0,geq_500,geq_4
1,0,0,37,41,4700,3,4,1,2,0,1,0,0,0,0,0,0,1,0,0,1,lt_0,geq_100_lt_500,geq_1_lt_4
0,0,1,40,34,8559,4,4,1,2,0,1,0,0,0,0,0,0,1,0,1,1,geq_0_lt_200,lt_100,geq_4
0,0,1,47,23,2310,4,4,2,1,0,1,0,0,0,0,0,0,1,0,0,1,geq_200,geq_100_lt_500,geq_1_lt_4
1,0,1,28,21,2487,4,4,1,2,0,1,0,0,0,0,0,0,0,0,0,1,lt_0,geq_100_lt_500,geq_1_lt_4
1,0,1,47,11,4884,4,1,1,1,1,1,0,0,0,0,0,0,1,0,0,1,lt_0,lt_100,geq_4
1,0,0,34,30,10380,4,4,1,2,1,1,0,0,0,0,0,0,1,0,0,1,lt_0,lt_100,geq_4
1,0,1,29,23,11757,4,2,1,2,0,1,0,0,0,0,0,0,0,0,0,0,geq_0_lt_200,lt_100,geq_4
1,0,0,29,51,2601,1,2,1,1,1,1,0,0,0,0,0,0,1,0,0,1,lt_0,lt_100,geq_4
0,0,1,47,13,3610,3,4,1,2,1,0,1,1,0,0,0,0,1,1,0,1,geq_0_lt_200,lt_100,geq_4
1,0,0,43,51,2919,2,4,2,2,0,1,0,0,0,0,0,0,0,0,0,1,lt_0,lt_100,geq_4
1,0,0,21,56,2901,2,4,2,2,1,1,0,1,0,0,0,0,1,0,0,1,lt_0,lt_100,geq_4
1,0,0,31,24,6798,4,2,1,2,1,1,0,0,0,0,0,0,1,0,0,1,geq_200,lt_100,geq_1_lt_4
1,0,1,73,4,8874,4,4,1,1,0,1,0,1,0,0,0,1,1,1,0,1,lt_0,lt_100,geq_4
1,0,1,22,43,3150,0,4,1,1,0,1,0,0,0,0,0,0,0,0,0,0,lt_0,lt_100,geq_1_lt_4
1,0,0,75,4,2565,4,4,2,2,0,1,0,0,0,0,0,0,1,1,0,1,lt_0,lt_100,geq_4
1,0,1,24,27,12114,2,4,1,2,0,0,0,0,1,0,0,0,0,0,0,1,lt_0,lt_100,geq_1_lt_4
1,0,1,31,16,12347,4,2,1,2,0,1,1,0,0,0,0,0,1,0,0,1,geq_0_lt_200,geq_100_lt_500,geq_1_lt_4
1,0,1,55,61,1851,4,4,1,1,1,1,0,0,0,0,0,0,0,1,0,1,geq_0_lt_200,lt_100,geq_4
1,0,0,41,43,2421,4,2,2,1,0,1,0,0,0,0,0,0,0,0,0,1,lt_0,geq_100_lt_500,geq_4
1,0,0,21,17,6670,3,2,2,2,1,1,0,0,0,0,0,0,1,0,0,1,geq_0_lt_200,lt_100,geq_1_lt_4
1,0,1,32,18,11036,3,2,1,2,0,1,0,0,1,0,0,0,1,0,0,1,lt_0,lt_100,geq_1_lt_4
1,0,1,39,43,7640,4,2,1,2,1,1,0,1,0,0,0,0,1,0,0,1,geq_0_lt_200,geq_100_lt_500,geq_1_lt_4
1,0,1,30,33,4394,2,2,1,1,0,1,0,0,0,0,0,0,1,0,0,1,lt_0,lt_100,geq_4
1,0,0,59,34,10531,4,1,1,1,0,1,1,1,0,0,0,0,1,0,0,0,geq_0_lt_200,lt_100,geq_1_lt_4
1,0,0,33,8,3983,3,2,2,2,0,1,0,0,0,0,0,0,1,0,1,1,lt_0,geq_100_lt_500,geq_4
1,0,0,59,8,2280,4,4,1,1,0,0,0,1,0,0,0,0,1,0,0,1,geq_0_lt_200,geq_100_lt_500,geq_1_lt_4
1,0,0,42,11,9513,3,4,1,2,0,1,0,1,0,0,1,0,0,1,0,1,lt_0,lt_100,geq_1_lt_4
1,0,1,74,13,2464,2,4,1,2,0,1,1,0,1,0,0,0,1,0,0,1,lt_0,lt_100,geq_1_lt_4
1,0,0,33,65,3536,2,3,1,2,1,1,0,1,0,0,0,0,0,0,0,1,lt_0,lt_100,geq_4
1,0,0,53,58,6536,3,2,1,2,0,1,0,0,0,0,0,0,1,0,0,1,geq_0_lt_200,lt_100,geq_4
1,0,0,22,16,2278,2,4,1,2,0,1,0,0,1,0,0,0,1,0,0,1,geq_200,lt_100,geq_4
0,0,1,53,3,3777,3,4,1,2,0,1,0,1,1,0,0,0,1,1,0,1,geq_0_lt_200,lt_100,geq_4
1,0,0,34,68,2667,4,4,2,1,1,1,0,1,0,0,0,0,1,0,0,1,geq_0_lt_200,lt_100,geq_4
1,0,0,56,4,2018,4,2,1,2,0,1,0,0,1,0,0,0,1,0,0,1,lt_0,geq_500,geq_1_lt_4
0,0,1,28,25,2255,1,4,2,2,0,1,0,0,0,0,0,0,1,0,0,1,lt_0,geq_500,geq_1_lt_4
1,0,1,66,49,1900,3,4,1,2,1,1,0,0,0,0,0,0,1,0,0,1,geq_0_lt_200,geq_500,geq_1_lt_4
1,0,0,46,40,7796,2,4,1,2,0,1,0,1,0,0,0,0,1,0,0,1,lt_0,lt_100,geq_4
0,0,0,25,16,4600,4,4,1,2,0,1,0,0,1,0,0,0,0,0,0,0,geq_0_lt_200,lt_100,geq_1_lt_4
0,0,0,33,22,4581,4,1,2,2,0,1,0,1,0,0,0,0,1,0,0,1,geq_200,geq_100_lt_500,geq_4
0,0,1,32,24,4207,4,2,1,2,0,0,1,1,0,0,0,1,1,0,0,1,geq_0_lt_200,lt_100,lt_1
1,0,0,31,19,2528,4,4,1,1,0,1,0,1,0,0,0,0,0,1,0,1,geq_200,geq_500,geq_4
0,0,0,32,34,10239,1,4,1,1,1,1,0,1,1,0,0,0,1,1,0,1,geq_0_lt_200,geq_500,geq_1_lt_4
1,0,0,58,75,10718,4,4,1,2,1,1,0,0,0,0,0,0,1,0,0,1,lt_0,lt_100,geq_4
1,0,0,49,57,2296,4,4,1,1,0,1,0,1,1,0,0,0,0,0,0,1,geq_0_lt_200,geq_500,geq_4
0,0,0,56,29,2265,4,4,1,2,0,1,1,0,1,0,0,0,1,0,0,0,lt_0,lt_100,geq_4
1,0,0,33,7,6164,1,4,1,2,0,1,0,1,0,0,0,0,1,0,0,1,lt_0,geq_100_lt_500,geq_1_lt_4
1,0,0,32,6,2642,2,4,1,2,0,1,0,1,0,0,0,0,1,1,0,1,lt_0,geq_500,geq_4
0,0,1,32,31,3015,4,3,1,1,0,1,0,0,0,0,0,0,0,0,0,1,geq_0_lt_200,lt_100,geq_1_lt_4
1,0,1,30,65,4200,4,2,2,1,0,1,0,0,0,0,0,0,1,1,0,1,geq_0_lt_200,lt_100,geq_1_lt_4
0,0,1,38,2,10876,1,4,2,1,1,1,0,1,0,0,0,0,0,0,0,1,lt_0,lt_100,geq_1_lt_4
1,0,1,39,16,2270,4,4,1,2,0,0,0,0,0,0,0,0,1,0,0,1,lt_0,lt_100,geq_4
1,0,0,32,35,16460,2,2,1,2,1,0,0,0,1,0,0,0,1,0,0,1,lt_0,geq_100_lt_500,lt_1
0,0,1,44,16,958,3,3,1,1,0,0,0,0,0,0,0,0,0,0,0,1,geq_0_lt_200,geq_100_lt_500,geq_4
0,0,0,30,25,1778,2,4,1,2,0,1,0,1,0,0,0,0,1,0,0,1,lt_0,lt_100,geq_1_lt_4
0,0,1,38,37,6579,2,4,1,2,1,1,0,0,0,0,1,0,1,0,0,1,geq_0_lt_200,lt_100,geq_1_lt_4
0,0,1,64,23,3292,4,1,1,2,1,0,0,0,0,0,0,0,1,0,0,1,lt_0,geq_500,geq_1_lt_4
1,0,1,29,22,2602,4,4,1,2,0,1,0,0,0,0,0,0,1,0,0,1,geq_0_lt_200,lt_100,geq_4
1,0,0,41,40,2149,1,4,2,2,1,1,0,0,1,0,0,0,1,0,0,0,geq_0_lt_200,lt_100,geq_4
1,0,0,22,68,7110,2,4,1,2,1,1,0,0,0,0,0,0,1,0,0,1,lt_0,lt_100,geq_4
0,0,0,61,26,4134,1,2,1,2,0,1,0,0,0,0,0,0,1,0,0,1,lt_0,lt_100,geq_4
1,0,1,26,5,7892,4,4,1,2,0,1,0,0,1,0,0,0,1,0,0,1,lt_0,lt_100,geq_1_lt_4
1,0,0,28,17,2295,4,4,1,2,0,0,0,1,1,0,0,0,1,1,0,1,lt_0,geq_100_lt_500,geq_1_lt_4
1,0,1,81,8,14866,1,4,1,2,1,1,0,0,0,0,0,0,1,0,0,1,geq_0_lt_200,lt_100,geq_1_lt_4
1,0,1,46,14,3057,2,1,1,2,0,1,0,1,0,0,0,0,0,1,0,0,geq_0_lt_200,lt_100,geq_1_lt_4
1,0,0,30,3,5596,4,4,1,2,1,1,0,0,0,0,0,0,1,0,0,1,lt_0,lt_100,geq_1_lt_4
1,0,1,20,14,1609,4,4,1,1,0,1,1,0,0,0,0,0,0,0,0,1,lt_0,lt_100,geq_1_lt_4
1,0,0,31,35,10507,3,3,1,2,0,1,0,0,0,0,0,0,1,0,0,1,lt_0,lt_100,geq_4
0,0,1,60,12,5993,4,2,1,2,1,1,0,0,0,0,0,0,1,0,0,1,lt_0,geq_100_lt_500,geq_4
1,0,0,57,71,6313,4,4,1,1,1,1,0,0,0,0,0,0,1,0,0,1,lt_0,lt_100,geq_1_lt_4
1,1,1,26,20,3384,2,4,2,1,1,1,0,1,0,0,0,0,1,0,0,1,geq_0_lt_200,lt_100,geq_4
0,0,1,77,56,10555,3,4,1,1,0,1,0,0,0,0,0,0,1,0,0,1,lt_0,lt_100,geq_1_lt_4
1,0,1,79,49,2897,2,4,2,2,1,1,0,1,1,0,0,0,1,0,0,1,geq_0_lt_200,lt_100,geq_1_lt_4
1,0,1,28,34,14889,4,4,2,2,0,1,0,0,0,0,0,0,1,1,0,1,lt_0,geq_100_lt_500,geq_4
0,0,0,40,20,7618,4,4,1,1,1,1,0,0,0,0,0,0,1,0,0,1,geq_0_lt_200,lt_100,geq_4
1,0,1,31,33,2121,4,4,1,2,0,1,0,0,0,0,0,0,1,0,0,1,geq_0_lt_200,geq_100_lt_500,geq_1_lt_4
0,0,1,34,37,10911,2,3,1,2,0,1,0,0,0,0,0,0,1,0,0,1,geq_0_lt_200,lt_100,geq_4
1,1,0,67,18,3135,4,4,2,1,0,1,0,0,0,0,0,0,0,0,0,1,geq_0_lt_200,lt_100,geq_1_lt_4
0,0,1,56,9,4653,4,3,1,2,0,1,0,0,0,0,0,0,1,0,0,0,geq_0_lt_200,geq_100_lt_500,geq_4
0,0,0,29,17,3943,2,4,1,1,0,1,0,0,0,0,0,0,1,1,0,1,lt_0,lt_100,geq_4
1,0,0,72,19,3072,1,2,1,2,1,1,0,0,0,0,0,0,0,0,0,1,geq_200,lt_100,geq_4
1,0,1,20,14,3227,2,2,1,1,0,1,0,0,0,0,0,0,1,0,0,1,lt_0,lt_100,geq_1_lt_4
1,0,1,32,-2,8388,3,4,1,1,0,1,0,0,1,0,0,0,1,1,0,0,lt_0,lt_100,lt_1
1,0,1,31,11,20516,4,4,1,1,0,1,0,1,0,0,0,0,1,0,0,1,geq_0_lt_200,geq_100_lt_500,geq_1_lt_4
1,0,0,45,22,10896,4,4,1,1,0,1,0,0,1,0,0,0,1,0,0,1,geq_0_lt_200,lt_100,geq_1_lt_4
0,0,1,48,18,757,4,4,1,1,1,1,0,0,0,0,0,0,1,1,0,1,geq_0_lt_200,lt_100,geq_4
1,0,1,28,55,5500,3,4,1,1,1,1,0,0,0,0,0,0,0,0,1,1,geq_0_lt_200,lt_100,geq_1_lt_4
1,0,1,25,7,6433,4,4,1,2,0,1,0,1,0,0,0,0,1,0,0,1,lt_0,lt_100,geq_1_lt_4
1,0,1,62,26,4918,3,4,1,2,1,1,0,1,0,0,0,0,1,0,0,1,geq_0_lt_200,geq_500,geq_1_lt_4
1,0,1,41,39,4062,4,3,1,2,0,1,0,1,0,0,0,0,0,0,0,1,lt_0,lt_100,geq_4
1,0,0,23,2,9317,4,4,1,1,1,1,0,0,0,0,0,0,1,0,0,1,lt_0,lt_100,geq_4
1,0,1,43,27,902,2,4,1,1,0,1,0,0,0,0,0,0,1,0,0,0,lt_0,geq_500,geq_4
0,0,0,26,16,6179,4,1,1,1,0,1,0,0,1,0,0,0,1,1,0,1,geq_0_lt_200,lt_100,lt_1
0,0,1,25,33,4834,3,4,2,1,0,1,0,0,0,0,0,0,1,0,1,1,geq_0_lt_200,lt_100,geq_1_lt_4
1,0,1,24,12,3534,3,4,2,1,0,1,0,1,0,0,0,0,1,1,0,1,geq_0_lt_200,lt_100,geq_4
0,0,1,39,23,6145,4,4,1,2,1,1,0,1,1,0,0,0,1,0,0,1,lt_0,lt_100,geq_1_lt_4
1,0,1,44,7,8673,3,3,1,1,0,1,0,0,0,0,0,0,1,0,0,1,geq_0_lt_200,geq_100_lt_500,lt_1
1,0,0,46,4,2363,4,3,2,2,0,1,0,0,0,0,0,0,1,0,0,1,geq_0_lt_200,geq_100_lt_500,geq_1_lt_4
1,0,0,25,24,1809,1,2,1,1,0,1,0,0,0,0,0,0,1,0,0,1,geq_0_lt_200,lt_100,geq_4
1,0,0,49,42,4888,3,4,1,1,0,1,0,0,0,0,0,0,1,0,0,0,geq_200,geq_500,geq_1_lt_4
0,0,0,36,26,3202,4,4,1,2,0,1,0,1,0,0,0,0,1,1,0,0,lt_0,geq_100_lt_500,geq_4
1,0,1,41,32,9919,1,2,1,2,0,1,1,1,0,0,0,0,0,0,0,1,geq_0_lt_200,geq_100_lt_500,geq_1_lt_4
0,0,0,21,17,3438,4,1,1,2,0,1,1,1,0,0,0,0,1,0,0,1,geq_0_lt_200,geq_500,geq_1_lt_4
1,0,1,30,12,5437,4,2,1,2,0,1,0,0,0,0,1,0,0,1,0,1,geq_0_lt_200,geq_100_lt_500,geq_1_lt_4
1,0,0,56,27,2206,1,2,1,2,0,1,1,0,0,0,0,0,0,0,0,1,geq_0_lt_200,lt_100,geq_1_lt_4
0,0,1,23,6,9954,2,4,1,2,0,1,0,0,0,0,0,0,1,1,0,1,lt_0,geq_500,geq_1_lt_4
0,0,1,49,8,1363,4,4,1,1,0,1,0,0,0,0,0,0,1,0,0,1,geq_0_lt_200,lt_100,geq_4
1,0,0,37,44,8233,4,4,1,2,0,1,0,0,1,0,0,0,1,0,0,1,lt_0,lt_100,geq_4
1,0,1,37,62,8987,4,3,1,2,1,1,0,1,0,0,0,0,1,0,0,0,lt_0,lt_100,geq_1_lt_4
1,0,0,58,53,2482,1,4,1,1,1,1,0,1,0,0,0,0,1,0,0,1,geq_200,lt_100,geq_1_lt_4
1,0,0,32,42,4587,2,4,1,2,0,1,0,0,0,0,0,0,1,0,0,1,geq_0_lt_200,geq_100_lt_500,geq_1_lt_4
1,0,1,22,43,4011,4,1,1,1,1,1,0,0,0,0,0,0,1,0,0,1,lt_0,lt_100,geq_1_lt_4
0,0,0,23,21,3134,4,2,2,1,1,0,0,1,1,0,0,0,1,0,1,1,lt_0,lt_100,geq_4
0,0,0,19,47,3922,2,4,1,1,0,1,0,0,1,0,0,0,1,0,0,1,lt_0,lt_100,geq_4
1,0,1,32,9,2697,3,4,4,2,0,1,0,0,1,0,0,0,1,0,0,1,lt_0,lt_100,lt_1
1,0,0,34,37,1427,2,4,1,1,0,1,0,1,0,0,0,0,1,0,0,1,lt_0,geq_100_lt_500,geq_1_lt_4
1,0,0,34,38,8369,1,4,1,1,0,1,0,0,0,0,0,0,1,0,0,1,lt_0,lt_100,geq_1_lt_4
0,0,0,27,78,10489,1,3,1,2,0,0,1,1,0,0,0,0,1,0,0,1,lt_0,lt_100,geq_4
1,0,1,21,47,1878,2,2,1,1,0,1,1,0,1,0,0,0,0,0,0,1,lt_0,lt_100,geq_1_lt_4
1,0,1,43,17,5979,3,4,1,2,0,1,0,0,0,0,0,0,1,0,0,1,lt_0,lt_100,geq_4
0,0,1,30,14,5325,4,4,1,1,1,1,0,1,0,0,0,0,1,0,0,0,lt_0,lt_100,geq_4
1,0,0,48,57,5420,4,3,1,1,1,1,0,0,0,0,0,0,1,0,0,1,geq_0_lt_200,lt_100,geq_1_lt_4
0,0,1,27,25,927,4,4,1,1,1,1,0,0,0,0,0,0,1,0,0,1,lt_0,lt_100,geq_1_lt_4
1,0,0,20,50,4088,4,1,1,2,0,1,0,0,1,0,0,0,1,0,0,1,lt_0,geq_100_lt_500,geq_4
1,0,0,42,61,11365,3,4,1,2,1,1,0,1,0,0,1,0,0,0,0,1,geq_0_lt_200,geq_500,geq_1_lt_4
0,0,1,36,51,11336,4,4,1,1,0,1,0,1,0,0,0,0,1,0,0,1,geq_0_lt_200,lt_100,geq_4
0,0,1,24,13,2153,4,2,1,2,1,1,0,0,0,0,0,0,0,0,0,1,lt_0,lt_100,geq_4
1,0,1,29,29,5253,4,2,1,1,0,1,0,0,0,0,0,0,1,0,0,0,lt_0,lt_100,geq_4
1,0,0,28,46,2168,1,4,1,2,0,1,0,0,0,0,0,0,1,0,0,1,geq_0_lt_200,lt_100,geq_1_lt_4
1,0,0,29,18,4688,2,4,1,2,1,1,0,0,0,0,0,0,1,1,0,1,lt_0,lt_100,geq_4
0,0,1,41,3,3999,2,4,1,1,0,1,0,0,0,0,0,0,1,0,0,1,lt_0,lt_100,geq_4
0,0,1,36,40,4954,1,1,1,1,1,1,0,0,0,0,0,0,1,0,0,0,geq_0_lt_200,lt_100,geq_1_lt_4
1,0,0,35,33,5536,4,4,1,2,0,1,0,0,0,0,0,0,1,0,0,1,lt_0,geq_100_lt_500,geq_4
0,0,1,58,21,5808,4,1,1,1,1,1,0,0,0,0,0,0,1,0,0,1,lt_0,lt_100,lt_1
1,0,0,28,29,2376,4,1,1,2,0,1,1,0,0,0,0,0,1,1,0,0,lt_0,lt_100,geq_4
1,0,0,37,47,3263,3,1,2,2,1,0,0,0,0,0,0,0,1,0,0,1,lt_0,lt_100,lt_1
1,0,0,31,46,2106,4,2,1,1,0,1,0,1,0,0,0,0,0,1,0,1,geq_0_lt_200,lt_100,geq_1_lt_4
0,0,1,39,33,5309,4,4,1,2,0,1,0,0,0,0,0,0,1,1,0,1,lt_0,lt_100,geq_4
0,0,0,47,3,2895,3,4,1,1,0,1,0,0,0,0,0,0,1,0,0,1,lt_0,lt_100,geq_4
1,0,1,51,22,2019,4,3,1,1,0,1,1,0,0,0,0,0,0,0,0,1,lt_0,lt_100,geq_4
1,0,0,28,23,2701,2,4,1,2,0,1,0,1,0,0,0,0,1,0,0,1,geq_0_lt_200,lt_100,geq_4
0,0,1,40,6,10097,4,1,1,1,0,1,0,1,0,0,0,0,1,0,0,1,lt_0,lt_100,geq_4
1,0,1,35,31,7806,3,2,1,2,1,1,1,0,0,0,0,0,1,0,0,0,lt_0,geq_100_lt_500,geq_1_lt_4
1,0,1,40,12,8617,4,4,1,1,0,0,0,1,1,0,1,0,1,1,0,1,lt_0,lt_100,geq_1_lt_4
0,0,0,38,23,19953,1,2,1,2,1,1,0,0,0,0,0,0,1,0,0,0,geq_0_lt_200,lt_100,geq_4
1,0,1,18,15,11019,2,4,1,2,0,1,0,0,0,0,0,0,1,0,0,1,lt_0,lt_100,geq_1_lt_4
1,0,1,42,21,7048,4,4,2,2,0,1,0,0,0,0,0,0,1,1,0,1,geq_200,lt_100,geq_1_lt_4
0,0,0,56,20,3172,3,2,1,1,1,1,0,0,1,0,0,0,1,0,0,1,geq_0_lt_200,lt_100,geq_4
0,0,0,28,50,12432,4,2,1,1,0,1,0,0,0,0,0,0,1,0,0,0,lt_0,lt_100,geq_1_lt_4
1,0,1,61,13,11614,4,4,2,2,1,1,0,0,0,0,0,0,1,0,0,0,geq_0_lt_200,lt_100,geq_4
1,0,0,24,35,3627,4,3,1,1,1,1,1,0,1,0,0,0,1,0,0,1,lt_0,geq_100_lt_500,geq_1_lt_4
1,0,0,27,50,3098,2,4,1,2,0,1,1,1,0,0,0,1,1,0,0,1,geq_0_lt_200,lt_100,geq_4
0,0,1,26,21,2885,4,4,2,1,0,1,0,0,0,0,0,0,0,0,0,1,lt_0,lt_100,geq_4
0,0,0,35,44,6844,3,2,1,1,0,1,0,0,0,0,0,0,0,0,0,1,lt_0,lt_100,geq_1_lt_4
0,0,0,47,4,5049,4,2,1,2,0,1,0,1,0,0,0,0,1,0,0,1,geq_0_lt_200,lt_100,geq_4
1,0,0,36,35,19377,4,4,1,1,1,1,0,0,1,0,0,0,1,0,0,0,lt_0,lt_100,geq_1_lt_4
1,0,0,37,5,4078,4,4,2,1,0,1,1,0,1,0,0,0,1,0,0,1,lt_0,lt_100,geq_4
1,1,1,23,57,6118,4,2,1,2,0,1,0,0,0,0,0,0,0,0,0,1,geq_0_lt_200,lt_100,geq_1_lt_4
1,0,0,52,31,5547,4,2,1,1,1,1,0,0,0,0,0,0,1,0,0,1,lt_0,lt_100,geq_4
0,0,1,31,23,4094,3,2,1,1,0,1,0,0,0,0,0,0,1,0,0,1,geq_0_lt_200,geq_100_lt_500,geq_1_lt_4
1,0,0,28,27,5154,4,4,1,1,0,1,0,0,0,0,0,0,1,0,0,1,geq_0_lt_200,geq_100_lt_500,lt_1
0,0,0,29,36,4088,4,4,1,1,0,1,0,0,0,0,0,0,1,0,0,0,lt_0,lt_100,geq_1_lt_4
1,0,1,43,52,4356,2,4,1,2,0,1,0,0,0,0,0,0,1,0,0,1,lt_0,lt_100,geq_1_lt_4
0,0,0,34,43,11779,2,4,1,2,1,1,0,0,0,0,0,0,0,0,0,0,geq_0_lt_200,geq_500,geq_1_lt_4
0,0,0,23,20,2299,4,4,2,2,1,1,0,0,0,0,1,0,1,1,0,1,geq_0_lt_200,geq_100_lt_500,geq_1_lt_4
1,0,0,30,34,9948,3,2,1,1,0,1,0,1,1,0,0,0,1,0,0,1,geq_200,lt_100,geq_4
0,0,1,78,55,11445,4,4,1,2,1,1,0,1,0,0,0,0,1,0,0,1,geq_0_lt_200,lt_100,geq_1_lt_4
1,0,0,56,68,2024,4,4,2,1,1,1,0,1,1,0,0,0,1,0,0,0,geq_0_lt_200,geq_100_lt_500,geq_1_lt_4
0,0,1,39,7,1527,4,3,5,1,1,1,0,0,0,0,0,0,1,1,0,1,geq_0_lt_200,lt_100,geq_1_lt_4
1,0,1,28,8,4121,4,3,1,1,0,1,0,0,0,0,0,0,0,1,0,1,lt_0,lt_100,geq_4
1,0,0,37,18,2321,2,4,1,1,0,1,1,1,0,0,0,0,1,1,0,1,geq_0_lt_200,lt_100,geq_1_lt_4
1,0,0,25,37,6281,2,4,1,2,1,1,0,1,0,0,1,0,1,0,0,1,lt_0,lt_100,geq_4
1,0,1,48,1,6722,4,4,1,1,1,1,0,0,1,0,0,0,1,0,0,1,lt_0,lt_100,geq_1_lt_4
0,0,0,75,7,6522,4,4,2,1,0,1,0,0,0,0,0,0,0,0,0,1,geq_0_lt_200,geq_500,geq_4
1,0,0,26,33,8864,4,4,1,2,1,1,0,0,0,0,0,0,0,0,0,1,geq_200,lt_100,geq_1_lt_4
1,0,1,33,9,6263,3,2,1,1,0,1,0,0,0,0,0,0,1,0,0,1,geq_0_lt_200,lt_100,geq_1_lt_4
1,0,0,31,1,3939,4,4,1,1,0,1,0,0,0,0,0,0,1,0,0,1,geq_0_lt_200,geq_100_lt_500,geq_4
1,0,1,37,17,4127,4,4,1,2,1,1,1,0,0,0,0,0,1,1,0,1,lt_0,lt_100,geq_4
1,0,0,34,67,5474,1,2,2,1,1,1,0,0,0,0,0,0,1,0,0,0,lt_0,lt_100,geq_4
1,0,0,29,12,2290,4,4,1,2,0,1,0,0,0,0,0,0,1,0,0,1,lt_0,geq_100_lt_500,geq_1_lt_4
1,0,1,40,6,9856,1,3,1,2,0,1,0,1,0,0,0,0,1,0,0,1,geq_0_lt_200,geq_100_lt_500,geq_1_lt_4
0,0,1,31,32,2268,1,4,1,1,0,1,0,1,0,0,0,0,0,0,0,1,lt_0,lt_100,geq_1_lt_4
0,0,1,36,28,4874,1,1,2,2,1,1,0,1,0,0,0,0,1,0,0,0,lt_0,geq_100_lt_500,geq_4
1,0,0,44,12,3010,1,4,1,1,0,1,0,0,1,0,0,0,1,1,0,1,geq_0_lt_200,lt_100,geq_4
1,0,0,40,28,3889,4,2,2,1,0,1,0,0,0,0,0,0,0,0,0,1,geq_0_lt_200,geq_100_lt_500,geq_4
0,0,1,28,26,10384,2,2,1,1,1,1,0,0,0,0,0,0,1,1,0,1,geq_200,lt_100,geq_4
0,0,1,45,49,3913,2,1,1,2,0,1,0,0,0,0,0,0,1,0,1,1,lt_0,lt_100,geq_4
1,0,1,40,15,6026,2,1,1,1,0,1,0,1,0,0,0,0,1,1,0,1,geq_0_lt_200,lt_100,geq_1_lt_4
1,0,1,27,26,5621,1,2,1,2,0,1,0,0,0,0,0,0,1,0,0,1,geq_200,lt_100,lt_1
1,0,0,38,17,9268,1,2,1,1,1,1,0,0,0,0,0,0,1,1,0,1,geq_0_lt_200,lt_100,geq_1_lt_4
1,0,0,25,49,11301,3,4,1,2,0,0,0,0,0,0,0,0,1,0,0,0,geq_200,geq_100_lt_500,geq_1_lt_4
1,0,0,24,67,3855,3,1,1,2,0,1,0,0,0,0,0,0,1,0,0,0,lt_0,lt_100,geq_4
1,0,1,45,25,5316,1,4,1,2,1,1,0,0,0,0,0,0,1,0,0,0,lt_0,lt_100,geq_4
1,0,1,24,13,13215,2,4,1,2,0,1,0,1,0,0,0,0,0,0,0,1,lt_0,lt_100,lt_1
1,0,0,38,63,2781,2,4,1,2,0,1,0,0,0,0,0,0,1,1,0,1,lt_0,lt_100,geq_1_lt_4
1,0,0,32,53,5631,4,3,1,2,0,1,0,1,0,0,0,0,1,0,0,1,lt_0,lt_100,geq_4
1,0,1,43,27,6261,2,4,1,1,1,1,0,0,0,0,1,0,1,0,0,0,lt_0,lt_100,geq_4
0,0,0,33,33,2171,2,4,1,1,1,1,1,1,0,0,0,0,1,0,0,1,lt_0,lt_100,geq_1_lt_4
1,0,0,50,39,10279,4,4,1,1,1,1,1,1,0,0,0,0,1,0,0,1,lt_0,geq_100_lt_500,geq_4
0,0,0,27,37,4427,3,3,1,2,1,1,1,0,0,0,0,0,1,0,0,1,lt_0,lt_100,geq_4
