Gender,ForeignWorker,Single,Age,LoanDuration,LoanAmount,LoanRateAsPercentOfIncome,YearsAtCurrentHome,NumberOfOtherLoansAtBank,NumberOfLiableIndividuals,HasTelephone,MissedPayments,NoCurrentLoan,CriticalAccountOrLoansElsewhere,OtherLoansAtBank,OtherLoansAtStore,HasCoapplicant,HasGuarantor,OwnsHouse,RentsHouse,Unemployed,JobClassIsSkilled,CheckingAccountBalance_geq_0_lt_200,CheckingAccountBalance_geq_200,CheckingAccountBalance_lt_0,SavingsAccountBalance_geq_100_lt_500,SavingsAccountBalance_geq_500,SavingsAccountBalance_lt_100,YearsAtCurrentJob_geq_1_lt_4,YearsAtCurrentJob_geq_4,YearsAtCurrentJob_lt_1
0,0,0,40,22,3771,3,4,2,1,0,1,0,0,0,0,0,0,0,1,0,1,0,0,1,0,0,1,0,1,0
1,0,1,24,36,1898,2,3,2,1,0,1,0,0,0,0,0,0,0,0,0,0,0,0,1,0,0,1,0,1,0
0,0,0,36,18,1345,3,3,1,1,0,1,0,0,1,0,0,0,0,0,0,1,0,0,1,0,0,1,0,1,0
0,0,0,35,18,2935,3,3,1,1,0,1,0,0,0,0,0,0,0,1,0,0,0,0,1,0,0,1,1,0,0
0,0,0,35,12,2351,1,3,2,2,0,1,0,0,0,0,0,0,0,0,0,0,1,0,0,0,0,1,1,0,0
0,0,0,53,12,4621,3,3,1,1,0,1,0,0,0,0,0,0,0,0,0,0,0,0,1,0,0,1,0,1,0
0,0,0,27,18,3111,2,3,2,1,0,1,0,0,1,0,0,0,0,0,0,0,0,0,1,0,0,1,1,0,0
0,0,0,37,22,2389,3,3,1,1,0,1,0,0,0,0,0,0,1,0,0,0,0,0,1,0,0,1,0,1,0
0,0,0,20,26,2427,2,3,1,1,0,0,0,0,0,0,0,0,0,0,0,0,0,0,1,0,0,1,1,0,0
0,0,0,34,24,2197,3,4,1,1,0,1,0,1,0,0,0,0,0,0,0,1,0,0,1,0,0,1,0,1,0
0,0,0,33,20,1855,3,3,2,1,0,0,0,0,0,0,0,0,0,0,0,1,0,0,1,0,0,1,0,1,0
0,0,0,34,23,4183,4,3,1,1,1,0,0,0,0,0,0,0,0,0,0,1,1,0,0,0,0,1,1,0,0
1,0,0,35,21,1544,2,3,1,1,0,1,0,0,0,0,0,0,1,0,0,0,0,0,1,0,0,1,0,1,0
0,0,0,25,21,6926,3,2,2,1,1,0,0,0,0,0,0,0,1,0,0,1,0,0,1,0,0,1,1,0,0
0,0,0,35,18,1098,3,3,2,1,0,0,0,1,0,0,0,0,1,0,1,0,0,0,1,0,0,1,1,0,0
1,0,0,30,18,4266,3,3,1,1,0,1,0,0,0,0,0,0,0,0,0,0,1,0,0,0,1,0,1,0,0
0,0,0,45,25,3204,2,3,2,1,1,0,0,0,0,0,0,0,0,0,0,0,0,0,1,0,0,1,0,0,1
0,0,0,34,19,1053,4,2,1,1,0,0,0,0,0,0,0,0,0,0,0,1,1,0,0,0,0,1,1,0,0
0,0,0,35,20,3935,3,3,2,1,0,0,0,0,0,0,0,0,0,0,0,1,0,0,1,0,0,1,1,0,0
0,0,0,37,18,4980,3,3,1,1,0,0,0,0,0,0,0,0,1,0,0,0,1,0,0,0,0,1,1,0,0
0,0,0,27,21,3046,3,2,1,1,0,0,0,0,0,0,0,0,0,0,0,0,0,0,1,0,0,1,0,1,0
0,0,0,32,36,2273,3,3,2,2,0,1,0,0,0,0,0,0,0,0,0,0,1,0,0,0,0,1,0,1,0
0,0,0,36,22,3187,1,3,2,2,0,1,0,0,0,0,0,0,1,0,0,0,0,0,1,0,0,1,0,0,1
0,1,0,26,6,6088,3,3,2,1,0,1,0,0,0,0,0,0,0,0,0,0,0,0,1,0,0,1,0,0,1
0,0,0,35,21,2782,1,3,1,1,0,0,0,0,0,0,0,0,0,0,0,0,0,0,1,0,1,0,0,1,0
0,0,0,27,25,2779,3,3,1,1,0,0,0,0,0,0,0,0,0,0,0,0,0,0,1,0,0,1,0,1,0
0,0,0,33,18,2820,4,3,1,1,0,1,0,0,0,0,0,0,1,0,1,0,0,0,1,0,0,1,1,0,0
0,0,1,36,21,3763,2,3,2,1,0,0,0,0,0,0,0,0,1,0,0,0,0,0,1,0,0,1,0,1,0
1,0,1,41,24,2349,3,3,1,1,0,1,0,0,0,0,0,0,0,0,0,1,0,0,1,0,0,1,1,0,0
0,0,1,34,23,3595,3,2,1,1,0,1,0,0,0,0,0,0,0,0,0,1,0,0,1,0,0,1,0,1,0
0,0,0,23,19,3275,1,3,1,1,0,1,0,0,0,0,0,0,1,0,0,0,0,0,1,0,0,1,0,1,0
1,0,1,41,23,4112,3,3,1,1,0,1,0,0,0,0,0,0,1,0,0,0,0,1,0,0,0,1,0,1,0
0,0,0,36,21,3524,3,3,1,1,0,0,0,0,0,0,0,0,0,1,0,0,0,0,1,0,0,1,1,0,0
0,0,1,31,18,2213,3,4,1,2,1,1,0,0,0,0,0,0,0,0,0,0,0,0,1,1,0,0,1,0,0
1,0,0,30,23,3496,4,3,2,2,1,1,0,0,0,0,0,0,1,0,0,1,1,0,0,0,0,1,1,0,0
0,0,0,58,24,3974,4,3,2,1,0,1,0,0,0,0,0,0,0,0,0,0,0,0,1,0,0,1,0,1,0
0,0,0,34,26,804,4,3,1,1,0,0,0,0,0,0,0,0,0,0,0,0,0,0,1,0,0,1,0,1,0
0,0,0,33,15,3594,3,2,1,1,0,0,0,0,0,0,0,0,0,0,0,0,0,0,1,0,0,1,1,0,0
1,0,1,35,12,4120,3,3,1,1,0,1,0,0,0,0,0,0,0,0,0,0,0,0,1,0,0,1,0,0,1
0,0,0,32,20,2504,3,3,1,1,0,1,0,0,1,0,0,0,1,0,0,0,0,0,1,0,0,1,1,0,0
0,0,0,28,9,2543,3,3,1,1,0,1,0,0,0,0,0,0,0,0,0,0,0,1,0,0,0,1,1,0,0
0,0,0,39,22,3249,3,3,1,2,1,0,0,0,1,0,0,0,0,0,0,0,0,0,1,0,0,1,0,1,0
0,0,0,37,25,3535,4,3,1,1,0,1,0,1,0,0,0,0,0,0,0,1,0,0,1,0,0,1,0,1,0
0,0,0,37,24,4867,4,2,1,1,1,0,0,0,0,0,0,0,0,0,0,0,0,0,1,0,0,1,1,0,0
1,0,0,34,20,3505,3,2,1,1,1,1,0,0,0,0,0,0,1,0,0,0,0,0,1,0,0,1,1,0,0
0,0,0,38,6,1872,3,4,1,1,1,1,0,1,0,0,0,0,0,0,0,0,0,0,1,0,0,1,1,0,0
0,0,0,45,27,3811,3,3,1,1,0,1,0,0,0,0,0,1,0,0,0,1,0,0,1,0,0,1,0,1,0
0,0,0,34,22,3636,3,3,1,1,0,0,0,0,0,0,1,0,0,0,0,1,0,0,1,0,0,1,1,0,0
1,0,0,35,19,1930,4,3,1,1,0,0,0,0,0,0,0,0,1,0,0,1,0,0,1,0,0,1,0,1,0
1,0,1,41,19,6361,3,3,1,1,0,0,0,0,0,0,0,0,0,0,0,0,0,0,1,0,0,1,0,1,0
1,0,1,37,14,2970,1,3,1,1,0,0,0,0,0,0,0,0,0,0,0,0,0,0,1,0,0,1,0,1,0
1,0,0,51,24,4538,3,3,1,1,0,0,0,0,0,0,0,0,0,0,0,0,0,0,1,0,0,1,1,0,0
0,0,0,35,20,5842,3,2,2,2,1,0,0,0,0,0,0,0,0,0,0,0,0,0,1,0,0,1,0,1,0
1,0,0,38,26,10875,3,2,1,1,0,0,0,0,0,0,0,0,0,0,0,1,0,0,1,0,0,1,0,1,0
0,0,0,34,23,5600,4,3,1,1,0,1,0,0,0,0,0,0,0,0,0,0,0,0,1,0,0,1,0,1,0
0,0,0,29,22,3533,3,3,2,1,0,1,0,1,0,0,0,0,0,0,0,0,0,0,1,0,0,1,1,0,0
1,0,0,33,19,2473,3,1,1,1,0,1,0,0,0,0,0,0,0,0,0,0,0,0,1,0,0,1,1,0,0
0,0,0,31,17,11560,3,3,1,1,0,1,0,0,0,0,0,0,0,0,0,0,1,0,0,0,0,1,1,0,0
0,0,0,37,15,2864,3,3,1,1,0,0,0,1,0,0,0,0,1,0,0,0,0,0,1,0,0,1,0,1,0
0,0,0,36,6,4007,1,2,2,1,0,1,0,0,0,0,0,0,0,1,0,0,0,0,1,0,0,1,1,0,0
0,0,0,39,24,3115,3,3,1,1,0,1,0,0,0,0,0,0,1,0,0,0,0,0,1,0,0,1,1,0,0
0,0,0,35,26,1845,4,3,1,1,0,0,0,0,0,0,0,0,0,0,0,0,0,0,1,0,0,1,1,0,0
0,0,0,37,18,4529,3,3,1,1,0,0,0,0,0,0,0,0,0,0,0,1,1,0,0,0,1,0,0,0,1
0,0,0,38,20,3164,4,4,1,1,0,0,0,0,0,0,0,0,0,0,0,1,0,0,1,0,0,1,0,1,0
1,0,1,34,20,1330,3,3,1,1,0,1,0,0,0,0,0,0,0,0,0,1,0,1,0,0,0,1,0,0,1
1,0,0,30,20,2249,3,3,1,1,0,0,0,0,0,0,0,0,1,0,0,1,0,0,1,1,0,0,0,1,0
0,0,0,34,19,3727,3,4,1,1,0,0,0,0,0,0,0,0,0,0,0,0,1,0,0,0,0,1,0,0,1
1,0,0,24,19,1546,3,3,1,1,0,1,1,0,1,0,0,0,0,0,0,0,0,0,1,0,0,1,1,0,0
1,0,0,51,20,3566,3,3,2,1,0,0,0,0,0,0,0,0,0,0,0,0,0,1,0,0,0,1,1,0,0
0,0,0,54,6,3287,3,3,2,1,1,0,0,0,0,0,0,0,0,0,0,0,0,0,1,0,0,1,1,0,0
0,0,0,36,17,2431,3,4,2,1,0,0,0,1,0,0,0,0,1,0,0,0,1,0,0,0,1,0,1,0,0
0,0,0,27,20,2110,3,3,1,1,0,0,0,0,0,0,0,0,1,0,0,0,0,0,1,0,0,1,0,1,0
0,0,0,30,16,3758,3,3,2,1,0,0,0,0,0,0,0,0,1,0,0,1,0,0,1,0,0,1,1,0,0
0,0,0,37,24,1987,3,3,2,1,0,0,0,0,0,0,0,0,0,0,0,0,0,0,1,0,0,1,1,0,0
0,0,0,32,15,4907,3,3,2,1,0,0,0,0,0,0,0,0,0,0,0,0,0,0,1,0,0,1,0,0,1
1,0,0,36,30,3029,1,3,1,1,0,0,0,0,0,0,0,0,0,0,0,0,0,0,1,0,0,1,1,0,0
0,0,0,33,12,3049,1,2,1,1,0,1,0,0,0,0,0,0,0,0,0,0,0,0,1,0,0,1,1,0,0
0,0,0,34,6,2340,3,3,1,1,0,0,0,0,0,0,0,0,0,0,0,0,0,1,0,0,0,1,1,0,0
0,0,0,34,6,4481,3,3,1,1,0,1,0,1,0,0,0,0,0,0,0,0,0,0,1,0,0,1,0,1,0
0,0,0,24,18,1568,3,3,1,1,0,1,0,0,0,0,0,0,0,0,0,0,0,0,1,1,0,0,1,0,0
0,0,0,38,24,3349,3,3,2,1,0,0,0,0,0,0,0,0,0,0,0,0,1,0,0,0,1,0,1,0,0
0,0,0,34,21,1603,4,3,1,1,0,0,0,0,0,0,0,0,0,0,0,0,0,0,1,0,0,1,0,1,0
0,0,0,60,24,1199,3,3,2,1,0,1,0,0,0,0,0,0,0,0,0,0,0,0,1,0,0,1,0,1,0
0,0,0,37,18,1378,3,3,1,1,0,1,0,0,0,0,0,0,0,0,0,0,0,0,1,0,0,1,0,1,0
1,0,0,40,48,4605,3,3,1,2,0,1,0,0,0,0,0,0,0,0,0,0,0,0,1,0,0,1,0,1,0
0,0,0,35,19,3917,3,3,1,1,0,0,1,0,0,0,0,0,0,0,0,0,1,0,0,0,0,1,0,1,0
0,0,1,67,18,2480,4,3,1,1,1,0,0,0,0,0,0,0,0,0,0,0,0,0,1,0,0,1,0,1,0
0,0,1,37,7,2892,3,3,1,1,0,0,0,0,0,0,0,0,0,0,0,1,0,0,1,0,0,1,0,1,0
1,0,0,42,48,2220,3,3,2,1,0,1,0,0,0,0,0,0,0,0,0,1,0,0,1,0,0,1,0,1,0
0,0,0,37,21,3779,3,3,1,1,0,0,0,0,0,0,0,0,0,0,0,1,0,0,1,0,0,1,1,0,0
0,0,0,36,12,3651,1,3,1,1,0,0,0,0,0,0,0,0,0,0,0,1,0,0,1,0,0,1,1,0,0
0,0,0,36,23,4408,3,3,2,1,1,0,0,1,0,0,0,0,0,1,0,0,0,0,1,0,0,1,0,1,0
0,0,0,35,21,3253,3,3,2,1,0,0,0,0,1,0,0,0,1,0,0,0,0,0,1,0,0,1,1,0,0
0,0,0,24,15,3044,3,3,2,1,0,0,0,1,0,0,0,0,1,0,0,0,0,0,1,0,0,1,0,1,0
0,0,0,33,20,4329,4,2,1,1,0,0,0,0,0,0,0,0,1,0,0,0,0,0,1,0,0,1,0,1,0
0,0,0,36,20,7057,3,4,2,1,0,0,0,0,0,0,0,0,0,0,0,0,1,0,0,0,0,1,0,1,0
1,0,1,23,22,1444,3,1,1,1,0,0,0,0,0,0,0,0,1,0,0,0,1,0,0,0,0,1,1,0,0
1,0,0,38,21,3915,3,3,1,1,1,0,0,0,0,0,0,0,0,0,0,0,0,0,1,0,1,0,0,1,0
0,0,0,33,24,4119,2,1,1,1,0,1,0,0,0,0,0,0,0,0,1,0,1,0,0,0,0,1,1,0,0
1,0,1,35,24,3810,3,3,2,2,0,0,0,0,0,0,0,0,0,0,0,0,0,0,1,0,0,1,0,1,0
0,0,0,33,18,3634,1,2,1,1,1,0,0,0,0,0,0,0,0,0,0,1,0,0,1,0,0,1,0,0,1
0,0,0,23,6,3826,4,4,2,1,0,1,0,0,0,0,0,0,0,0,0,0,0,0,1,0,0,1,0,0,1
0,0,0,33,16,11590,3,3,2,1,0,1,0,1,0,0,0,0,0,1,0,0,0,0,1,1,0,0,1,0,0
0,0,0,36,22,3328,3,3,1,1,0,1,0,0,0,0,0,0,0,0,0,0,1,0,0,0,0,1,0,1,0
0,0,1,36,22,2326,3,4,1,1,0,0,0,0,0,0,0,0,0,0,0,1,1,0,0,0,1,0,1,0,0
1,0,0,34,23,1884,3,4,1,1,0,0,0,0,0,0,0,0,0,0,0,0,0,0,1,0,0,1,0,1,0
0,0,1,38,19,2289,2,3,2,1,1,1,0,0,0,0,0,0,0,0,0,0,0,0,1,1,0,0,1,0,0
1,0,0,36,36,4463,4,3,1,1,0,0,0,0,0,0,0,0,0,0,0,1,0,0,1,0,0,1,0,1,0
0,0,0,35,24,999,4,3,2,1,0,1,0,0,0,0,0,0,0,0,0,0,0,0,1,0,0,1,0,1,0
0,0,0,36,14,8978,3,4,2,1,1,1,0,0,0,0,0,0,0,0,0,1,0,0,1,0,0,1,0,1,0
0,0,0,33,19,3610,3,2,1,2,1,0,0,0,0,0,0,0,0,0,0,0,0,0,1,0,0,1,1,0,0
0,0,0,32,19,2063,3,3,1,1,1,0,0,0,0,0,0,0,0,1,0,1,0,0,1,0,0,1,1,0,0
0,0,0,32,6,2978,1,2,2,1,0,0,0,0,0,0,0,0,0,0,0,0,0,0,1,0,1,0,0,1,0
0,0,0,33,19,3968,3,3,1,1,0,0,0,0,0,0,0,0,0,0,0,0,1,0,0,0,0,1,1,0,0
0,0,0,36,21,2302,3,3,1,1,0,0,0,0,0,0,0,0,0,1,0,1,0,0,1,0,0,1,0,1,0
0,0,0,38,22,1442,3,4,2,1,0,1,0,0,0,0,0,0,0,0,0,0,0,0,1,0,0,1,0,1,0
0,0,0,61,23,4276,4,2,2,1,0,0,0,0,0,0,0,0,0,0,0,0,1,0,0,0,0,1,0,1,0
1,0,0,37,22,2604,3,3,1,1,0,0,0,0,0,0,0,0,0,0,0,0,1,0,0,0,0,1,1,0,0
0,0,0,31,18,4433,3,3,1,1,0,0,0,0,0,0,0,0,0,0,0,0,1,0,0,0,1,0,1,0,0
0,0,0,37,22,2706,2,1,2,1,0,0,0,0,0,0,0,0,0,0,0,0,0,0,1,0,0,1,1,0,0
0,0,0,34,20,1517,4,2,2,1,1,0,0,0,0,0,0,0,0,0,0,1,0,0,1,0,0,1,0,1,0
1,0,1,29,24,3590,2,2,1,1,0,0,0,0,0,0,1,0,0,0,0,0,0,0,1,0,0,1,1,0,0
0,0,0,35,24,1755,3,3,1,1,1,1,0,0,0,0,0,0,0,0,0,0,0,0,1,0,0,1,0,1,0
0,0,0,34,12,1412,4,3,2,1,1,0,0,0,0,0,0,0,0,0,0,0,0,0,1,0,0,1,0,1,0
1,0,0,39,12,7991,4,4,1,1,0,1,0,0,0,0,0,0,0,0,0,0,0,0,1,0,0,1,0,1,0
1,0,1,22,18,2935,3,3,2,1,0,0,0,0,0,0,0,0,0,0,0,0,0,0,1,0,0,1,0,1,0
0,0,0,31,17,3947,4,4,3,1,0,0,0,0,0,0,0,0,1,0,0,0,1,0,0,1,0,0,1,0,0
0,0,1,63,24,2924,3,3,1,2,0,0,0,0,1,0,0,1,0,0,0,0,0,0,1,0,0,1,1,0,0
0,0,0,41,30,4530,3,4,1,1,1,0,0,1,0,0,0,0,0,1,0,0,0,0,1,0,0,1,0,1,0
0,0,0,36,21,2150,3,3,2,1,0,0,0,0,0,0,0,0,0,0,0,0,0,0,1,0,0,1,1,0,0
0,0,0,55,23,3187,3,4,1,1,0,0,0,0,0,0,0,0,0,0,1,1,0,0,1,0,0,1,0,1,0
0,0,0,28,21,2955,4,3,2,1,0,0,0,0,0,0,0,0,0,1,0,0,0,0,1,0,0,1,1,0,0
1,0,0,29,22,4184,3,2,2,1,0,0,0,0,0,0,0,0,0,0,0,0,0,0,1,0,0,1,0,1,0
0,0,0,36,22,2788,3,3,2,1,0,1,0,0,0,0,0,0,0,0,0,0,0,0,1,0,0,1,0,1,0
1,0,0,37,18,2179,3,4,1,2,0,0,0,0,0,0,0,0,0,0,0,0,0,0,1,0,0,1,0,1,0
0,0,0,35,9,5110,4,2,2,1,1,0,0,1,0,0,0,0,1,0,0,0,0,0,1,0,0,1,0,1,0
1,0,0,37,18,1546,2,3,1,1,0,0,1,0,1,0,0,0,0,0,0,0,0,0,1,0,0,1,0,1,0
0,0,0,36,20,1368,4,1,1,1,0,0,0,1,0,0,0,0,0,0,0,0,0,0,1,0,0,1,0,1,0
0,0,0,31,6,3029,4,4,1,1,0,0,0,0,0,0,0,0,1,0,0,0,0,0,1,0,0,1,1,0,0
0,0,1,38,25,4576,3,4,2,1,1,0,0,0,0,0,0,0,0,0,0,0,0,0,1,0,0,1,0,1,0
0,0,0,35,27,3416,3,2,1,1,0,0,0,0,0,0,0,0,1,0,0,0,0,0,1,0,0,1,0,1,0
1,0,0,35,22,2611,3,3,1,1,0,1,0,0,0,0,0,0,0,0,0,1,0,0,1,0,0,1,0,1,0
0,0,0,36,6,428,3,1,2,1,0,0,0,0,1,0,0,0,0,0,0,0,0,0,1,0,0,1,0,1,0
0,0,0,36,25,3186,3,4,2,1,0,0,0,0,0,0,0,0,0,0,0,0,0,0,1,0,0,1,0,0,1
0,0,0,45,23,2488,3,3,1,2,0,0,1,0,0,0,0,0,0,0,0,0,1,0,0,0,0,1,1,0,0
1,0,1,34,12,1860,4,3,2,1,0,0,0,0,0,0,0,0,0,0,0,1,1,0,0,0,0,1,1,0,0
1,0,0,36,22,4291,2,2,1,1,0,1,0,0,0,0,0,0,0,0,0,1,0,0,1,0,0,1,1,0,0
0,0,1,38,22,6199,4,3,2,1,0,1,0,0,0,0,0,0,0,1,0,0,0,0,1,0,0,1,1,0,0
0,0,0,38,12,3098,3,3,1,1,0,1,0,0,1,0,0,0,0,0,0,0,0,0,1,0,0,1,0,1,0
1,0,0,35,18,5557,3,4,1,1,0,0,0,0,0,0,0,0,0,0,0,0,0,0,1,0,0,1,0,1,0
0,0,1,36,22,1262,4,3,2,1,1,0,0,0,0,0,0,0,0,0,0,0,0,0,1,0,1,0,0,1,0
1,0,1,26,24,1424,3,3,1,1,0,0,0,0,0,0,0,0,0,0,0,0,1,0,0,0,0,1,0,1,0
0,0,0,37,9,3861,3,3,2,1,0,1,0,0,0,0,0,0,1,0,0,0,0,0,1,0,0,1,1,0,0
0,0,0,32,30,4427,2,2,2,1,0,0,0,0,0,0,0,0,1,0,0,0,0,0,1,0,0,1,1,0,0
0,0,0,37,22,2843,3,3,1,1,0,1,0,0,0,0,0,0,0,0,0,0,0,0,1,0,0,1,1,0,0
0,0,0,35,12,3684,4,3,2,1,0,0,0,0,0,0,0,0,0,0,0,1,0,0,1,0,0,1,1,0,0
1,0,1,40,48,4424,4,4,1,2,0,0,0,0,0,0,0,0,0,0,0,1,0,0,1,0,0,1,0,1,0
0,0,0,33,21,3627,2,1,2,1,0,1,0,0,0,0,0,0,1,0,0,0,0,0,1,0,0,1,1,0,0
0,0,0,37,23,5064,3,4,2,1,0,0,0,0,0,0,0,0,0,0,0,0,0,0,1,0,0,1,0,1,0
0,0,0,44,22,3306,3,4,2,1,0,0,0,1,0,0,0,0,0,0,0,1,0,0,1,0,0,1,0,1,0
0,0,0,30,23,4795,3,1,1,1,0,0,0,0,0,0,0,0,1,0,0,0,1,0,0,0,0,1,1,0,0
0,0,1,34,24,2917,4,4,1,1,0,0,0,0,1,0,0,0,0,0,0,0,0,0,1,0,0,1,0,1,0
0,0,0,31,21,1935,4,3,2,1,0,1,0,0,0,0,0,0,0,0,0,0,0,0,1,0,0,1,0,1,0
0,0,0,27,21,4293,3,3,1,1,0,1,0,0,0,0,0,0,0,0,0,1,0,0,1,0,0,1,0,1,0
0,0,0,34,19,433,3,4,1,1,0,0,0,0,0,0,0,0,0,0,0,1,0,0,1,0,0,1,1,0,0
0,0,0,30,17,1568,3,3,2,1,0,0,0,0,0,0,0,0,0,0,0,0,0,0,1,1,0,0,1,0,0
0,0,0,37,9,4219,4,3,1,1,0,1,0,0,0,0,0,0,0,0,0,0,0,0,1,0,0,1,1,0,0
0,0,0,30,17,2796,2,3,1,1,0,1,0,0,1,0,0,0,0,0,0,0,0,0,1,1,0,0,1,0,0
0,0,0,31,6,2325,3,3,1,1,0,0,0,0,1,0,0,0,0,0,0,0,1,0,0,0,0,1,1,0,0
0,0,0,32,21,4211,3,2,1,1,0,1,0,0,0,0,0,0,0,0,0,0,1,0,0,1,0,0,1,0,0
1,0,0,38,9,4761,3,3,1,1,0,0,0,0,0,0,0,0,0,0,0,0,0,0,1,0,0,1,0,1,0
0,0,0,38,23,2357,3,3,1,1,0,0,0,0,0,0,0,0,1,0,0,1,1,0,0,0,0,1,1,0,0
1,0,0,36,6,4969,3,3,2,2,0,1,0,0,0,0,0,0,0,0,1,1,0,0,1,0,0,1,1,0,0
0,1,0,33,22,2896,3,2,1,1,0,1,0,0,0,0,0,0,0,0,0,0,1,0,0,0,0,1,1,0,0
0,0,0,33,21,625,3,1,1,1,0,0,0,0,0,0,0,1,1,0,0,0,0,0,1,0,0,1,1,0,0
0,0,1,43,22,3214,3,4,2,1,0,1,0,0,0,0,1,0,0,1,0,1,0,0,1,0,0,1,0,1,0
0,0,0,33,16,1881,2,2,1,1,0,1,0,0,0,0,0,0,0,0,0,0,1,0,0,1,0,0,1,0,0
1,0,0,27,9,3928,3,3,1,1,1,0,0,0,0,0,0,0,0,0,0,1,0,0,1,0,0,1,0,0,1
1,0,0,35,12,3716,3,3,1,1,0,0,1,0,0,0,0,0,0,0,0,0,0,0,1,0,0,1,0,1,0
1,0,1,34,24,2910,2,3,1,1,1,0,0,0,0,0,0,0,0,0,0,0,0,0,1,0,0,1,0,1,0
0,0,0,39,18,1473,3,4,1,1,1,1,0,0,0,0,0,0,0,0,0,0,0,0,1,0,0,1,0,0,1
0,0,0,58,22,3263,4,3,1,1,0,1,0,0,0,0,0,0,0,0,0,0,0,0,1,0,0,1,0,1,0
0,0,0,26,36,4210,3,3,1,1,0,0,0,0,0,0,0,0,1,0,0,1,0,0,1,0,0,1,0,1,0
0,0,0,25,24,999,4,3,2,1,0,0,0,0,0,0,0,0,0,0,0,0,0,0,1,0,0,1,0,1,0
0,0,1,38,48,6681,3,3,1,2,0,0,0,0,0,0,0,0,0,0,0,1,0,0,1,0,0,1,1,0,0
1,0,1,40,22,684,3,3,1,2,0,0,0,0,0,0,0,0,0,0,0,0,0,0,1,0,0,1,1,0,0
0,0,1,37,21,3712,3,3,2,1,1,0,0,0,1,0,0,0,0,0,0,0,0,0,1,0,0,1,0,1,0
1,0,0,33,9,3074,3,3,2,2,0,0,0,0,0,0,0,0,0,0,0,0,1,0,0,0,0,1,1,0,0
0,0,0,39,21,684,4,4,1,2,0,0,0,0,0,0,0,0,0,1,0,0,0,0,1,0,0,1,1,0,0
0,0,0,65,24,3801,3,3,2,1,0,0,0,0,0,0,0,0,0,0,0,0,0,0,1,0,0,1,0,1,0
0,0,0,40,26,3757,4,3,1,1,1,0,0,0,0,0,0,0,0,0,0,1,0,0,1,0,0,1,0,1,0
1,0,0,35,18,3152,3,2,1,1,1,1,0,0,0,0,0,0,0,0,0,0,0,0,1,0,0,1,1,0,0
1,0,0,24,30,4956,3,3,2,1,0,0,0,1,0,0,0,0,0,0,0,1,1,0,0,1,0,0,1,0,0
0,0,0,30,12,3656,3,4,4,1,0,0,0,0,0,0,0,0,0,1,0,0,0,0,1,1,0,0,0,0,1
0,0,1,33,6,3518,2,3,2,1,0,0,0,0,0,0,0,1,0,1,0,0,0,0,1,0,0,1,1,0,0
1,0,1,35,21,1223,3,3,1,1,1,1,0,0,0,0,0,0,0,0,0,1,0,0,1,0,0,1,0,1,0
0,0,1,37,17,2018,3,3,1,1,1,1,0,0,0,0,0,0,0,0,0,0,1,0,0,1,0,0,0,0,1
0,0,0,39,21,4543,3,3,1,2,0,0,0,0,0,0,0,0,1,0,0,0,1,0,0,0,0,1,1,0,0
0,0,0,55,21,3706,3,4,2,1,0,1,0,0,0,0,0,0,0,0,1,0,0,0,1,0,0,1,1,0,0
0,0,0,36,24,4220,4,1,1,1,0,0,0,0,0,0,0,0,1,0,0,0,0,0,1,0,0,1,0,0,1
0,0,0,33,19,3969,4,3,3,1,1,0,0,1,0,0,0,0,1,0,0,1,0,0,1,0,0,1,0,1,0
0,0,0,26,12,759,4,2,1,1,0,0,0,0,0,0,0,0,0,0,0,1,0,0,1,0,0,1,0,1,0
0,0,0,27,9,4401,3,2,2,1,1,0,0,0,0,0,0,0,0,0,0,0,0,0,1,0,0,1,0,1,0
0,0,1,31,20,2114,2,4,1,1,1,1,0,0,1,0,0,0,0,0,0,0,1,0,0,0,0,1,1,0,0
0,0,0,38,21,2132,2,3,1,1,0,0,0,0,0,0,0,0,0,0,0,0,0,0,1,0,0,1,0,1,0
0,0,0,35,22,2892,4,3,1,1,1,1,0,0,0,0,0,0,0,0,0,0,0,0,1,0,0,1,1,0,0
0,0,0,36,22,6758,3,2,2,1,0,0,0,0,0,0,0,0,1,0,0,0,0,0,1,0,0,1,0,1,0
0,0,0,39,30,3017,4,4,1,1,0,0,0,1,0,0,0,0,0,0,0,1,0,1,0,0,0,1,0,1,0
0,0,0,34,18,2546,4,3,1,1,0,1,0,0,0,0,0,0,0,0,0,0,0,0,1,0,0,1,0,1,0
0,0,1,33,48,2614,3,1,1,1,1,0,0,0,0,0,0,0,0,0,0,0,0,0,1,0,0,1,0,1,0
0,0,0,39,15,3702,2,3,1,1,0,0,0,0,1,0,1,0,1,0,0,0,0,0,1,0,0,1,0,1,0
0,0,0,41,20,6361,2,3,1,1,0,0,0,0,0,0,0,0,0,0,0,0,0,0,1,0,0,1,0,1,0
1,0,1,32,21,2352,4,3,1,1,1,1,0,0,0,0,0,0,0,0,0,0,0,0,1,0,0,1,1,0,0
0,0,0,37,21,2781,3,3,1,1,0,1,0,0,0,0,0,0,0,0,0,1,0,0,1,0,0,1,0,1,0
1,0,1,38,18,3943,3,3,1,1,0,0,0,0,0,0,0,0,0,0,0,0,0,0,1,0,0,1,1,0,0
0,0,0,29,24,3431,3,3,1,1,0,0,0,0,1,0,0,0,0,0,0,0,0,0,1,0,0,1,0,1,0
0,0,0,32,18,1288,2,3,2,2,0,1,0,0,0,0,0,1,0,0,0,0,0,0,1,0,0,1,1,0,0
0,0,0,31,17,10961,3,2,1,1,0,1,0,0,1,0,0,0,0,0,0,1,0,0,1,0,0,1,0,1,0
0,0,0,36,11,2142,3,2,2,1,0,1,0,0,0,0,0,0,1,0,0,0,0,0,1,0,0,1,0,1,0
0,0,0,35,24,639,4,3,2,1,0,1,0,0,0,0,0,0,1,0,0,0,0,0,1,0,0,1,1,0,0
0,0,0,36,17,4463,1,3,1,1,0,0,0,0,0,0,0,0,0,0,0,1,0,0,1,0,0,1,1,0,0
0,0,0,32,23,1391,3,1,1,1,1,1,0,0,0,0,0,0,0,0,0,0,0,0,1,0,0,1,1,0,0
0,0,0,37,22,3656,3,3,2,2,0,1,0,1,1,0,0,0,0,0,0,0,0,0,1,0,0,1,0,1,0
0,0,0,35,12,5583,3,4,1,1,0,0,0,0,0,0,0,0,0,0,0,0,0,0,1,0,0,1,1,0,0
0,0,0,45,24,4439,3,3,2,1,0,1,0,0,0,0,0,0,0,0,0,1,0,0,1,0,0,1,0,1,0
0,0,0,22,17,2416,2,4,1,1,0,1,0,0,0,0,0,0,0,0,0,0,0,0,1,1,0,0,0,0,1
1,0,0,38,21,2996,3,3,1,1,0,0,0,0,0,0,0,0,0,0,0,0,0,0,1,0,0,1,0,1,0
0,0,1,63,18,3424,4,3,1,1,0,0,0,0,0,0,0,0,1,0,0,1,0,0,1,0,0,1,0,1,0
0,0,1,66,21,4694,3,3,1,1,0,1,0,0,0,0,0,0,1,0,0,0,1,0,0,0,1,0,1,0,0
0,0,0,20,17,2797,3,3,1,1,1,0,0,0,0,0,0,0,0,1,0,0,1,0,0,0,0,1,1,0,0
0,0,0,22,18,3235,1,3,2,1,0,1,0,0,0,0,0,0,0,0,0,1,0,0,1,0,0,1,0,0,1
0,0,0,27,60,4501,3,3,1,1,0,0,0,0,0,0,0,0,0,0,0,1,1,0,0,0,0,1,1,0,0
0,0,0,36,24,2934,3,1,1,1,0,0,0,0,0,0,0,0,0,0,0,0,0,0,1,0,0,1,0,1,0
0,0,0,40,6,1449,1,2,2,1,0,0,0,0,1,0,0,0,0,0,0,0,0,0,1,1,0,0,1,0,0
0,0,0,36,25,4275,3,2,2,1,0,0,0,0,0,0,0,0,0,0,0,1,0,0,1,0,0,1,0,1,0
0,0,0,33,12,1383,3,3,1,1,0,1,0,0,0,0,0,0,1,0,0,0,0,0,1,0,0,1,0,1,0
0,0,0,23,24,3298,4,3,2,1,0,0,0,0,0,0,0,0,0,0,0,0,0,0,1,0,0,1,0,1,0
0,0,0,33,20,741,4,3,1,1,0,0,0,0,0,0,0,0,0,0,0,1,0,0,1,1,0,0,1,0,0
0,0,1,38,10,781,3,3,2,1,0,1,0,0,0,0,0,0,0,0,0,0,0,0,1,0,0,1,0,1,0
1,0,0,35,19,9055,3,3,2,1,0,0,0,0,0,0,0,0,0,0,0,0,0,0,1,0,0,1,1,0,0
0,0,0,34,24,1546,3,3,1,1,0,0,0,0,1,0,0,1,0,0,0,0,0,0,1,0,0,1,1,0,0
0,0,0,33,21,1274,3,1,1,1,0,0,0,0,0,0,0,0,0,0,0,0,0,0,1,0,0,1,1,0,0
0,0,0,38,26,2788,3,3,1,1,0,0,0,1,1,0,0,0,0,0,0,1,0,0,1,0,0,1,0,1,0
1,0,1,34,24,3392,4,4,2,1,0,0,0,0,1,0,0,0,1,0,0,0,0,0,1,0,0,1,1,0,0
0,0,0,30,21,3466,2,3,2,1,0,1,0,0,0,0,0,0,0,0,0,0,0,0,1,0,0,1,1,0,0
0,0,1,35,23,7309,3,3,1,1,0,0,0,1,0,0,0,0,0,0,0,1,1,0,0,0,0,1,0,1,0
1,0,1,38,22,1743,3,3,1,1,0,0,0,0,0,0,0,0,1,0,0,0,1,0,0,0,0,1,1,0,0
0,0,0,34,17,2848,3,3,1,1,0,0,0,0,0,0,0,0,1,0,0,1,0,0,1,1,0,0,1,0,0
0,0,1,36,24,4596,3,3,2,1,1,0,0,0,0,0,0,0,1,0,0,0,0,0,1,0,0,1,0,1,0
1,0,0,31,23,783,1,3,1,1,0,0,0,0,0,0,0,1,0,0,0,0,0,0,1,0,0,1,1,0,0
0,0,0,32,23,3327,4,3,2,1,0,1,0,0,0,0,0,0,0,0,0,1,0,0,1,0,0,1,0,1,0
0,0,1,47,15,5429,4,3,2,1,0,1,0,0,0,0,0,0,0,0,0,0,0,0,1,0,1,0,0,1,0
0,0,0,21,18,3132,3,3,1,1,0,1,0,0,0,0,0,0,0,0,0,0,0,0,1,0,0,1,1,0,0
0,0,0,37,12,3360,4,3,2,1,1,1,0,0,0,0,0,0,0,1,0,1,0,0,1,0,0,1,1,0,0
0,0,0,42,36,8086,2,4,4,1,0,0,0,0,0,0,0,0,1,0,0,0,1,0,0,1,0,0,1,0,0
0,0,0,38,18,3673,3,3,1,1,0,1,0,0,0,0,0,0,0,0,0,0,0,0,1,0,0,1,0,1,0
1,0,0,38,12,1424,4,3,1,1,0,0,0,0,0,0,0,0,1,0,0,0,0,0,1,0,0,1,0,1,0
0,0,0,31,48,3193,3,3,2,1,0,1,0,0,0,0,0,0,1,0,0,0,1,0,0,0,0,1,1,0,0
1,0,1,26,27,4684,2,3,2,1,0,0,0,0,0,0,0,0,1,0,0,1,0,0,1,0,0,1,0,1,0
0,0,0,29,16,2050,4,4,2,1,0,1,0,0,0,0,0,0,0,1,0,0,0,0,1,0,0,1,1,0,0
0,0,1,33,21,9055,3,4,1,2,1,1,0,0,0,0,0,0,0,0,0,0,0,0,1,0,0,1,1,0,0
1,0,0,51,6,1595,3,3,1,2,0,1,0,0,0,0,0,0,0,0,0,0,0,0,1,0,0,1,0,1,0
0,0,0,34,20,4989,4,3,1,1,0,1,0,0,0,0,0,0,1,0,0,1,0,0,1,0,0,1,0,1,0
0,0,0,34,22,3208,3,3,1,1,0,0,0,0,0,0,0,0,0,0,0,1,0,0,1,0,0,1,1,0,0
1,0,1,28,9,3904,3,3,2,1,0,0,0,0,0,0,0,0,0,0,0,0,0,0,1,0,0,1,0,1,0
0,0,0,33,25,6260,3,3,2,1,0,0,0,0,0,0,0,0,0,0,0,0,1,0,0,0,0,1,1,0,0
0,0,0,30,22,4193,3,3,1,1,0,0,0,0,0,0,0,0,0,0,0,0,1,0,0,0,0,1,1,0,0
0,0,0,36,24,3631,3,1,1,1,0,0,0,0,0,0,0,0,0,0,0,1,0,0,1,0,0,1,0,1,0
1,1,0,33,21,2598,3,3,1,1,0,0,0,0,0,0,0,0,0,0,0,0,0,0,1,0,1,0,0,1,0
1,0,0,33,19,3059,2,4,1,1,0,1,0,0,0,0,0,0,0,0,0,0,0,0,1,0,1,0,0,1,0
0,0,0,35,21,2146,1,3,2,1,0,0,0,1,0,0,0,0,0,0,0,0,0,0,1,0,0,1,1,0,0
0,0,0,36,20,1808,4,3,1,1,0,0,0,0,0,0,0,0,0,0,0,1,0,0,1,0,0,1,0,1,0
0,0,0,30,20,2245,4,2,1,1,0,0,0,0,0,0,0,0,1,0,0,0,1,0,0,1,0,0,1,0,0
0,0,1,32,9,2495,3,3,2,1,0,0,0,0,0,0,0,1,0,0,0,1,0,0,1,1,0,0,1,0,0
0,0,1,40,22,1327,3,3,1,1,0,0,0,0,0,0,0,0,1,0,0,1,0,0,1,0,0,1,0,1,0
1,0,1,35,19,3378,3,3,2,1,0,1,0,0,0,0,0,0,0,0,0,0,0,0,1,0,0,1,1,0,0
0,0,0,33,19,3650,2,3,2,1,0,1,0,0,0,0,0,0,0,1,0,1,0,0,1,0,0,1,0,0,1
1,0,0,36,21,6999,3,1,2,1,0,1,0,0,0,0,0,0,0,0,0,0,0,0,1,0,0,1,0,1,0
0,0,0,39,15,4253,3,3,2,1,0,0,0,0,0,0,0,0,0,0,0,0,0,0,1,0,0,1,1,0,0
0,0,0,24,12,3216,4,4,2,1,0,1,0,0,0,0,0,0,0,0,0,1,0,0,1,0,0,1,0,1,0
0,0,0,28,21,3865,3,3,1,1,1,0,0,0,0,0,0,0,0,0,0,0,0,0,1,0,0,1,0,1,0
0,0,0,38,23,2273,3,3,1,1,0,0,0,0,0,0,0,0,0,0,0,1,1,0,0,0,0,1,0,1,0
0,0,0,27,23,1053,3,3,1,1,0,0,0,0,0,0,0,0,0,0,0,0,0,0,1,0,0,1,0,0,1
0,0,0,37,19,1577,3,3,1,1,0,0,0,0,0,0,0,0,1,0,0,0,1,0,0,0,1,0,1,0,0
1,0,0,35,36,4213,3,3,2,2,0,0,0,0,0,0,0,0,0,0,0,0,0,0,1,0,0,1,0,1,0
1,0,0,38,20,2483,3,3,1,1,0,0,1,0,0,0,0,0,0,0,0,1,1,0,0,0,0,1,1,0,0
0,0,1,31,23,3364,3,3,1,1,0,0,0,1,1,0,0,0,0,0,0,1,0,0,1,0,0,1,1,0,0
0,0,0,30,12,951,3,4,1,1,0,0,0,0,0,0,0,0,0,1,0,1,1,0,0,0,0,1,1,0,0
1,0,0,40,23,4297,3,3,2,1,0,0,0,0,0,0,0,0,1,0,0,0,0,0,1,0,0,1,0,1,0
0,0,0,40,17,2922,3,3,1,1,0,0,0,0,1,0,0,0,0,0,0,0,1,0,0,0,0,1,1,0,0
0,0,0,35,21,5133,3,3,1,1,0,0,0,0,0,0,0,0,0,0,0,0,1,0,0,0,0,1,1,0,0
1,0,0,41,48,5899,3,1,2,2,0,0,0,0,0,0,0,0,0,0,0,1,1,0,0,0,0,1,0,1,0
0,0,0,30,21,4749,3,3,2,1,0,0,0,0,1,0,0,1,0,0,0,1,1,0,0,0,0,1,1,0,0
1,0,0,26,18,1179,4,2,1,1,0,1,0,0,0,0,0,0,1,0,0,0,0,0,1,0,0,1,0,1,0
1,0,0,41,30,2343,4,3,2,1,0,0,0,0,0,0,0,0,0,0,0,1,1,0,0,1,0,0,0,1,0
0,0,1,52,12,3656,3,3,1,1,1,0,0,0,0,0,0,0,0,0,0,0,0,0,1,0,0,1,0,1,0
0,0,0,35,36,3032,4,3,1,1,0,0,0,0,0,0,0,0,1,0,0,0,0,0,1,0,0,1,0,1,0
0,0,1,36,15,4419,3,4,2,1,0,0,0,0,1,0,0,0,0,0,0,0,0,0,1,0,0,1,0,1,0
0,0,0,36,20,3151,2,3,1,1,0,0,0,0,0,0,0,0,1,0,0,0,1,0,0,0,0,1,1,0,0
0,0,0,36,21,3310,3,3,2,1,0,0,0,0,0,0,0,0,0,0,0,0,0,0,1,0,0,1,1,0,0
0,0,0,36,22,2973,3,2,1,1,0,1,0,0,0,0,0,0,1,0,0,1,0,0,1,0,0,1,0,1,0
0,0,0,32,18,2660,3,2,2,1,1,0,0,0,0,0,0,0,0,0,0,0,0,0,1,0,0,1,1,0,0
0,0,0,36,9,918,3,3,1,1,0,0,0,0,0,0,0,0,1,0,0,1,1,0,0,0,0,1,1,0,0
1,0,0,65,22,571,4,3,1,1,0,1,0,0,0,0,0,0,0,0,0,0,0,0,1,0,0,1,0,1,0
0,0,0,40,21,2892,3,4,1,1,0,0,0,0,0,0,0,0,0,0,0,1,0,0,1,0,0,1,1,0,0
0,0,0,31,24,2229,2,4,1,1,0,0,0,0,0,0,0,0,1,0,0,0,1,0,0,0,1,0,0,1,0
0,0,0,28,20,2993,3,2,2,1,0,0,0,0,0,0,0,0,0,0,0,0,0,0,1,0,0,1,1,0,0
0,0,0,37,23,3112,4,3,2,1,0,1,0,0,0,0,0,0,0,0,0,1,0,0,1,0,0,1,0,1,0
0,0,0,62,22,4107,3,3,1,1,1,1,0,0,0,0,1,0,0,0,0,0,0,0,1,0,0,1,0,1,0
0,0,0,36,12,2805,4,3,2,1,0,0,0,0,0,0,0,0,1,0,0,0,0,0,1,0,0,1,1,0,0
0,0,0,27,23,3123,3,1,1,1,0,1,0,0,0,0,0,0,0,0,0,0,0,0,1,0,0,1,0,1,0
0,0,0,25,17,3696,4,3,1,1,0,0,0,0,0,0,0,0,0,1,0,0,1,0,0,0,0,1,1,0,0
0,0,0,28,21,2606,3,4,2,1,1,0,0,0,0,0,0,0,0,0,0,0,0,0,1,0,0,1,0,0,1
1,0,1,27,60,7418,3,3,1,1,0,0,0,0,0,0,0,0,0,0,0,0,1,0,0,0,0,1,1,0,0
0,0,0,33,22,5543,4,3,2,1,0,0,0,1,0,0,0,0,0,0,0,0,0,0,1,0,0,1,0,1,0
1,0,0,32,24,6227,3,2,2,1,1,1,0,0,0,0,0,0,0,0,0,0,0,0,1,0,0,1,1,0,0
0,0,0,40,24,4818,4,4,1,1,0,0,0,0,0,0,0,0,0,0,0,0,0,0,1,0,0,1,0,1,0
0,0,0,36,21,3394,3,2,1,1,0,0,0,0,0,0,0,0,0,1,0,0,0,0,1,0,0,1,1,0,0
0,0,0,30,17,1597,3,3,1,1,0,0,0,0,0,0,0,0,0,0,0,0,1,0,0,0,0,1,1,0,0
0,0,0,35,24,4783,3,3,1,1,0,0,0,0,0,0,0,0,0,0,0,0,0,0,1,0,0,1,1,0,0
0,0,0,36,22,3322,3,4,2,1,0,1,0,1,0,0,0,0,0,0,0,1,0,0,1,0,0,1,0,1,0
0,0,1,31,21,2563,1,3,1,1,0,0,0,0,0,0,0,0,0,0,0,0,0,0,1,0,0,1,1,0,0
0,0,0,37,12,2066,4,3,1,2,0,1,1,0,0,0,0,0,0,0,0,0,0,0,1,0,0,1,1,0,0
0,0,0,28,19,2944,3,3,1,1,0,1,0,0,0,0,0,0,0,0,0,1,1,0,0,1,0,0,0,0,1
0,0,0,24,30,2771,3,4,1,1,0,1,0,0,0,0,0,0,0,0,0,0,0,0,1,0,0,1,1,0,0
0,0,0,38,24,3032,3,3,1,1,0,0,0,0,0,0,0,0,0,0,0,0,0,1,0,0,0,1,1,0,0
0,0,0,33,18,5084,3,4,2,1,0,0,0,1,1,0,0,0,0,0,0,0,1,0,0,0,0,1,1,0,0
0,0,0,35,36,3083,3,3,1,1,0,0,0,0,0,0,0,0,0,1,0,0,0,0,1,0,0,1,1,0,0
0,0,0,44,23,12579,4,3,1,1,0,1,0,0,0,0,0,0,0,0,0,0,0,0,1,0,0,1,1,0,0
0,0,0,33,17,3045,1,3,1,1,0,1,0,0,0,0,0,0,0,0,1,0,0,0,1,0,0,1,1,0,0
0,0,0,28,30,2329,3,3,2,1,0,0,0,0,0,0,0,0,1,0,0,0,0,0,1,0,0,1,1,0,0
0,0,0,35,21,4952,3,3,2,1,0,0,0,0,0,0,0,0,0,0,0,0,0,0,1,0,0,1,0,1,0
0,0,0,34,17,2319,4,3,1,1,0,1,0,0,0,0,0,0,0,0,0,0,1,0,0,0,0,1,1,0,0
0,0,0,30,22,3734,3,3,1,1,0,0,0,0,0,0,0,0,0,0,0,0,1,0,0,1,0,0,0,1,0
0,0,0,36,18,3768,3,3,1,1,0,1,0,0,0,0,0,0,0,0,0,0,0,1,0,0,0,1,0,1,0
1,0,0,33,17,2010,3,3,1,1,0,0,0,1,0,0,0,0,0,0,0,1,0,0,1,0,0,1,0,1,0
0,0,0,36,12,1858,3,1,1,1,0,0,0,0,0,0,0,0,0,0,0,1,0,0,1,0,0,1,1,0,0
0,0,1,22,23,2981,4,2,1,1,0,0,0,0,0,0,0,0,0,0,0,0,1,0,0,0,0,1,1,0,0
0,0,0,26,20,3605,3,2,1,1,0,1,0,0,0,0,0,0,0,0,0,1,1,0,0,1,0,0,1,0,0
1,0,0,36,24,1217,3,3,1,1,0,0,0,0,0,0,0,0,0,0,0,0,0,0,1,0,0,1,0,1,0
0,0,0,39,24,2884,3,3,2,2,0,0,0,0,0,0,0,0,0,0,0,0,0,0,1,0,0,1,1,0,0
1,0,1,42,24,1503,3,3,1,2,0,1,0,0,0,0,0,0,0,0,0,0,0,0,1,0,0,1,0,1,0
0,0,0,74,21,5129,3,4,1,1,1,0,0,0,0,0,0,0,0,0,0,0,1,0,0,0,0,1,1,0,0
1,0,0,41,22,3138,3,1,2,1,0,1,0,0,0,0,0,0,1,0,0,0,0,0,1,0,0,1,0,1,0
0,0,0,24,48,3068,3,3,1,1,0,1,0,0,0,0,0,0,1,0,0,0,0,0,1,0,0,1,0,1,0
0,0,0,23,20,3935,3,4,1,1,0,0,0,0,0,0,0,0,0,0,0,1,0,0,1,0,0,1,1,0,0
0,0,0,35,18,2441,4,2,1,1,0,1,0,0,0,0,0,0,1,0,0,0,0,0,1,0,0,1,1,0,0
0,0,1,30,39,14179,4,4,1,1,0,0,0,1,0,0,0,0,1,0,0,0,0,0,1,0,0,1,0,1,0
0,0,0,36,20,3063,3,1,1,1,0,0,0,1,0,0,0,0,0,0,0,1,0,0,1,0,0,1,0,0,1
0,0,1,35,19,1935,3,4,1,1,0,0,0,0,0,0,0,0,1,0,0,1,0,0,1,0,0,1,0,1,0
0,0,0,35,18,4138,1,3,1,1,0,1,0,0,0,0,0,0,0,0,0,0,0,0,1,0,0,1,1,0,0
0,0,0,37,12,3610,3,4,3,1,1,1,0,0,0,0,0,0,0,0,0,1,0,0,1,0,0,1,0,1,0
0,0,0,34,18,3187,3,2,2,1,0,0,0,0,0,0,0,0,0,0,0,0,0,0,1,0,0,1,1,0,0
0,0,0,35,19,4329,3,3,1,1,0,1,0,0,0,0,0,0,0,0,0,0,0,0,1,0,0,1,0,1,0
0,0,1,35,23,3393,3,4,2,1,0,0,0,0,0,0,0,0,0,0,0,0,0,0,1,0,0,1,0,1,0
1,0,1,36,19,1657,2,3,1,1,0,1,0,0,0,0,0,0,0,0,0,0,0,0,1,0,0,1,1,0,0
1,0,1,37,22,2993,3,2,2,1,0,0,0,0,0,0,0,0,0,0,0,0,0,0,1,0,0,1,0,1,0
1,0,1,28,21,3361,3,2,2,1,0,0,0,0,0,0,0,0,0,0,0,0,0,0,1,0,0,1,0,1,0
0,0,0,28,25,2582,3,3,2,1,0,0,0,0,0,0,0,0,0,0,0,0,0,1,0,0,0,1,1,0,0
1,0,0,36,15,2360,3,2,1,1,0,0,0,0,0,0,0,0,0,0,0,1,0,0,1,0,0,1,1,0,0
0,0,0,28,22,3786,3,3,2,1,0,1,0,0,0,0,0,0,0,1,0,1,0,0,1,0,0,1,1,0,0
0,0,0,38,20,3245,1,3,2,2,1,1,0,0,0,0,0,0,0,0,0,0,1,0,0,1,0,0,1,0,0
0,0,0,49,10,3869,3,3,2,1,1,1,0,0,0,0,0,0,0,0,0,0,0,0,1,0,0,1,0,1,0
0,0,1,38,22,5493,3,3,1,2,0,0,0,0,0,0,0,0,0,0,0,0,0,0,1,0,0,1,0,1,0
0,0,1,38,30,5482,3,3,1,1,0,0,0,1,0,0,0,0,0,0,0,0,0,0,1,0,0,1,0,1,0
0,0,0,26,18,1113,3,3,1,2,0,0,0,0,0,0,0,0,1,0,0,0,0,0,1,0,0,1,1,0,0
0,0,0,34,21,3615,3,2,2,1,0,0,0,0,0,0,0,0,0,0,0,1,1,0,0,0,0,1,1,0,0
0,0,1,33,23,2483,3,3,2,1,1,0,1,0,0,0,0,0,0,0,0,0,0,0,1,0,1,0,1,0,0
0,0,0,39,24,4907,2,3,2,1,0,0,0,0,0,0,0,0,0,0,0,1,0,0,1,0,0,1,0,1,0
1,0,1,36,22,2932,4,4,1,1,0,1,0,1,0,0,0,0,1,0,0,0,0,0,1,0,0,1,0,1,0
0,0,1,41,21,2712,3,3,1,1,0,0,0,0,1,0,0,0,1,0,0,0,0,0,1,0,0,1,0,1,0
1,0,1,37,24,4519,4,3,2,1,0,0,0,0,0,0,0,0,0,0,0,0,0,0,1,0,0,1,1,0,0
1,0,0,37,22,1908,3,3,2,1,1,0,0,0,0,0,0,0,1,0,0,0,0,0,1,0,0,1,0,1,0
0,0,1,39,23,4363,3,4,1,2,1,0,0,0,0,0,0,0,0,0,0,1,0,0,1,0,0,1,0,1,0
0,0,1,41,21,2116,3,3,1,1,0,0,0,0,0,0,0,0,1,0,0,0,0,0,1,0,0,1,1,0,0
0,0,0,36,23,5344,4,3,2,1,0,0,0,0,0,0,0,0,1,0,0,0,0,0,1,0,0,1,0,1,0
0,0,0,39,22,3656,4,4,1,1,0,1,0,0,0,0,0,0,0,0,0,0,0,0,1,0,0,1,0,1,0
0,0,0,32,17,2990,3,4,1,1,1,0,0,0,0,0,0,0,0,0,0,0,0,0,1,0,0,1,1,0,0
0,0,0,39,19,2978,1,3,1,1,0,1,0,0,0,0,0,0,0,0,0,0,0,0,1,0,0,1,1,0,0
0,0,1,50,23,4472,2,4,2,1,0,0,0,0,0,0,0,0,1,0,0,1,0,0,1,0,0,1,1,0,0
1,0,1,34,48,5381,3,3,1,1,0,0,0,0,0,0,0,0,0,0,1,0,1,0,0,0,0,1,1,0,0
0,1,0,38,25,609,4,3,2,1,0,0,0,0,0,0,0,0,1,0,0,1,0,0,1,0,0,1,0,1,0
0,0,1,35,22,2229,3,3,1,1,0,0,0,0,0,0,0,0,0,0,0,0,0,0,1,0,0,1,0,1,0
0,0,0,35,18,3951,3,3,1,1,0,0,0,0,0,0,0,0,0,0,0,1,0,0,1,0,0,1,1,0,0
0,0,1,35,30,4045,3,3,2,1,0,0,0,0,0,0,0,0,0,0,0,0,0,0,1,0,0,1,0,0,1
0,0,0,35,21,2618,3,3,1,1,0,0,0,0,0,0,0,0,0,0,0,0,0,0,1,0,0,1,1,0,0
1,0,1,34,25,4644,4,3,2,1,1,0,0,1,0,0,0,0,0,0,0,0,0,0,1,0,0,1,0,1,0
0,0,0,22,18,2368,3,4,1,1,0,1,0,0,0,0,0,0,0,0,0,0,0,0,1,0,0,1,1,0,0
1,0,1,39,23,2338,3,3,2,1,1,1,0,0,0,0,0,0,0,0,0,1,0,0,1,0,0,1,0,1,0
0,0,0,34,42,2415,3,3,1,1,0,0,0,0,0,0,0,0,0,0,0,0,0,0,1,0,0,1,0,1,0
1,0,1,37,18,2515,3,4,1,1,0,0,0,0,0,0,0,0,0,0,0,0,0,0,1,0,0,1,0,1,0
0,0,0,30,26,4438,3,2,2,1,0,0,0,0,0,0,0,0,0,0,0,0,0,0,1,0,0,1,0,1,0
0,0,0,39,24,3868,4,3,2,1,1,1,0,1,0,0,0,0,0,0,0,0,0,0,1,0,0,1,0,1,0
0,0,0,39,18,3118,3,3,1,1,0,0,1,0,1,0,0,0,0,0,0,0,0,0,1,0,0,1,1,0,0
0,0,0,38,21,1068,3,4,1,1,0,0,0,0,0,0,0,0,0,0,0,0,1,0,0,0,0,1,0,1,0
0,0,0,45,17,4131,3,3,2,2,0,0,0,0,0,0,0,0,0,0,0,0,0,0,1,0,1,0,1,0,0
0,0,1,23,6,3443,3,3,1,1,1,0,0,0,0,0,0,0,0,0,0,0,1,0,0,0,0,1,1,0,0
0,0,0,38,24,5524,2,3,2,1,1,0,0,0,0,0,0,0,0,0,0,0,1,0,0,1,0,0,1,0,0
0,0,0,24,24,4004,2,3,2,1,0,0,0,0,0,0,0,0,0,0,0,1,0,0,1,0,0,1,0,1,0
0,0,1,66,22,2939,3,4,1,1,0,0,0,0,0,0,0,0,1,0,0,0,0,0,1,0,0,1,0,1,0
0,0,1,36,18,2153,3,3,1,1,0,0,1,0,0,0,0,0,0,0,0,0,1,0,0,0,0,1,1,0,0
0,0,0,37,21,3682,3,1,1,1,0,0,0,1,0,0,0,0,0,0,0,0,0,0,1,0,0,1,0,1,0
0,0,0,30,12,983,2,4,1,1,0,1,0,0,0,0,0,0,0,0,0,0,1,0,0,0,0,1,1,0,0
0,0,0,31,22,1963,3,2,2,1,1,0,0,0,0,0,0,0,0,0,0,0,0,0,1,0,0,1,0,1,0
1,0,0,38,22,12680,3,4,1,1,0,0,0,0,0,0,0,0,0,0,0,1,0,0,1,0,0,1,0,1,0
0,0,0,36,20,5164,3,3,1,1,0,0,0,0,0,0,0,0,0,0,0,0,0,1,0,0,0,1,0,1,0
0,0,0,36,21,4216,3,4,1,1,0,0,0,0,0,0,0,0,0,0,0,1,0,0,1,0,0,1,0,1,0
0,0,0,41,24,1198,3,3,2,1,0,1,0,0,0,0,0,0,0,0,0,0,0,0,1,0,0,1,0,1,0
0,0,0,31,15,1778,3,3,1,1,0,0,0,0,0,0,0,0,0,1,0,0,1,0,0,0,0,1,0,0,1
0,0,0,37,23,2969,3,3,2,1,0,1,0,0,0,0,0,0,1,0,0,0,0,0,1,0,0,1,1,0,0
0,0,0,37,22,3937,3,4,1,1,0,0,0,0,0,0,0,0,0,0,0,1,0,1,0,0,0,1,1,0,0
0,0,1,35,18,7511,3,3,2,2,0,0,0,0,0,0,0,0,0,0,0,0,0,0,1,0,0,1,0,1,0
0,0,0,35,18,2213,3,4,1,1,0,0,0,0,0,0,0,0,0,0,0,0,0,0,1,1,0,0,1,0,0
0,0,0,39,21,2820,3,4,4,1,0,1,0,1,0,0,0,0,0,0,0,0,0,0,1,0,0,1,0,1,0
0,0,0,34,21,3429,1,3,1,1,0,0,0,0,1,0,0,0,1,0,0,0,0,0,1,0,0,1,1,0,0
0,0,0,42,36,1407,4,2,1,1,0,0,0,0,0,0,0,0,0,0,0,0,0,0,1,0,0,1,0,1,0
0,0,0,38,18,3590,3,3,1,2,0,0,0,0,0,0,0,0,1,0,1,0,1,0,0,0,0,1,1,0,0
0,0,0,22,12,2926,3,3,1,1,0,1,0,0,0,0,0,0,0,0,0,0,1,0,0,0,0,1,1,0,0
1,0,1,40,20,2734,3,2,1,1,0,0,0,0,0,0,0,0,0,0,0,0,0,0,1,0,0,1,0,1,0
0,0,1,35,30,4435,4,2,2,1,0,0,0,0,0,0,0,0,0,0,0,0,0,0,1,0,1,0,1,0,0
0,0,0,37,15,3766,4,3,2,1,0,0,0,0,1,0,0,0,1,0,0,0,0,0,1,0,0,1,1,0,0
0,0,0,35,19,2595,3,3,1,1,0,0,0,0,0,0,0,0,0,0,0,1,0,0,1,0,0,1,0,1,0
0,0,0,32,4,3642,3,3,1,1,0,1,0,0,0,0,0,0,0,0,0,0,0,0,1,0,0,1,0,0,1
1,0,0,39,21,2905,3,3,2,1,0,0,0,0,0,0,0,0,0,0,0,0,0,0,1,0,0,1,0,1,0
1,0,1,36,21,4623,3,2,1,2,1,0,0,0,0,0,0,0,0,0,0,0,0,0,1,0,0,1,0,1,0
0,0,0,30,12,4417,3,3,2,2,0,1,0,0,0,0,0,0,0,0,0,1,0,0,1,0,0,1,0,1,0
1,0,0,39,21,3799,3,3,2,1,0,0,0,0,0,0,0,0,1,0,0,0,0,0,1,0,0,1,0,1,0
0,0,0,34,12,6320,2,1,2,1,0,0,0,0,0,0,0,0,1,0,0,0,0,0,1,0,0,1,0,1,0
0,0,0,33,23,1766,1,2,2,1,0,0,0,0,0,0,0,0,0,0,0,0,0,0,1,0,0,1,1,0,0
0,0,0,38,36,3761,3,1,1,1,0,1,0,0,0,0,0,0,1,0,0,1,0,1,0,0,0,1,1,0,0
1,0,0,33,22,866,3,2,1,1,0,0,0,0,0,0,0,0,0,0,0,0,0,0,1,0,0,1,1,0,0
0,0,0,39,48,3181,3,3,2,1,0,0,0,0,0,0,0,0,0,0,0,1,0,0,1,0,0,1,0,1,0
0,0,0,35,25,1795,3,4,2,1,0,0,0,0,0,0,0,1,0,0,0,0,1,0,0,0,0,1,1,0,0
0,0,0,35,21,4359,3,3,2,1,0,0,0,0,0,0,0,0,0,0,0,1,1,0,0,0,0,1,1,0,0
0,0,1,41,21,3160,4,3,1,1,0,1,0,0,0,0,0,0,1,0,0,0,0,0,1,0,0,1,0,1,0
1,0,0,35,21,1919,4,3,2,1,0,1,0,0,0,0,0,0,0,1,0,0,1,0,0,0,0,1,1,0,0
1,0,1,31,21,2356,4,4,1,1,0,1,1,0,0,0,0,0,0,0,0,0,0,1,0,0,0,1,0,1,0
0,0,0,36,36,7127,2,3,1,1,0,0,0,0,0,0,0,0,0,0,0,0,0,0,1,0,0,1,1,0,0
0,0,0,26,23,6090,4,1,1,1,0,0,0,0,0,0,0,0,0,0,0,0,0,0,1,0,0,1,1,0,0
0,0,0,22,21,4225,3,1,1,1,0,0,0,0,0,0,0,0,1,0,0,0,0,0,1,0,0,1,1,0,0
1,0,0,39,36,1974,3,1,2,1,0,0,0,0,0,0,0,0,1,0,0,0,0,0,1,0,0,1,0,1,0
0,0,0,37,25,4185,4,3,2,1,1,1,0,1,0,0,0,0,0,1,0,0,0,0,1,0,0,1,0,1,0
0,0,0,34,30,2211,3,3,1,1,0,0,0,0,0,0,0,0,1,0,0,1,0,0,1,0,0,1,1,0,0
0,0,0,33,12,3176,3,3,2,1,0,1,0,1,0,0,0,0,0,0,0,0,0,0,1,0,0,1,1,0,0
0,0,0,26,48,4788,4,3,1,1,0,1,0,0,0,0,0,0,1,0,0,1,0,0,1,0,0,1,0,1,0
1,0,0,37,30,8386,3,2,1,1,0,1,0,1,0,0,0,0,0,0,0,0,0,0,1,0,0,1,0,1,0
0,0,1,33,19,10366,4,3,1,1,0,0,0,0,0,0,0,0,0,0,0,0,0,0,1,0,0,1,0,1,0
0,0,0,37,22,1804,3,4,1,1,0,0,0,0,0,0,0,0,0,0,0,0,1,0,0,0,0,1,0,0,1
0,0,0,40,22,4297,3,3,2,1,0,0,0,0,0,0,0,0,0,0,0,1,0,0,1,0,0,1,0,1,0
0,0,0,37,22,3263,4,2,1,1,0,1,0,0,0,0,0,0,0,0,0,0,0,0,1,0,0,1,1,0,0
1,0,0,37,21,3275,3,3,2,1,1,0,0,0,0,0,0,0,0,1,0,1,0,0,1,0,0,1,0,1,0
0,0,0,33,24,2345,4,3,1,1,0,0,0,0,0,0,0,0,0,0,0,0,0,0,1,0,0,1,0,0,1
0,0,0,23,21,392,3,4,2,1,0,0,0,0,0,0,0,0,0,1,0,1,0,1,0,0,0,1,1,0,0
0,0,0,33,19,3677,4,4,1,1,0,0,0,0,0,0,0,0,0,0,0,1,1,0,0,0,0,1,1,0,0
0,0,0,29,21,518,3,3,2,1,0,0,0,0,0,0,0,0,0,0,0,0,0,0,1,0,0,1,0,1,0
1,0,0,23,27,2096,3,3,2,1,0,0,0,0,0,0,0,0,0,0,0,0,1,0,0,0,1,0,1,0,0
0,0,0,38,23,2179,1,3,1,2,1,0,0,0,0,0,0,0,0,0,0,0,0,0,1,0,0,1,0,1,0
0,0,0,31,36,3812,3,3,1,1,0,0,0,0,0,0,0,0,0,0,0,1,0,0,1,0,0,1,0,1,0
1,0,1,35,21,3154,3,3,2,1,0,0,0,0,0,0,0,0,1,0,0,1,0,0,1,0,0,1,0,1,0
0,0,0,22,21,2585,3,3,1,1,0,0,0,0,0,0,0,0,0,0,0,0,0,0,1,0,0,1,1,0,0
0,0,0,36,25,2002,3,3,1,1,1,0,0,0,0,0,0,0,0,0,0,1,0,0,1,0,0,1,0,1,0
0,0,1,28,24,1797,3,1,1,1,0,0,0,1,1,0,0,0,0,0,0,0,0,0,1,0,0,1,0,1,0
0,0,0,34,19,10722,3,3,1,1,0,1,0,0,0,0,0,0,1,0,0,0,0,0,1,0,0,1,0,0,1
0,0,0,50,12,2390,3,3,1,1,1,1,0,0,0,0,0,0,0,0,0,0,0,0,1,0,0,1,0,1,0
0,0,0,37,9,5787,4,1,1,1,0,1,0,0,0,0,0,0,1,0,0,0,1,0,0,0,0,1,1,0,0
0,0,0,31,9,276,4,3,1,1,0,1,0,0,0,0,0,0,0,0,0,0,1,0,0,0,0,1,1,0,0
0,0,0,20,24,2426,3,3,2,1,0,1,0,0,0,0,0,0,0,0,0,1,0,0,1,0,0,1,1,0,0
1,0,0,38,20,1652,3,3,1,1,0,0,0,1,0,0,0,0,0,0,0,0,0,0,1,0,0,1,0,1,0
0,0,1,32,30,4236,3,3,1,1,0,0,0,0,0,0,0,0,1,0,0,0,1,0,0,1,0,0,1,0,0
1,0,1,35,23,5243,3,3,2,1,0,0,0,0,0,0,0,0,0,0,0,0,0,0,1,0,0,1,0,1,0
0,0,0,40,30,3021,4,3,1,1,0,1,0,0,0,0,0,0,0,0,0,0,0,0,1,0,0,1,0,1,0
0,0,0,39,24,426,3,3,1,1,0,1,0,0,0,0,0,0,0,0,0,0,0,0,1,0,0,1,0,1,0
0,0,0,35,27,5293,3,4,2,1,0,1,0,0,0,0,0,0,0,0,0,0,0,0,1,0,0,1,1,0,0
0,0,0,29,12,4847,3,3,1,1,0,0,0,0,0,0,0,0,0,0,0,1,0,0,1,0,0,1,1,0,0
1,0,0,35,36,3308,3,3,1,1,0,1,0,0,0,0,0,0,0,0,0,0,0,0,1,0,0,1,0,1,0
0,0,0,34,19,1950,3,1,1,1,1,1,0,0,0,0,0,0,0,0,0,0,0,0,1,0,0,1,1,0,0
0,0,0,34,26,4419,4,3,2,1,0,0,0,1,0,0,0,0,1,0,0,0,0,0,1,0,0,1,0,1,0
0,0,0,37,9,5395,3,3,1,2,0,0,0,0,0,0,0,0,0,0,0,1,0,0,1,0,0,1,0,1,0
0,0,0,35,21,4773,4,3,2,1,0,0,0,0,0,0,0,0,1,0,0,0,0,0,1,0,0,1,1,0,0
1,0,0,37,18,2671,4,3,1,1,0,0,0,0,0,0,0,0,0,0,0,0,0,0,1,0,0,1,1,0,0
0,0,0,29,25,1893,3,3,1,1,0,0,0,0,0,0,0,1,0,0,0,0,0,0,1,0,0,1,1,0,0
0,0,0,37,12,1092,4,3,1,1,1,1,0,0,0,0,0,0,0,0,0,0,0,0,1,0,0,1,1,0,0
0,0,0,36,25,4704,3,3,2,1,0,1,0,1,0,0,0,0,0,0,0,0,0,0,1,0,0,1,0,1,0
1,0,0,34,18,2864,3,1,1,2,0,0,0,0,0,0,0,0,0,0,0,0,0,0,1,0,0,1,0,1,0
0,0,1,33,23,3208,3,1,1,1,0,1,0,0,0,0,0,0,0,0,0,1,0,0,1,0,0,1,1,0,0
0,0,0,39,24,1736,3,3,1,1,0,0,0,0,0,0,0,0,1,0,0,0,0,0,1,0,0,1,0,1,0
0,0,0,37,24,14027,4,3,1,1,1,1,0,0,0,0,0,0,0,0,0,0,1,0,0,0,0,1,0,1,0
0,0,0,41,18,6361,3,3,2,1,0,0,0,1,0,0,0,0,0,0,0,1,0,0,1,0,0,1,0,1,0
1,0,1,29,18,2896,2,3,1,1,0,1,0,0,0,0,0,0,0,0,0,0,0,0,1,0,0,1,1,0,0
0,0,0,36,12,5575,3,4,2,1,0,0,0,0,0,0,0,0,0,0,0,0,0,0,1,0,0,1,0,1,0
0,0,0,34,21,3197,4,3,1,1,0,0,0,0,0,0,0,0,0,0,0,1,0,0,1,1,0,0,1,0,0
0,0,0,31,14,2319,1,3,2,1,1,0,0,0,0,0,0,0,0,0,0,1,1,0,0,0,0,1,1,0,0
0,0,0,22,20,1670,4,2,1,1,0,0,0,0,0,0,0,0,0,0,0,1,0,0,1,0,0,1,1,0,0
0,0,0,38,19,2282,2,4,1,2,1,0,0,0,0,0,0,0,1,0,0,0,1,0,0,0,0,1,1,0,0
0,0,0,36,22,4021,2,4,1,1,0,0,0,0,0,0,0,0,0,1,0,0,1,0,0,1,0,0,1,0,0
0,0,0,42,23,3160,3,4,1,1,0,0,0,0,0,0,0,0,1,0,0,1,0,0,1,0,0,1,0,1,0
0,0,1,38,22,3050,3,3,1,1,1,0,0,0,0,0,0,0,1,0,0,0,0,0,1,0,0,1,0,1,0
0,0,1,27,22,3589,3,3,1,1,1,1,0,0,0,0,0,0,0,0,0,0,0,0,1,0,0,1,0,0,1
0,0,0,39,24,902,4,3,1,1,0,0,0,0,0,0,0,0,0,1,0,1,0,0,1,0,0,1,0,1,0
0,0,0,25,18,866,3,3,1,1,0,0,0,0,0,0,0,1,1,0,0,0,0,0,1,0,0,1,1,0,0
0,0,1,37,22,3149,3,3,1,1,0,1,0,0,1,0,0,0,0,0,0,0,0,0,1,0,0,1,0,1,0
0,0,1,34,22,3124,3,3,2,1,0,0,0,0,0,0,0,0,0,0,0,0,0,0,1,1,0,0,1,0,0
0,0,0,34,6,4567,3,4,1,1,1,0,0,0,0,0,0,0,1,0,1,0,0,0,1,0,0,1,1,0,0
1,0,1,34,9,2118,2,3,2,1,0,0,0,0,0,0,0,0,0,0,0,0,0,0,1,0,0,1,1,0,0
0,0,0,36,20,3216,1,3,1,1,0,0,0,0,0,0,0,0,0,0,0,0,0,0,1,0,0,1,0,0,1
1,0,0,24,22,1768,3,3,1,1,0,0,0,0,0,0,0,0,0,1,0,0,0,0,1,0,0,1,1,0,0
1,0,0,26,19,2813,3,3,2,1,0,1,0,0,0,0,0,0,1,0,0,0,0,0,1,0,0,1,1,0,0
1,0,0,36,23,2936,2,3,1,2,1,0,0,0,0,0,0,0,0,0,0,0,0,0,1,0,0,1,1,0,0
0,0,0,36,24,5103,3,3,1,1,1,0,0,0,0,0,0,0,0,0,0,1,0,0,1,0,0,1,0,1,0
0,0,0,38,22,5201,3,4,1,1,0,0,0,1,0,0,0,0,0,0,0,0,0,0,1,0,0,1,1,0,0
0,0,0,34,20,3031,4,3,1,1,0,1,0,0,0,0,0,0,0,0,0,1,1,0,0,1,0,0,1,0,0
1,0,0,31,17,2236,1,3,1,1,0,0,0,1,0,0,0,0,0,0,0,0,0,1,0,0,0,1,1,0,0
0,0,0,35,21,3405,3,3,1,1,1,0,0,0,0,0,0,0,0,0,0,0,0,0,1,0,0,1,0,1,0
0,0,1,35,23,3156,3,1,1,1,0,0,0,0,0,0,0,0,0,0,0,0,0,0,1,0,0,1,0,1,0
0,0,0,35,24,2195,1,3,1,1,0,1,0,0,0,0,0,0,0,0,0,1,0,0,1,0,0,1,0,1,0
0,0,0,31,10,2901,3,4,1,1,0,1,0,0,0,0,0,0,0,0,0,1,0,0,1,0,0,1,1,0,0
0,0,1,33,21,3481,1,4,1,1,0,1,0,0,0,0,0,0,0,0,0,1,0,0,1,0,0,1,1,0,0
0,0,0,32,6,2570,2,1,1,1,0,0,0,0,0,0,0,0,0,0,0,1,0,0,1,0,0,1,1,0,0
0,0,0,36,21,1913,3,3,1,1,0,1,0,0,1,0,0,0,1,0,0,0,1,0,0,1,0,0,1,0,0
0,0,0,28,22,3713,3,4,1,1,0,0,0,0,0,0,0,0,0,1,0,0,0,0,1,0,0,1,1,0,0
1,0,0,42,9,4603,2,3,2,1,0,0,0,0,0,0,0,0,0,0,0,1,0,0,1,0,0,1,1,0,0
1,0,1,33,21,3439,3,3,1,1,0,1,0,0,0,0,0,0,0,0,0,0,1,0,0,0,0,1,0,1,0
0,0,0,49,21,640,3,3,1,1,0,0,0,0,0,0,0,0,0,0,0,0,0,0,1,0,0,1,0,1,0
0,0,0,38,23,5954,3,3,1,1,0,0,0,0,0,0,0,0,1,0,0,0,0,0,1,0,0,1,0,1,0
0,0,1,33,21,4291,4,3,1,1,0,0,0,0,1,0,0,0,0,0,0,0,1,0,0,0,0,1,1,0,0
0,0,0,30,36,4795,3,3,1,1,0,0,0,0,0,0,0,0,0,0,0,0,1,0,0,0,0,1,1,0,0
1,0,1,37,22,4342,3,3,2,1,0,0,0,0,0,0,0,0,0,0,0,0,0,0,1,0,0,1,0,1,0
0,0,0,36,21,4002,3,3,1,1,0,1,0,0,0,0,0,0,0,0,0,1,0,0,1,0,1,0,1,0,0
0,0,0,35,21,1727,3,3,1,1,0,0,0,0,0,0,0,0,0,0,0,0,0,0,1,0,0,1,0,1,0
0,0,0,38,25,874,3,1,2,1,0,0,0,0,0,0,0,0,0,0,0,1,0,0,1,0,0,1,0,1,0
0,0,1,57,12,3087,4,3,1,1,0,1,0,0,0,0,0,0,0,0,0,0,0,0,1,0,0,1,0,1,0
1,0,0,34,12,3113,1,3,1,1,0,0,0,0,0,0,0,0,0,1,0,1,1,0,0,0,0,1,0,1,0
1,0,0,34,48,4164,3,2,1,1,0,0,0,0,0,0,0,0,0,0,0,1,0,0,1,0,0,1,1,0,0
0,0,0,28,22,3159,2,3,1,1,0,0,0,0,0,0,0,0,1,0,0,0,0,0,1,0,0,1,0,1,0
1,0,0,57,22,1264,3,3,1,1,0,0,0,1,0,0,0,0,0,0,0,0,0,0,1,0,0,1,1,0,0
0,0,0,40,23,5066,4,3,1,1,0,1,0,0,0,0,0,0,0,0,0,0,0,0,1,0,0,1,0,1,0
0,0,0,48,24,3710,2,4,1,1,0,0,0,0,0,0,0,0,1,0,0,1,1,0,0,0,0,1,0,1,0
0,0,0,25,12,4362,3,3,1,1,0,1,0,0,1,0,0,0,0,0,0,0,0,0,1,0,0,1,1,0,0
0,0,0,36,18,4426,1,4,2,1,0,0,0,0,0,0,0,0,0,0,0,1,0,0,1,0,0,1,1,0,0
0,0,0,36,22,3077,4,3,1,1,1,0,0,0,0,0,0,0,1,0,0,1,0,0,1,0,0,1,0,1,0
0,0,0,30,12,3195,3,2,1,1,0,0,0,0,0,0,0,0,0,0,0,0,1,0,0,0,0,1,0,1,0
0,0,1,35,20,1790,4,2,1,1,0,0,0,0,0,0,0,0,1,0,0,0,0,0,1,0,0,1,0,1,0
1,0,0,37,6,4211,3,4,1,1,0,0,0,0,0,0,0,0,0,0,0,0,0,0,1,0,1,0,1,0,0
1,0,0,34,20,5081,2,1,1,1,1,0,0,0,0,0,0,0,0,0,0,1,0,0,1,0,0,1,1,0,0
1,0,1,42,23,2030,3,1,1,1,0,0,0,0,0,0,0,0,0,0,0,0,0,0,1,0,0,1,0,1,0
0,0,0,37,45,5461,3,3,2,1,0,0,0,0,0,0,0,0,0,1,0,0,0,0,1,0,0,1,0,1,0
1,0,1,35,12,701,3,2,1,1,0,0,0,0,0,0,0,0,0,0,0,0,0,0,1,0,0,1,1,0,0
0,0,0,35,22,4142,4,4,1,1,0,0,0,0,0,0,0,0,0,0,0,0,0,0,1,0,0,1,1,0,0
1,0,0,33,12,1484,3,1,1,1,1,0,0,0,0,0,0,0,1,0,0,0,0,0,1,0,0,1,1,0,0
1,0,0,36,21,3803,3,3,1,1,0,0,0,0,0,0,0,0,0,0,0,0,0,0,1,0,0,1,0,1,0
0,0,0,30,21,3349,2,3,1,1,1,0,0,0,0,0,0,0,0,0,0,0,0,0,1,0,0,1,0,0,1
0,0,0,29,24,2896,3,3,1,1,0,0,0,0,0,0,0,0,0,0,0,0,0,0,1,1,0,0,1,0,0
1,0,1,37,20,3596,3,3,2,1,1,1,0,0,1,0,1,0,0,0,0,1,0,0,1,0,0,1,1,0,0
1,0,0,36,18,884,3,3,1,1,0,1,0,0,0,0,0,0,1,0,0,0,0,0,1,0,0,1,1,0,0
0,0,0,46,48,3167,3,3,2,1,0,0,0,0,0,0,0,0,1,0,0,0,0,0,1,0,0,1,0,1,0
0,0,0,25,19,5537,3,3,1,1,0,0,0,0,0,0,0,1,0,0,0,0,1,0,0,0,0,1,1,0,0
0,0,0,25,17,4833,1,3,1,1,0,1,0,0,0,0,0,0,0,0,0,0,1,0,0,0,0,1,1,0,0
0,0,0,40,18,7374,3,3,1,1,1,0,0,0,0,0,0,0,0,0,0,0,1,0,0,0,0,1,1,0,0
0,0,0,27,22,2799,3,3,1,1,0,0,0,0,0,0,0,0,1,0,0,1,0,0,1,0,0,1,1,0,0
1,0,1,35,25,717,4,3,1,1,0,1,0,1,0,0,0,0,0,0,0,0,0,0,1,0,0,1,1,0,0
1,0,0,36,21,2576,3,3,1,1,0,1,0,0,0,0,0,1,0,0,0,1,1,0,0,0,0,1,1,0,0
0,0,0,35,24,3506,4,3,1,1,0,1,0,0,0,0,0,0,0,0,0,0,0,1,0,0,0,1,0,1,0
0,0,0,32,19,1338,3,3,1,1,0,1,0,0,0,0,0,0,1,0,0,1,0,0,1,0,0,1,1,0,0
1,0,1,38,22,1203,3,2,2,1,0,0,0,0,0,0,0,0,1,0,0,0,0,0,1,0,0,1,0,1,0
0,0,0,47,18,5071,3,3,1,1,1,0,0,0,0,0,0,0,0,0,0,0,0,0,1,0,0,1,0,1,0
0,0,0,38,18,3509,4,3,1,1,0,0,0,0,0,0,0,0,1,0,0,1,0,0,1,0,0,1,0,1,0
0,0,0,35,30,6187,3,3,1,1,0,1,0,1,0,0,0,0,0,1,0,0,0,0,1,0,0,1,0,1,0
0,0,1,39,17,2122,3,3,2,1,0,0,0,0,0,0,0,0,0,0,0,0,0,0,1,0,0,1,1,0,0
0,0,1,34,8,731,3,4,1,1,0,1,0,1,0,0,0,0,1,0,0,0,0,0,1,0,0,1,0,1,0
1,0,1,30,15,3012,3,3,2,1,0,0,0,0,0,0,0,0,0,0,0,0,1,0,0,1,0,0,1,0,0
0,0,0,29,12,4077,3,3,2,1,1,0,0,0,0,0,0,0,0,0,0,0,0,0,1,0,0,1,1,0,0
0,0,0,38,22,2255,3,3,1,1,0,0,0,0,0,0,0,0,0,0,0,0,0,0,1,0,0,1,0,1,0
1,0,0,31,9,2813,3,3,2,1,0,0,0,0,0,0,0,0,1,0,0,0,0,0,1,0,0,1,0,1,0
1,0,0,27,14,4020,3,3,2,1,0,0,0,0,0,0,0,0,0,0,0,0,0,0,1,0,0,1,0,1,0
0,0,0,21,12,5064,3,3,1,1,0,0,0,0,0,0,0,0,0,1,0,0,0,0,1,0,0,1,0,1,0
0,0,1,39,23,3673,2,3,1,1,0,0,0,0,0,0,0,0,0,0,0,0,0,0,1,0,0,1,1,0,0
1,0,0,39,12,1783,4,3,1,1,0,0,0,0,0,0,0,0,0,0,0,0,1,0,0,0,0,1,0,1,0
1,0,0,25,18,866,3,3,1,1,0,0,0,0,0,0,0,1,0,0,0,0,1,0,0,0,0,1,1,0,0
0,0,0,24,6,2018,3,3,1,1,0,1,1,0,1,0,0,0,0,0,0,1,0,0,1,0,0,1,1,0,0
0,0,0,33,21,1568,2,4,1,1,0,0,0,0,0,0,0,0,0,0,0,0,0,0,1,0,0,1,1,0,0
0,0,1,35,22,3965,3,3,2,1,0,0,0,0,0,0,0,0,0,0,0,0,0,0,1,0,0,1,0,1,0
0,0,0,34,12,3196,4,1,2,1,0,0,0,0,0,0,0,0,0,1,0,1,0,0,1,0,0,1,0,0,1
0,0,1,37,18,629,3,3,1,1,0,0,0,0,0,0,0,0,0,0,0,0,0,0,1,0,1,0,0,1,0
1,0,0,33,22,3635,3,4,2,1,0,1,0,0,1,0,0,0,0,0,0,0,0,0,1,0,0,1,0,1,0
0,0,1,34,12,697,3,3,2,1,0,1,0,0,1,0,0,0,1,0,0,0,0,0,1,0,0,1,1,0,0
1,0,0,32,26,4686,3,3,2,1,0,1,0,0,0,0,0,0,0,0,0,1,0,0,1,0,0,1,0,1,0
0,0,0,38,12,4628,3,3,1,1,0,0,0,0,0,0,0,0,0,0,0,0,1,0,0,0,0,1,1,0,0
0,0,0,33,21,1532,4,3,1,1,0,1,0,0,0,0,0,0,0,0,0,0,0,0,1,0,0,1,1,0,0
0,0,0,75,20,3419,4,3,1,1,0,0,0,0,0,0,0,0,0,0,0,1,0,0,1,0,0,1,0,1,0
0,0,1,35,24,3628,4,3,1,1,0,0,0,0,0,0,0,0,1,0,0,0,0,0,1,0,0,1,1,0,0
0,0,0,35,21,4128,3,3,1,1,1,1,0,0,0,0,0,0,0,0,0,0,0,0,1,0,0,1,1,0,0
0,0,0,35,36,3518,3,3,1,2,0,0,0,0,0,0,0,1,0,0,0,0,0,0,1,0,0,1,1,0,0
0,0,0,36,20,1835,3,2,2,1,0,0,0,0,0,0,0,0,0,0,0,1,0,0,1,0,0,1,0,1,0
0,0,0,31,36,2295,4,3,2,1,0,0,0,0,0,0,0,0,0,0,0,0,0,0,1,0,0,1,1,0,0
1,0,1,38,25,14896,3,4,1,1,0,1,0,0,0,0,0,0,0,0,0,0,0,0,1,0,0,1,0,1,0
1,0,0,37,21,3947,3,3,2,1,0,0,0,0,0,0,0,0,1,0,0,1,0,0,1,0,0,1,0,1,0
0,0,0,20,21,2996,2,3,1,1,0,0,0,0,0,0,0,0,0,0,0,0,0,0,1,0,0,1,0,1,0
0,0,0,32,24,6350,4,4,2,1,0,0,0,0,0,0,0,0,0,0,0,1,0,0,1,0,0,1,0,1,0
0,0,1,24,21,2616,4,4,2,1,0,1,0,0,0,0,0,0,1,0,0,1,0,0,1,0,0,1,1,0,0
0,0,0,35,24,1199,4,4,1,1,0,0,0,0,0,0,0,0,1,0,0,0,0,0,1,0,0,1,0,1,0
0,0,0,24,22,1568,3,3,1,1,0,0,0,0,0,0,0,0,0,1,0,0,0,0,1,1,0,0,1,0,0
0,0,0,25,21,5429,4,4,1,1,0,1,0,0,1,0,0,0,0,0,0,1,0,0,1,0,0,1,1,0,0
0,0,0,37,24,1274,3,1,2,1,0,1,0,0,0,0,0,0,0,0,0,0,0,0,1,0,0,1,0,1,0
0,0,0,37,42,3480,2,1,2,1,0,0,0,0,1,0,0,0,0,0,0,0,0,0,1,0,0,1,1,0,0
0,0,0,33,21,3423,3,4,2,1,0,0,0,1,0,0,0,0,1,0,0,1,0,1,0,0,0,1,1,0,0
0,0,0,36,24,1655,3,3,2,1,0,1,0,1,0,0,0,0,0,0,0,0,0,0,1,0,0,1,0,1,0
1,0,0,33,17,2767,3,2,2,1,0,1,0,0,1,0,0,0,0,1,0,0,1,0,0,1,0,0,1,0,0
1,0,0,34,23,5510,3,1,1,1,0,0,0,0,0,0,0,0,1,0,0,0,0,0,1,0,0,1,0,0,1
0,0,0,24,23,458,3,3,2,1,0,1,0,0,0,0,0,0,0,0,0,0,0,0,1,0,0,1,1,0,0
0,0,0,27,19,5080,4,3,4,1,0,1,0,0,1,0,0,0,0,0,0,0,1,0,0,0,0,1,0,0,1
0,0,0,36,24,1246,3,3,2,1,0,1,0,0,0,0,0,0,1,0,0,0,0,0,1,0,0,1,0,0,1
0,0,1,34,18,2572,4,3,1,1,0,0,0,0,0,0,0,0,1,0,0,0,0,0,1,0,0,1,1,0,0
1,0,0,42,22,4866,3,4,1,1,0,0,0,0,0,0,0,0,0,0,0,0,0,0,1,0,0,1,0,1,0
0,0,0,43,18,3612,3,3,1,1,0,0,0,1,0,0,0,0,1,0,0,0,0,0,1,0,0,1,0,1,0
0,1,0,35,24,2241,1,3,2,2,0,0,0,0,0,0,0,0,0,0,0,0,0,0,1,0,0,1,0,0,1
0,0,0,54,48,2984,3,4,1,1,0,0,0,0,0,0,0,0,0,0,0,1,0,0,1,0,0,1,0,1,0
0,0,0,34,12,2028,4,3,1,1,0,1,0,0,0,0,0,0,0,0,0,0,0,0,1,0,0,1,0,1,0
0,0,0,26,48,2380,3,3,1,1,1,0,0,0,0,0,0,0,1,0,0,1,0,0,1,0,0,1,1,0,0
0,0,1,37,20,3082,3,3,1,1,1,0,0,0,1,0,0,0,0,0,0,0,0,0,1,1,0,0,1,0,0
0,0,1,34,22,2659,4,3,1,1,0,1,0,0,0,0,0,0,1,0,0,0,0,0,1,0,1,0,1,0,0
1,0,1,37,30,3331,4,2,1,1,0,0,0,0,0,0,0,0,0,0,0,0,1,0,0,1,0,0,1,0,0
0,0,0,35,24,3326,3,3,1,1,1,1,0,0,0,0,0,0,1,0,0,0,0,0,1,0,0,1,1,0,0
0,0,0,35,33,1943,4,3,2,1,1,0,0,0,0,0,0,0,0,0,0,1,0,0,1,0,0,1,0,1,0
0,0,0,37,22,2940,3,3,1,1,0,0,0,1,0,0,0,0,0,0,0,0,0,0,1,0,0,1,1,0,0
0,0,0,37,22,4210,3,3,2,1,0,0,0,0,0,0,0,0,1,0,0,0,0,1,0,0,0,1,1,0,0
0,0,1,40,17,9283,3,3,1,1,0,1,1,0,1,0,0,0,0,0,0,1,0,0,1,0,0,1,1,0,0
0,0,0,37,18,2627,4,4,1,1,0,0,0,0,0,0,0,0,0,0,0,0,0,0,1,0,0,1,0,1,0
1,0,0,37,20,2101,3,3,1,1,0,1,0,0,0,0,0,0,0,0,0,0,0,0,1,0,0,1,1,0,0
0,0,0,66,21,2444,4,4,2,1,0,0,0,0,0,0,0,0,0,0,0,0,0,0,1,0,0,1,0,1,0
0,0,0,29,21,5003,3,4,2,1,0,0,0,0,1,0,0,0,1,0,0,0,0,0,1,0,0,1,1,0,0
0,0,1,41,24,662,3,3,2,1,0,0,0,0,0,0,0,0,1,0,0,0,0,0,1,0,0,1,0,0,1
0,0,0,35,19,5771,3,3,1,1,0,1,0,1,0,0,0,0,1,0,0,0,0,0,1,0,0,1,0,1,0
1,0,1,36,21,3826,3,3,1,1,0,0,0,0,0,0,0,0,0,0,0,0,0,0,1,0,1,0,1,0,0
0,0,0,42,23,1537,3,4,1,1,0,1,0,0,0,0,0,0,0,0,0,0,0,0,1,0,0,1,0,1,0
0,0,0,39,23,3781,3,2,1,1,0,0,0,0,0,0,1,0,0,0,0,0,0,0,1,0,0,1,1,0,0
0,0,0,36,23,3918,3,4,2,1,0,0,0,0,0,0,0,0,0,1,0,1,0,0,1,0,0,1,1,0,0
1,0,0,33,21,4439,3,1,2,1,1,0,0,0,0,0,1,0,0,0,0,0,0,0,1,0,0,1,0,1,0
0,0,0,32,18,1543,4,2,1,1,0,0,0,0,0,0,0,0,0,0,0,1,1,0,0,0,0,1,1,0,0
0,0,0,21,19,1987,2,3,1,1,0,1,0,0,0,0,0,0,0,0,0,0,0,0,1,0,0,1,1,0,0
1,0,1,39,42,4160,3,3,2,1,0,0,0,0,0,0,0,0,0,0,0,0,0,0,1,0,0,1,0,1,0
1,0,0,42,4,1503,2,1,1,2,0,0,0,0,0,0,0,0,1,0,0,0,0,0,1,0,0,1,0,1,0
0,0,0,24,48,2355,3,2,2,1,0,0,0,0,0,0,0,0,1,0,0,0,1,0,0,1,0,0,0,1,0
0,0,0,25,21,4159,3,3,2,1,1,1,0,0,0,0,0,0,0,0,0,1,0,0,1,0,0,1,1,0,0
0,1,1,33,12,2282,3,3,2,1,0,0,0,1,0,0,0,0,0,1,0,0,0,0,1,0,0,1,1,0,0
1,0,1,23,22,4427,4,3,2,1,0,0,0,0,0,0,0,0,0,0,0,0,0,0,1,0,0,1,0,1,0
1,0,1,36,9,4979,3,3,1,1,0,0,0,1,0,0,0,0,0,0,0,1,1,0,0,0,0,1,0,1,0
0,0,0,54,6,672,3,3,1,1,1,0,0,0,0,0,0,0,0,0,0,0,0,0,1,0,0,1,1,0,0
1,0,0,38,24,3899,2,2,2,1,0,0,0,0,0,0,0,0,0,0,0,0,0,0,1,0,1,0,0,1,0
1,0,1,37,36,4834,3,4,4,1,1,0,0,0,0,0,0,0,1,0,0,0,1,0,0,0,0,1,1,0,0
0,0,1,35,18,2179,3,3,1,1,0,1,0,0,0,0,0,0,0,0,0,0,0,0,1,0,0,1,0,1,0
0,0,0,35,24,2010,4,3,3,1,0,0,0,1,0,0,0,0,0,0,0,1,0,0,1,0,0,1,0,1,0
0,0,0,31,26,6501,2,2,2,1,0,0,0,0,0,0,0,0,0,0,0,0,0,0,1,0,0,1,0,1,0
0,0,0,33,23,4065,4,2,1,1,0,1,0,0,1,0,0,0,1,0,0,0,0,0,1,0,0,1,1,0,0
0,0,0,36,24,2327,4,4,1,1,0,1,0,1,0,0,0,0,0,0,0,1,0,0,1,0,0,1,0,1,0
0,0,0,22,9,4224,3,3,2,1,0,1,0,0,0,0,0,0,0,0,0,0,0,0,1,0,0,1,1,0,0
0,0,0,35,18,1941,4,2,1,1,0,0,0,0,0,0,0,0,1,0,0,0,0,0,1,0,0,1,1,0,0
0,0,1,39,24,4020,2,2,1,1,0,1,0,0,0,0,0,0,0,0,0,0,0,0,1,0,0,1,0,1,0
0,0,0,36,21,3218,2,3,1,2,0,0,0,0,0,0,0,0,0,1,0,0,0,0,1,0,0,1,1,0,0
0,0,0,33,22,2716,3,4,2,1,1,0,0,0,0,0,0,0,0,0,0,1,0,0,1,0,0,1,1,0,0
1,0,0,36,23,1262,4,3,2,1,0,1,0,0,0,0,0,0,1,0,0,1,0,0,1,0,0,1,1,0,0
0,0,0,37,19,2671,4,4,1,1,0,1,0,0,0,0,1,0,0,0,0,1,0,0,1,1,0,0,1,0,0
0,0,1,39,6,338,3,3,2,1,0,1,0,0,0,0,0,0,0,0,0,0,0,0,1,0,1,0,0,1,0
0,0,0,34,17,590,2,3,2,1,0,0,0,0,0,0,0,0,0,0,0,0,0,0,1,0,0,1,1,0,0
0,0,0,32,22,1274,3,1,2,1,0,0,0,0,0,0,0,0,1,0,0,0,0,0,1,0,0,1,0,1,0
0,0,0,28,18,6260,3,3,1,1,0,0,0,0,0,0,0,0,0,0,0,0,0,0,1,0,0,1,0,1,0
1,0,0,36,25,5718,3,3,1,1,0,1,0,0,0,0,0,0,0,0,0,0,0,0,1,0,0,1,0,1,0
0,0,0,34,23,2160,3,3,2,1,0,0,0,1,0,0,0,0,1,0,0,1,1,0,0,0,0,1,1,0,0
0,0,0,36,21,2335,3,3,2,1,0,0,0,0,0,0,0,0,0,0,0,0,1,0,0,0,0,1,0,1,0
1,0,0,31,36,2969,4,3,1,1,0,0,0,0,0,0,0,0,1,0,0,1,0,1,0,0,0,1,0,1,0
0,0,0,47,22,3688,4,1,1,1,0,0,0,1,0,0,0,0,0,0,0,0,0,0,1,0,0,1,0,1,0
1,0,0,60,12,2246,3,3,1,1,0,0,0,1,0,0,0,0,1,0,0,1,0,0,1,0,0,1,0,1,0
0,0,0,37,22,2993,3,3,1,1,0,1,0,1,0,0,0,0,0,0,0,0,0,0,1,0,0,1,0,1,0
1,0,0,43,24,4057,3,3,2,1,0,0,0,0,0,0,0,0,0,0,0,0,0,0,1,0,0,1,0,1,0
0,0,0,39,30,4096,4,4,1,1,1,1,0,0,0,0,0,0,0,0,0,0,0,0,1,0,0,1,0,1,0
0,0,1,33,21,3044,3,2,2,1,0,1,0,1,0,0,0,0,0,0,0,0,1,0,0,0,0,1,1,0,0
1,0,0,36,21,3617,4,3,2,1,0,0,0,1,0,0,1,0,0,0,0,0,0,1,0,0,0,1,1,0,0
0,0,0,49,12,1092,3,3,1,1,0,0,0,0,0,0,0,0,1,0,0,1,1,0,0,0,0,1,1,0,0
1,0,1,41,9,3388,3,1,1,1,0,1,0,0,0,0,0,0,0,0,0,1,0,0,1,0,0,1,0,1,0
0,0,0,35,17,4380,3,3,1,1,1,0,0,0,0,0,0,0,0,0,0,0,1,0,0,1,0,0,1,0,0
0,0,0,36,22,3302,4,3,1,1,0,0,0,0,0,0,0,0,1,0,0,0,0,0,1,0,0,1,0,1,0
0,0,0,37,20,4351,3,3,1,1,0,1,0,0,0,0,0,0,0,0,0,0,0,0,1,0,0,1,1,0,0
0,0,0,37,24,3692,4,3,2,1,0,0,0,0,0,0,0,0,0,1,0,0,0,0,1,0,0,1,0,1,0
1,0,0,32,19,2887,3,3,2,1,0,0,0,0,0,0,0,0,1,0,0,1,0,0,1,0,0,1,0,1,0
1,1,0,36,22,2810,3,3,2,1,0,1,0,0,0,0,0,0,0,0,0,0,0,0,1,0,0,1,1,0,0
0,0,0,32,12,4176,3,2,2,1,0,0,0,0,0,0,0,0,0,0,0,0,0,0,1,0,0,1,0,1,0
1,0,1,32,20,6131,3,3,1,1,0,1,0,0,0,0,0,0,0,0,0,1,0,0,1,0,0,1,1,0,0
1,0,1,36,21,937,3,4,1,1,0,1,0,0,0,0,0,0,0,0,0,0,0,0,1,0,0,1,0,1,0
0,0,0,31,17,2417,3,3,1,1,0,0,0,0,1,0,0,0,1,0,0,1,0,0,1,1,0,0,0,0,1
0,0,0,37,21,4181,3,3,1,1,0,0,0,0,0,0,0,0,1,0,0,0,0,0,1,0,0,1,0,1,0
0,0,0,34,24,2552,3,4,1,1,1,0,0,0,0,0,0,0,0,1,0,0,0,0,1,0,0,1,1,0,0
0,0,0,38,23,5187,4,1,2,1,0,0,0,1,0,0,0,0,0,0,0,0,0,0,1,0,0,1,0,1,0
1,0,1,36,21,5550,3,3,1,1,0,1,0,0,0,0,0,0,0,0,0,0,0,0,1,0,0,1,0,1,0
0,0,0,36,21,3178,4,2,1,1,0,0,0,1,0,0,0,0,0,0,0,1,0,0,1,0,0,1,0,1,0
0,0,1,40,22,5293,2,4,1,1,0,1,0,0,0,0,0,0,0,0,0,1,0,0,1,0,0,1,0,1,0
1,0,1,31,10,3549,1,2,1,2,0,0,0,0,0,0,1,0,0,0,0,1,1,0,0,0,0,1,1,0,0
1,0,0,35,19,2218,3,4,1,1,1,1,0,0,0,0,0,0,0,0,0,0,0,0,1,0,0,1,0,1,0
1,0,0,38,27,6600,4,3,2,1,0,1,0,0,0,0,0,0,0,0,0,0,0,0,1,0,0,1,0,1,0
0,0,0,23,18,4903,3,3,2,1,0,0,0,0,0,0,0,0,0,0,0,0,0,0,1,0,0,1,0,1,0
0,0,1,33,21,5216,3,3,1,1,0,0,0,0,0,0,0,0,0,0,0,0,0,0,1,0,1,0,1,0,0
0,0,0,33,20,2297,2,2,2,1,0,0,0,0,0,0,0,0,1,0,0,1,1,0,0,0,0,1,1,0,0
0,0,0,41,21,1244,4,4,2,1,0,0,0,0,0,0,0,0,0,0,0,0,0,0,1,0,0,1,1,0,0
0,0,0,46,15,4609,3,3,2,1,0,0,0,0,0,0,0,0,0,0,0,0,0,0,1,0,0,1,1,0,0
0,0,1,33,21,3758,4,3,1,1,0,0,0,0,0,0,0,0,0,1,0,0,1,0,0,0,0,1,1,0,0
0,0,0,36,16,2312,3,3,1,1,0,0,0,0,0,0,0,0,0,1,0,0,1,0,0,0,0,1,1,0,0
0,0,1,35,24,1743,3,3,2,1,0,1,0,1,0,0,0,0,0,0,0,0,0,0,1,0,0,1,0,1,0
0,0,0,31,15,2216,3,3,2,1,0,0,1,0,1,0,0,0,0,0,0,0,0,0,1,0,0,1,0,1,0
1,0,0,32,21,2606,2,3,2,1,0,0,0,0,0,0,0,0,0,0,0,0,0,0,1,0,0,1,0,1,0
0,0,0,38,18,2169,3,3,1,1,1,0,0,0,0,0,0,0,0,0,0,0,0,0,1,0,0,1,0,1,0
0,0,0,24,21,2838,1,3,2,1,0,0,0,0,0,0,0,0,0,1,0,1,0,0,1,0,0,1,1,0,0
0,0,0,58,12,385,3,3,1,1,0,1,0,1,0,0,0,0,0,0,0,0,0,0,1,0,0,1,0,1,0
0,0,0,36,22,3719,3,4,2,1,1,0,0,1,0,0,0,0,0,0,0,1,0,0,1,0,0,1,1,0,0
0,0,0,33,12,2857,3,3,1,1,1,0,0,0,0,0,0,0,0,0,0,0,1,0,0,0,0,1,1,0,0
0,0,1,41,26,662,3,3,1,2,0,0,0,0,0,0,0,0,0,0,0,0,0,0,1,0,0,1,0,1,0
0,0,0,31,18,2417,2,3,2,1,0,1,0,0,0,0,0,0,1,0,0,0,0,0,1,0,0,1,0,1,0
0,0,0,28,21,1413,4,3,1,1,0,1,0,0,0,0,0,0,0,0,0,0,0,0,1,0,0,1,1,0,0
0,0,0,24,20,2996,3,2,1,1,0,1,0,0,0,0,0,0,0,0,0,0,0,0,1,0,0,1,0,1,0
0,0,0,39,12,1884,4,4,1,1,1,0,0,0,0,0,0,0,1,0,0,0,0,0,1,0,0,1,0,1,0
0,0,1,38,23,3188,3,4,2,1,0,0,0,0,0,0,0,0,1,0,0,0,0,0,1,0,1,0,0,1,0
0,0,0,37,21,2820,4,3,1,1,0,1,0,0,0,0,0,0,1,0,0,0,1,0,0,0,0,1,0,0,1
0,0,0,38,22,4764,1,1,2,1,0,0,0,0,0,0,0,0,0,0,0,1,0,0,1,0,0,1,1,0,0
0,0,0,34,9,2136,4,3,1,1,0,1,0,0,0,0,0,0,1,0,0,0,0,0,1,0,0,1,1,0,0
0,0,0,26,21,3599,3,3,1,1,0,1,0,0,0,0,0,0,0,1,0,0,0,0,1,0,0,1,1,0,0
0,0,0,37,24,2255,3,3,1,1,0,1,0,0,0,0,0,0,0,0,0,0,0,0,1,0,0,1,0,1,0
0,0,1,42,23,3181,3,3,2,1,1,0,0,0,0,0,0,0,0,0,0,0,0,0,1,0,0,1,0,1,0
1,0,1,41,21,2256,3,3,1,1,0,0,0,0,1,0,0,0,0,0,0,0,1,0,0,0,0,1,1,0,0
0,0,0,36,21,7381,2,3,2,1,1,0,0,0,0,0,0,0,0,0,0,0,0,0,1,0,0,1,1,0,0
1,0,1,39,23,802,3,3,2,1,0,1,0,0,0,0,0,0,0,0,0,0,0,0,1,0,0,1,1,0,0
0,0,1,40,15,4623,3,3,1,1,0,0,0,0,0,0,0,0,0,0,0,0,0,0,1,0,0,1,1,0,0
1,0,0,31,19,2532,4,2,1,1,0,0,0,0,0,0,0,0,0,0,0,1,0,0,1,0,0,1,0,0,1
0,0,0,24,12,3436,3,3,1,1,0,1,0,0,0,0,0,0,0,0,0,0,0,0,1,0,0,1,0,1,0
1,0,1,36,18,2567,3,3,2,1,0,0,0,0,0,0,0,0,0,0,0,1,1,0,0,1,0,0,1,0,0
0,0,0,34,12,1893,3,3,1,1,0,1,0,0,0,0,0,1,0,0,0,1,0,0,1,0,0,1,0,1,0
0,0,0,31,60,9157,3,3,1,1,0,0,0,0,0,0,0,0,0,0,0,1,0,0,1,0,0,1,1,0,0
1,0,0,32,19,766,4,3,1,1,0,1,0,0,0,0,0,0,0,0,0,0,1,0,0,0,0,1,1,0,0
1,0,0,26,21,4339,3,3,2,1,0,1,0,1,0,0,0,0,0,0,0,1,0,0,1,0,0,1,1,0,0
0,0,0,24,18,4165,2,3,1,1,0,1,0,0,1,0,0,0,0,0,0,0,0,0,1,0,0,1,1,0,0
0,0,1,37,12,4603,4,3,1,1,0,1,0,0,0,0,0,0,0,0,0,0,0,0,1,0,0,1,1,0,0
1,0,0,21,18,3144,3,4,1,1,0,1,0,0,0,0,0,0,0,1,0,0,1,0,0,1,0,0,1,0,0
1,0,0,32,20,2476,4,3,1,1,0,0,0,0,0,0,0,0,0,0,0,1,0,0,1,0,0,1,0,1,0
0,0,0,36,23,2969,3,2,2,1,0,0,0,0,0,0,0,0,1,0,0,0,0,1,0,0,0,1,0,1,0
0,0,0,34,19,433,3,4,1,1,0,0,0,0,0,0,0,0,0,0,1,0,0,0,1,0,0,1,1,0,0
0,0,0,34,18,5124,3,3,1,1,0,0,0,0,0,0,0,0,0,0,0,0,1,0,0,0,0,1,0,0,1
1,0,1,39,19,1309,3,4,1,1,0,0,0,0,0,0,0,0,0,0,0,0,0,0,1,0,0,1,1,0,0
0,0,0,37,6,4901,3,3,1,1,1,1,0,1,0,0,0,0,0,0,0,0,1,0,0,0,0,1,0,1,0
1,0,0,35,22,2277,3,3,1,1,0,0,0,0,1,0,0,0,0,1,0,0,0,0,1,1,0,0,1,0,0
1,0,0,28,21,3343,4,3,1,1,0,0,0,0,0,0,0,0,0,0,0,0,0,0,1,0,0,1,0,1,0
0,0,0,32,18,2977,1,3,1,1,0,1,0,0,0,0,0,0,1,0,0,0,0,0,1,0,0,1,1,0,0
0,0,0,46,18,3926,4,3,2,1,0,1,0,1,0,0,0,0,0,0,0,0,0,0,1,0,1,0,1,0,0
0,0,0,32,23,18424,1,3,1,1,0,0,0,0,0,0,0,0,0,0,0,0,1,0,0,1,0,0,1,0,0
0,0,1,36,48,4282,3,3,1,1,0,0,0,0,0,0,0,0,1,0,0,1,1,0,0,0,0,1,1,0,0
1,0,1,32,23,6078,3,2,2,1,0,0,0,0,0,0,0,0,0,0,0,1,0,0,1,0,0,1,0,1,0
0,0,0,33,18,926,2,3,1,1,0,0,0,0,0,0,0,0,1,0,0,0,0,0,1,0,0,1,1,0,0
0,0,0,32,16,4280,3,3,2,1,0,0,0,0,0,0,0,0,0,0,0,0,0,0,1,1,0,0,1,0,0
0,0,0,36,18,5302,3,3,2,1,0,1,0,0,0,0,0,0,0,0,0,1,0,0,1,0,0,1,0,1,0
0,0,0,29,20,3385,3,4,2,1,0,0,0,0,0,0,0,1,0,0,0,0,0,0,1,0,0,1,1,0,0
0,0,1,39,22,4415,3,4,2,1,0,1,1,0,0,0,0,0,0,0,0,1,0,0,1,0,0,1,0,1,0
0,0,0,36,6,3302,4,4,1,1,0,0,1,0,0,0,0,0,0,0,0,1,0,0,1,0,0,1,0,1,0
0,0,1,32,20,1037,3,3,1,1,0,0,0,0,0,0,0,0,0,0,0,0,1,0,0,0,0,1,1,0,0
0,0,0,37,21,1028,3,3,2,1,0,0,0,1,0,0,0,0,1,0,0,0,0,0,1,0,0,1,1,0,0
1,0,1,38,19,1845,3,3,1,1,1,1,0,0,0,0,0,0,0,0,0,0,0,0,1,0,0,1,0,1,0
1,0,0,53,21,4165,3,3,2,2,0,0,0,0,0,0,0,0,0,0,0,0,0,0,1,0,0,1,0,1,0
1,0,0,38,23,707,3,2,1,1,0,0,0,0,0,0,0,0,0,0,0,0,0,0,1,0,0,1,0,1,0
0,0,0,41,21,4409,3,3,1,2,0,1,0,0,0,0,0,0,0,0,0,0,0,0,1,0,0,1,0,1,0
0,0,0,36,21,4371,3,3,2,1,0,0,0,0,0,0,0,0,1,0,0,0,0,0,1,0,0,1,0,0,1
0,1,0,36,9,5247,1,2,1,1,0,0,0,0,0,0,0,0,0,0,0,1,1,0,0,0,0,1,1,0,0
1,0,0,36,18,2441,3,3,1,1,0,1,0,0,0,0,0,0,0,0,0,0,0,0,1,0,0,1,0,1,0
0,0,0,35,22,5084,3,4,1,1,0,0,0,0,0,0,0,0,0,0,0,1,0,0,1,0,0,1,1,0,0
0,0,0,38,36,3600,3,3,2,1,0,0,0,0,0,0,0,0,0,0,0,1,0,0,1,0,0,1,1,0,0
0,0,1,39,24,2978,3,3,1,1,0,0,0,0,0,0,0,0,0,0,0,0,0,0,1,0,0,1,1,0,0
1,0,1,27,27,4365,3,2,1,1,0,0,0,0,0,0,0,0,1,0,0,0,0,0,1,0,0,1,1,0,0
0,0,1,36,27,3781,4,2,2,2,0,0,0,0,0,0,0,0,1,0,0,0,0,0,1,0,0,1,1,0,0
0,0,0,35,19,3794,3,3,1,1,0,1,0,0,0,0,0,0,0,1,0,0,0,0,1,0,0,1,1,0,0
1,0,0,36,21,3534,3,3,2,1,0,0,0,0,0,0,0,0,0,0,0,0,0,0,1,0,0,1,0,1,0
0,0,0,34,24,2949,3,3,1,1,0,0,0,0,0,0,0,0,1,0,1,0,1,0,0,0,0,1,1,0,0
0,0,0,39,36,3349,4,3,1,1,0,0,0,0,0,0,0,0,0,0,0,0,0,0,1,0,0,1,1,0,0
0,0,1,37,22,5371,3,3,1,1,0,0,0,1,0,0,0,0,0,0,0,1,0,0,1,0,0,1,0,1,0
1,0,0,22,9,276,3,4,2,1,0,0,0,0,0,0,0,0,0,0,0,0,0,0,1,0,0,1,1,0,0
0,0,0,55,22,5493,1,3,1,1,1,0,0,0,0,0,0,0,0,0,0,0,0,0,1,0,0,1,1,0,0
1,0,0,32,6,2732,3,3,2,1,0,0,0,0,0,0,0,0,0,0,0,0,0,0,1,0,0,1,0,1,0
1,0,0,39,24,4443,4,4,1,1,1,1,0,0,0,0,0,0,0,0,0,1,0,0,1,0,0,1,0,1,0
0,0,0,34,18,2074,4,3,1,1,0,0,0,1,0,0,0,0,0,0,0,1,0,0,1,0,0,1,0,1,0
0,0,0,37,20,2302,3,3,1,1,0,0,0,0,0,0,0,0,0,1,0,0,0,0,1,0,0,1,1,0,0
1,0,0,36,19,3060,3,3,1,1,0,1,0,0,0,0,0,0,0,0,0,0,1,0,0,0,1,0,1,0,0
0,0,0,37,21,2453,3,3,2,1,0,1,0,0,0,0,0,0,0,0,0,0,0,0,1,0,0,1,1,0,0
0,0,0,37,23,3892,3,2,1,1,1,0,0,0,0,0,0,0,0,0,0,1,0,0,1,0,1,0,0,1,0
0,0,0,38,21,3972,2,4,2,1,1,1,0,0,0,0,0,0,0,0,0,0,0,0,1,0,0,1,0,1,0
0,0,0,33,12,4217,4,3,2,1,0,1,0,0,0,0,0,0,0,0,0,0,1,0,0,0,0,1,1,0,0
0,0,1,34,22,3148,3,2,1,1,0,1,0,0,0,0,0,0,0,0,0,0,0,0,1,0,0,1,1,0,0
0,0,0,37,24,4573,2,3,1,1,0,0,0,0,0,0,0,0,0,0,0,0,0,0,1,1,0,0,0,1,0
1,0,0,34,27,3758,3,3,1,1,0,1,0,0,0,0,0,0,1,0,0,0,0,0,1,0,0,1,0,1,0
0,0,0,39,22,4850,3,3,1,1,0,0,0,0,0,0,0,0,1,0,0,1,0,0,1,0,0,1,0,1,0
0,0,0,31,23,3921,3,3,2,1,0,1,0,0,0,0,0,0,0,0,0,0,0,0,1,0,0,1,1,0,0
0,0,1,40,12,5059,4,3,2,2,0,1,0,1,0,0,0,0,0,0,0,0,0,0,1,0,0,1,0,1,0
0,0,0,38,27,2428,3,3,1,1,0,0,0,0,1,0,0,0,1,0,0,0,0,0,1,0,0,1,0,1,0
0,0,0,56,6,2782,3,2,1,1,0,0,0,0,0,0,0,0,0,0,0,0,0,0,1,0,0,1,0,1,0
0,0,1,37,24,2728,3,2,1,1,0,0,0,0,0,0,0,0,0,0,0,1,1,0,0,0,0,1,0,1,0
1,0,0,33,22,5477,4,3,1,1,0,0,0,0,1,0,0,0,1,0,0,0,0,0,1,1,0,0,0,0,1
1,0,0,35,21,3085,3,3,2,1,0,1,0,1,0,0,0,0,0,0,0,1,0,0,1,0,0,1,0,1,0
0,0,1,30,24,2351,4,4,1,1,0,0,0,0,0,0,0,0,0,0,0,0,0,0,1,0,0,1,1,0,0
0,0,0,36,21,3206,3,4,2,1,0,0,0,0,0,0,0,0,1,0,0,0,0,0,1,0,0,1,0,1,0
0,1,0,29,23,4185,3,3,1,1,0,0,0,0,0,0,0,0,1,0,0,0,1,0,0,0,0,1,1,0,0
1,0,1,36,12,3499,2,3,1,1,1,0,0,0,0,0,0,0,0,0,0,0,0,0,1,0,0,1,0,1,0
0,0,0,38,22,4524,3,3,2,1,0,0,0,0,0,0,0,0,0,0,0,0,0,0,1,0,0,1,1,0,0
1,0,0,39,17,2150,3,3,1,1,0,1,0,0,0,0,0,0,0,0,0,0,1,0,0,0,1,0,1,0,0
1,0,0,38,23,4850,4,3,2,1,0,0,0,1,0,0,0,0,0,1,0,0,0,0,1,0,0,1,0,1,0
0,0,0,39,23,4925,1,2,2,1,0,1,0,0,0,0,0,0,0,0,0,1,0,0,1,0,0,1,0,1,0
0,0,0,38,48,6999,3,3,2,1,1,0,0,0,0,0,0,1,1,0,0,0,0,0,1,0,0,1,0,1,0
0,0,0,20,9,1313,4,4,1,1,0,0,0,0,0,0,0,0,0,0,0,0,0,0,1,0,0,1,0,1,0
1,0,1,36,9,5600,3,3,2,1,0,1,0,0,0,0,0,0,0,0,0,0,1,0,0,0,0,1,0,1,0
0,0,0,34,23,907,3,3,2,1,0,0,0,0,0,0,0,0,1,0,0,0,1,0,0,0,0,1,1,0,0
0,0,0,23,23,2288,3,4,1,1,0,0,0,1,0,0,0,0,0,0,0,0,0,0,1,0,0,1,0,0,1
0,0,0,40,25,1150,4,3,2,1,0,0,0,0,0,0,0,0,1,0,0,0,0,0,1,0,0,1,0,1,0
1,0,1,45,21,8588,3,2,2,1,0,0,0,0,0,0,0,0,0,0,0,0,0,0,1,0,0,1,0,1,0
0,0,0,22,25,1808,3,3,1,1,0,0,0,0,0,0,0,0,0,0,0,0,0,0,1,0,0,1,0,1,0
1,0,1,37,22,3973,3,3,2,1,0,1,0,0,0,0,0,0,0,0,0,1,0,0,1,0,0,1,0,1,0
0,0,0,37,6,2390,3,3,1,1,0,1,0,0,1,0,0,0,0,0,0,0,0,0,1,0,0,1,0,1,0
0,0,1,36,12,6199,4,3,2,1,0,0,0,0,0,0,0,0,0,0,0,0,0,0,1,0,0,1,0,1,0
0,0,0,31,33,2354,3,3,1,1,0,1,0,0,0,0,0,0,0,0,0,1,1,0,0,0,0,1,1,0,0
0,0,0,35,15,3676,1,3,1,1,0,0,0,0,0,0,0,0,0,1,0,0,0,0,1,0,0,1,0,1,0
0,0,0,38,24,1603,3,4,1,1,0,0,0,0,0,0,0,0,0,0,0,0,0,0,1,0,0,1,0,1,0
0,0,0,31,18,2572,3,3,2,1,0,1,0,0,0,0,0,0,0,0,0,1,0,0,1,0,0,1,1,0,0
0,0,1,37,25,2677,3,3,1,1,0,0,0,0,0,0,0,0,0,0,0,0,0,0,1,0,0,1,1,0,0
0,0,0,30,9,5480,3,3,1,1,0,1,0,0,0,0,0,0,1,0,0,0,0,0,1,0,0,1,0,1,0
0,0,0,33,21,6350,3,3,1,1,0,1,0,0,0,0,0,0,0,0,0,0,0,0,1,0,0,1,0,1,0
0,0,0,37,21,5943,3,1,2,1,1,1,0,0,0,0,0,0,0,0,0,0,0,0,1,0,0,1,0,0,1
1,0,0,34,24,3155,4,3,1,1,1,1,0,0,0,0,0,0,0,0,0,1,0,0,1,0,0,1,0,0,1
0,0,0,33,21,2782,3,3,2,1,0,0,0,0,0,0,0,0,0,0,0,0,0,0,1,0,0,1,1,0,0
0,0,0,36,22,3949,2,2,1,1,1,0,0,0,0,0,0,0,0,0,0,1,0,0,1,0,0,1,1,0,0
0,0,0,35,20,3002,3,3,1,1,0,0,0,0,0,0,0,0,0,0,0,1,0,0,1,0,0,1,0,0,1
0,0,0,35,11,1393,4,4,1,1,0,1,0,1,0,0,0,0,0,0,0,0,0,0,1,0,0,1,0,0,1
1,0,0,35,36,3129,3,4,2,1,1,0,0,0,0,0,0,0,0,0,0,0,1,0,0,1,0,0,1,0,0
0,0,0,31,17,3439,4,1,1,1,0,1,1,0,0,0,0,0,0,0,0,0,1,0,0,0,0,1,1,0,0
0,0,1,35,23,5144,3,3,2,1,0,0,0,0,0,0,0,0,0,0,0,1,1,0,0,0,0,1,0,1,0
0,0,0,33,23,3556,3,3,1,1,0,0,0,0,0,0,0,0,0,1,0,0,0,0,1,0,0,1,1,0,0
1,0,0,36,24,4550,3,2,1,2,0,0,0,0,0,0,0,0,0,1,0,0,0,0,1,0,0,1,1,0,0
0,0,0,34,20,7127,3,4,2,1,0,1,0,1,0,0,0,0,0,0,0,1,0,0,1,0,0,1,1,0,0
0,0,0,32,23,4581,3,1,2,1,0,0,0,0,1,0,0,0,1,0,0,0,0,0,1,0,0,1,0,1,0
0,0,0,36,24,6807,3,4,1,1,0,0,0,0,0,0,0,0,0,1,0,0,0,0,1,0,0,1,0,1,0
0,0,0,38,21,5282,4,2,1,1,0,0,0,0,0,0,0,0,1,0,0,1,0,0,1,0,0,1,1,0,0
0,0,0,36,20,3485,3,3,2,1,1,1,0,0,0,0,0,0,0,0,0,0,0,0,1,0,0,1,0,0,1
0,0,0,38,25,3232,4,3,1,1,0,1,0,0,0,0,0,0,1,0,0,1,0,0,1,0,0,1,0,0,1
0,0,0,23,45,2349,3,3,2,1,1,0,0,0,0,0,0,0,0,0,0,0,0,0,1,0,0,1,0,1,0
0,0,0,25,21,2618,3,2,2,1,0,1,0,0,0,0,0,0,0,0,0,0,0,0,1,0,0,1,0,1,0
0,0,0,35,12,1858,3,3,1,1,0,0,0,0,0,0,0,0,0,1,0,0,0,0,1,0,0,1,0,1,0
0,0,0,36,12,2012,4,2,1,1,0,0,0,0,0,0,0,0,0,0,0,0,0,0,1,0,0,1,0,1,0
0,0,0,37,22,1163,3,3,1,1,1,1,0,0,0,0,0,0,0,0,0,0,0,0,1,0,0,1,0,1,0
0,0,0,33,21,3144,3,2,1,1,0,0,0,0,0,0,0,0,0,0,0,0,0,0,1,0,0,1,1,0,0
1,0,0,32,23,5062,4,3,1,1,0,0,0,0,0,0,0,0,0,0,0,1,0,0,1,0,0,1,0,1,0
1,0,0,35,17,4818,4,3,1,1,0,1,0,0,0,0,0,0,0,0,0,0,1,0,0,0,0,1,1,0,0
0,0,1,39,24,2151,2,3,1,1,0,0,0,0,0,0,0,0,0,0,0,0,0,0,1,0,0,1,1,0,0
1,0,0,34,20,7393,3,3,2,1,0,1,0,0,0,0,0,0,1,0,0,0,0,0,1,0,0,1,1,0,0
0,0,0,38,21,1244,4,4,2,1,0,1,0,0,0,0,0,0,0,0,0,0,0,0,1,0,0,1,1,0,0
0,0,0,35,20,1107,3,2,2,1,0,1,0,0,0,0,0,0,0,1,0,0,0,0,1,0,0,1,0,1,0
1,0,0,36,20,2814,3,3,1,1,0,0,0,0,0,0,0,0,0,0,0,0,0,0,1,0,0,1,1,0,0
0,0,0,38,22,5014,3,3,2,1,0,1,0,0,0,0,0,0,0,0,0,1,0,0,1,0,0,1,1,0,0
1,0,0,35,19,3462,4,4,1,1,0,1,0,0,0,0,0,1,0,0,0,0,0,0,1,0,0,1,0,0,1
1,0,0,39,18,1037,3,3,1,1,0,0,0,0,0,0,0,0,1,0,0,0,1,0,0,1,0,0,0,1,0
1,0,0,39,24,11816,3,3,2,1,0,0,0,0,0,0,0,0,0,0,0,0,0,0,1,0,0,1,0,1,0
0,0,0,32,19,2548,3,3,1,1,0,0,0,0,1,0,0,0,1,0,0,0,1,0,0,0,0,1,1,0,0
0,0,0,35,22,4684,3,3,1,1,0,0,0,0,0,0,0,0,1,0,0,0,0,0,1,0,0,1,1,0,0
1,0,1,32,19,3508,3,3,1,1,0,1,0,0,0,0,0,1,1,0,0,0,0,0,1,0,0,1,1,0,0
0,0,0,32,22,3015,3,3,2,1,0,0,0,0,0,0,0,0,0,0,0,0,0,1,0,0,0,1,1,0,0
0,0,0,36,21,3581,3,2,1,1,0,1,0,0,0,0,0,0,1,0,0,0,0,0,1,0,0,1,1,0,0
0,0,0,30,19,960,3,2,1,1,0,0,0,0,0,0,0,0,1,0,0,0,0,0,1,0,1,0,1,0,0
0,0,0,35,22,2906,3,3,1,1,0,1,0,0,0,0,0,0,0,0,0,1,0,0,1,0,0,1,1,0,0
0,0,0,33,18,3861,3,3,2,1,0,1,0,0,0,0,0,0,1,0,0,0,0,0,1,0,0,1,0,1,0
1,0,0,35,6,2109,3,3,1,1,0,0,0,0,0,0,0,0,0,1,0,1,1,0,0,0,0,1,1,0,0
0,0,0,34,24,2452,1,3,2,1,0,1,1,0,0,0,0,0,0,0,0,0,1,0,0,0,0,1,1,0,0
0,0,0,31,24,5814,2,3,1,1,0,0,0,0,1,0,0,0,1,0,0,1,1,0,0,0,0,1,1,0,0
1,0,1,38,20,4439,4,2,1,1,0,1,0,0,0,0,0,0,0,0,0,0,0,0,1,0,0,1,0,1,0
1,0,0,38,48,2751,4,3,2,1,1,0,0,0,0,0,0,0,0,0,0,0,0,0,1,0,0,1,0,1,0
0,0,0,21,6,2791,1,2,1,1,0,0,0,0,0,0,0,0,0,0,0,0,0,0,1,0,0,1,1,0,0
0,0,0,57,24,2063,3,3,2,1,0,1,0,0,0,0,0,0,1,0,0,0,0,0,1,0,0,1,1,0,0
0,0,0,32,22,3844,3,3,2,1,0,0,0,0,0,0,0,0,0,0,0,0,0,0,1,0,0,1,1,0,0
0,0,0,36,24,2831,3,2,1,1,0,0,0,0,0,0,0,0,0,0,0,0,0,0,1,0,0,1,1,0,0
0,0,0,34,21,5536,3,3,1,1,0,1,0,1,0,0,0,0,1,0,0,0,0,0,1,0,0,1,1,0,0
1,0,0,35,24,2927,3,3,1,1,0,1,0,1,0,0,0,0,0,0,0,1,0,0,1,0,0,1,1,0,0
0,0,0,37,36,4275,4,3,1,1,0,0,0,1,0,0,0,0,1,0,0,0,0,0,1,0,0,1,0,0,1
0,0,0,39,6,6761,3,3,1,2,0,1,0,1,0,0,0,0,1,0,0,0,0,0,1,0,0,1,0,1,0
1,0,0,36,23,2659,4,3,1,1,0,0,0,0,0,0,0,0,0,0,0,0,0,0,1,0,1,0,1,0,0
0,0,0,35,8,4315,3,3,2,1,0,0,0,0,1,0,0,0,0,0,0,0,0,0,1,0,0,1,0,1,0
0,0,0,38,6,518,3,3,1,1,0,1,0,0,0,0,0,0,1,0,0,0,0,0,1,0,0,1,0,1,0
1,0,1,37,23,2838,4,1,2,1,0,0,0,1,0,0,0,0,0,0,0,0,0,0,1,0,0,1,0,1,0
0,0,0,37,18,4584,3,3,1,1,0,1,0,0,1,0,0,0,0,0,0,1,0,0,1,0,0,1,1,0,0
0,0,1,54,21,1597,4,4,1,1,0,0,0,0,0,0,0,0,0,0,0,0,0,0,1,0,0,1,0,1,0
0,0,0,42,36,3332,3,3,1,1,0,1,0,0,0,0,0,0,0,0,0,1,0,0,1,0,0,1,0,1,0
0,0,0,23,21,2520,2,3,2,1,0,1,0,0,0,0,0,0,1,0,0,0,1,0,0,0,1,0,1,0,0
0,0,0,40,24,1056,3,3,2,1,0,1,0,1,0,0,0,1,0,0,0,0,0,0,1,0,0,1,0,1,0
0,0,0,31,36,3057,3,3,1,1,0,0,0,0,0,0,0,0,0,0,0,1,1,0,0,0,0,1,0,1,0
0,0,0,23,17,4506,2,4,1,1,0,0,0,0,0,0,0,0,0,0,0,0,0,1,0,0,0,1,1,0,0
1,0,1,36,16,4014,3,3,1,1,1,0,0,0,1,0,0,0,0,1,0,0,0,0,1,0,0,1,0,1,0
0,0,0,24,15,2696,4,3,1,1,0,0,0,0,0,0,0,0,0,0,0,0,0,0,1,0,0,1,0,1,0
0,0,0,37,18,3095,3,3,1,1,1,1,0,1,0,0,0,0,0,0,0,0,0,0,1,0,0,1,0,1,0
0,0,0,32,21,3499,4,3,1,1,0,0,0,1,0,0,0,0,0,1,0,0,0,0,1,0,1,0,1,0,0
0,0,0,35,23,4181,4,1,1,1,0,1,0,0,0,0,0,0,0,0,0,0,0,0,1,0,0,1,0,0,1
1,0,0,42,22,5650,4,4,1,1,0,1,0,0,0,0,0,0,0,0,0,0,0,0,1,0,1,0,0,1,0
0,0,0,31,20,9960,3,2,1,1,0,1,0,0,0,0,0,0,1,0,0,1,0,0,1,0,0,1,1,0,0
0,0,0,36,24,2789,3,2,1,1,0,1,0,1,0,0,0,0,1,0,0,1,0,0,1,0,0,1,0,1,0
1,0,0,35,22,2326,2,3,1,1,0,0,0,0,1,0,0,0,0,0,0,0,0,0,1,0,0,1,1,0,0
0,0,0,31,12,3468,4,3,1,1,0,0,0,0,0,0,0,0,0,0,0,0,1,0,0,0,0,1,1,0,0
