"population.numeric","householdsize.numeric","racepctblack.numeric","racePctWhite.numeric","racePctAsian.numeric","racePctHisp.numeric","agePct12t21.numeric","agePct12t29.numeric","agePct16t24.numeric","agePct65up.numeric","numbUrban.numeric","pctUrban.numeric","medIncome.numeric","pctWWage.numeric","pctWFarmSelf.numeric","pctWInvInc.numeric","pctWSocSec.numeric","pctWPubAsst.numeric","pctWRetire.numeric","medFamInc.numeric","perCapInc.numeric","whitePerCap.numeric","blackPerCap.numeric","indianPerCap.numeric","AsianPerCap.numeric","HispPerCap.numeric","NumUnderPov.numeric","PctPopUnderPov.numeric","PctLess9thGrade.numeric","PctNotHSGrad.numeric","PctBSorMore.numeric","PctUnemployed.numeric","PctEmploy.numeric","PctEmplManu.numeric","PctEmplProfServ.numeric","PctOccupManu.numeric","PctOccupMgmtProf.numeric","MalePctDivorce.numeric","MalePctNevMarr.numeric","FemalePctDiv.numeric","TotalPctDiv.numeric","PersPerFam.numeric","PctFam2Par.numeric","PctKids2Par.numeric","PctYoungKids2Par.numeric","PctTeen2Par.numeric","PctWorkMomYoungKids.numeric","PctWorkMom.numeric","NumIlleg.numeric","PctIlleg.numeric","NumImmig.numeric","PctImmigRecent.numeric","PctImmigRec5.numeric","PctImmigRec8.numeric","PctImmigRec10.numeric","PctRecentImmig.numeric","PctRecImmig5.numeric","PctRecImmig8.numeric","PctRecImmig10.numeric","PctSpeakEnglOnly.numeric","PctNotSpeakEnglWell.numeric","PctLargHouseFam.numeric","PctLargHouseOccup.numeric","PersPerOccupHous.numeric","PersPerOwnOccHous.numeric","PersPerRentOccHous.numeric","PctPersOwnOccup.numeric","PctPersDenseHous.numeric","PctHousLess3BR.numeric","MedNumBR.numeric","HousVacant.numeric","PctHousOccup.numeric","PctHousOwnOcc.numeric","PctVacantBoarded.numeric","PctVacMore6Mos.numeric","MedYrHousBuilt.numeric","PctHousNoPhone.numeric","PctWOFullPlumb.numeric","OwnOccLowQuart.numeric","OwnOccMedVal.numeric","OwnOccHiQuart.numeric","RentLowQ.numeric","RentMedian.numeric","RentHighQ.numeric","MedRent.numeric","MedRentPctHousInc.numeric","MedOwnCostPctInc.numeric","MedOwnCostPctIncNoMtg.numeric","NumInShelters.numeric","NumStreet.numeric","PctForeignBorn.numeric","PctBornSameState.numeric","PctSameHouse85.numeric","PctSameCity85.numeric","PctSameState85.numeric","LemasSwornFT.numeric","LemasSwFTPerPop.numeric","PctUsePubTrans.numeric","PolicCars.numeric","PolicOperBudg.numeric","unrelated_column_one","unrelated_column_two"
30329,2.62,10.72,66.7471176545198,0.73,16.3378829657907,14.6045905049394,18.34,21.85,15.7385545838003,110002,100,20435,72.9610433367888,0.33,25.7695584666729,33.76,14.6622513576845,12.9598879243185,31632,11897,14424,5874,11276,13859,1994,13999,9.59001477733254,6.668986210078,59.31,3.37108803002785,12.6556153972944,51.7494326209525,41.0115231951699,31.644102820009,17.9977404245734,21.14,10.16,58.0056227944791,12.4,11.77,3.13,61.4006041617692,53.95,78.8280292066435,55.78,63.3858508413906,72.53,2854,2.825582991379,6205,25.3505836999416,25.61,20.07,33.5780567417542,0.291620289894442,0.14,0.34,0.38,81.8104055676609,1.42,13.13,2.64510028926035,2.52,2.71,2.17,60.0337983420119,1.27515680849552,48.0525953080753,2,922,85.3812435561046,59.12,2.43724144652486,40.41,1954,4.62,1.24335532752176,165100,48400,87827,47900,429,511,449,143,363,27.9,25.3,12.2,0,8,9.68769232563672,82.23,58.9831793824832,77.47,83.74,20.8,1675.80051130056,5.7123862577478,"0","1"
41922,3.26259329151362,2.83145001843572,79.17,18.3544588322317,22.02,11.5723882710437,28.3154354323819,10.3111477819085,3.58,42655,100,56408,91.42,0.55,66.71,10.3,3.18075977042317,8.55,63604,19147,31044,14246,21502,20634,16018,985,4.62379576495538,1.72549844231457,5.15142762243748,28.9803975662341,4.48,76.51,16.4110161501666,16.9002742986381,4.57710410435994,41.0775153875351,7.58368854058286,30.9889466966316,11.1928830708936,8.04,3.43443014482657,81.8251590361943,84.09,90.0815133396785,91.02,65.1356270758063,67.38,128,1.71186077814549,6520,17.2445593922585,26.6295052994539,40.1864068758612,37.23,1.86934902300437,6.38,6.35489111423493,5.76058951293429,74.8692377354329,3.30793243845304,8.7206511990726,5.93436032012105,3.34,2.90790839441121,3.4189303227514,73.5539328624805,8.53,25.7024141746759,3,334,97.1090764828523,64.4844246541957,0,11.9094753666719,1970,0,0.160980868525803,211700,413656,354237,124680,700,903,881,210,811,24.2908601585776,30.5,11.2424691402664,0,0,22.8677017718926,54.22,50.4902125811204,72.1278486846512,85.5908317092806,12.7,8169.9,1.45512676390509,"0","0"
48997,3.21452104172514,17.5158515049602,88.0624666655389,0.17,0.53,15.38,26.78,14.59,12.8839041395113,43142,100,22070,84.8336712202569,0.685397078273042,27.1403879537495,34.44,16.9678617858778,13.0409793165,30945,12558,12925,15329,0,7804,3489,2606,25.8617638216447,17.3911304805676,32.3329608773782,17.0544542132939,8.25827841174789,53.32,10.45,19.5107301839876,11.81,24.263672585565,11.27,39.2893548258953,15.14,13.1992792271295,3.19,55.7277683587372,55.3297951047371,62.7057477487996,40.64,64.8094387319498,68.72,1861,3.96,116,10.4128835156529,12.0034998368844,39.5230420836131,39.524251407679,0.2,0.214285745506641,20.54,1.27315818869509,88.7924035177845,1.35682890336029,7.54735757448245,2.18,3.4,2.62,2.97570412789316,64.1801400673855,10.8411672151461,49.7,3,1959,93.13,28.08,2.94997558216176,64.8847434890984,1981,13.36,2.55498184475815,144900,60000,85442,23898,405,165,314,276,264,24.1,19.6,11.2,8,4,1.25,80.8,51.5187524896208,61.3071570340327,87.8288639554816,30.5,22118.9407843378,0.242326789193321,"0","1"
10610,2.79,33.74,79.6670212700342,0.696608849428594,28.3329168748111,19.7949141265949,40.37,29.39,12.15,35573,0,25859,66.4,1.93,29.09,30.3454061276714,14.47,12.29881590534,25806,9400,11695,7001,8489,16840,4020,2622,30.22,15.64,27.57,22.56,7.30566360652447,52.0928979864841,9.59903427562366,31.94,16.67,21.11,6.92,46.08,14.1670626653731,8.55,3.10749060409764,75.22,66.3519516166051,57.63,62.35,60.89,68.25,337,4.18943783968687,271,40.19,17.24,44.39,64.49,0.33,0.642029501348734,0.719771183282137,0.892139333498975,78.2896749198437,0.2,4.71,4.8,2.68893122684211,2.56,2.62387559063733,69.4986727806553,3.56776024654508,47.99,3,705,90.95,54.95,1.4895233369122,30.9713211887702,1950,10.34,0.61,30489,53000,53879,41500,131,194,287,117,245,29.7,17.1,11.9548196174204,6,0,2.56310277054707,54.157559728995,47.8277993483096,69.73,91.1447815617174,10.3719464705636,610.661339250207,0,"0","0"
11605,2.77,5.91,87.0674003806338,1.42,8.9727357117335,14.8943455498666,27.8394331492856,10.3049352849089,4.73,106241,0,21390,76.41,2.68690681856126,29.6479754079133,28.41,8.09,23.2214010435343,39691,12994,11376,5209,8473,13720,10930,7916,13.9322440162425,5.31486067195733,19.4316831173437,10.88,7.46660337356851,55.850347336717,15.3839267487451,19.8332045375556,13.2460226930305,23.1529207592395,10.1524886899814,23.7561208477492,14.93,13.51,3.09809329324091,72.9708893612958,70.243604623576,81.6652939870084,79.0177059825013,65.9405141211301,73.21,813,1.88316150991246,21657,11.46,21.81,21.0769193430742,44.56,0.1,0.37,1.18799429505443,0.94481429633374,78.79,1.77421898066998,4.391563822863,3.11,2.28,2.5863646183908,3.02641276486839,63.19,3.66603634953499,51.6466409440339,2,10399,93.3100545497052,63.97,2.84,31.78,1961,7.81092224281281,2.17,27800,69936,92851,33061,222,263,457,188,543,30.7,26.7,14.2211868721371,0,0,5.65255659731105,55.5828519361653,55.47,75.45,75.84,13.1875975549221,3085.30461490154,0.362521878927946,"1","1"
672971,2.58,3.95550310825386,63.7074382248901,0.6,45.71,16.6043679865527,29.47,12.93,12.0282124690921,29906,100,30742,75.23,1.68,27.8915605481217,31.6200286545573,22.1524892205931,12.99,30957,8858,13638,5493,6093,7262,7160,9386,15,11.0397935796234,35.7888928532406,8.55,8.71,72.3823526810234,19.9664968153043,25.85,16.0384657006393,21.270394374171,10.5867889750555,25.1,17.2746474761493,12.0494699201143,3.1,73.1995897866017,57.398098259964,76.0938152990723,73.4693086731768,73.85,61.8839555368014,2275,11.9537549143052,1268,15.5413466605055,24.01,57.31,43.6306055119851,1.05084477102384,3.55362544956307,9.44212196318666,2.35357151857422,54.79,1.07051733848794,3.51,4.11,4.29,3.02155453205109,2.28982751881781,57.77,6.39554271794856,33.6991781052357,2,3962,90,48.65,1.58348009510276,16.6483341214666,1958,3.93807129579596,0.68,141298,79112,305513,49500,183,294,441,198,535,27.1,21.804898562259,11.6196910258615,109,0,4.72,44.74,39.6831351148337,71.72,89.69,31.3171749325004,9113.18033135232,0.09,"1","0"
35041,2.41426604297478,2.33261128472475,89.69,1.37,0.34,13.2877834570097,27.4275900719532,14.4135308706885,12.1674272782992,18818,100,22996,65.3960413870526,0.48,34.7623649463151,24.8460740055982,8.73,15.3002324689428,32654,15111,9892,1100,27620,5111,10596,4594,18.78,8.05441721434394,15.8425775671843,23.89,6.05,62.65465130697,32.81,46.6581756064792,8.57626648806811,25.0522393397801,12.29,33.47,12.2940651764659,5.96,2.96,70.9715008614212,75.18,81.9830467026588,73.78,60.8592531897686,83.98,254,1.81048443097621,6739,14.70650196895,45.2124623773448,35.2210707277153,33.6090313052603,0.621762138310199,0.75,3.06,0.84,82.3271811262472,0.41,2.89702588227888,1.66,2.36277495624808,2.67,2.19682531967138,52.96,3.17,53.9873603511602,3,1004,91.5851380739734,50.5298644492108,0.641835066502293,57.6223046481516,1965,4.68914156304206,0.323311146833003,137900,163600,55152,21900,191,310,303,294,635,26,18.6,13.7439581204516,2,2,1.86605257350951,61.75,46.49,48.3058089758673,96.24,6.33279135283083,2452.87162499477,1.10706475922062,"0","1"
14150,2.8521608964478,29.5828314284406,53.7239664309565,2.50564269845219,12.53,13.3064993088879,27.6435343269957,11.4807324803372,11.88,238104,0,20501,70.8961611405294,0.44,28.0004137186551,22.98,14.9,12.56,26429,10927,15503,8824,12321,11231,11855,4150,17.161753013789,20.3422578945213,31.89,9.68,7.44372316272929,55.9892348954454,12.4719938510548,25.0312839186005,17.38,13.06,11.6829844029931,42.3202210272709,15.01,13.2149557937433,2.97,67.17,63.7280603511321,65.52,75.16,70.11,73.16,2278,7.02,36190,18.18,11.05,53.97,46.6023573126318,2.50829338611414,0.76,10.94,0.884141967962496,96.2728813148414,2.01281736827145,7.84462582196109,2.46088298202803,2.21801741220057,2.65,2.12,44.4725600890676,8.78,68.27,2,1177,90.53,56.97,38.6028247157982,39.8865713329241,1974,4.29126146682072,0.55,66125,31700,94131,38873,320,668,403,169,522,24.4,19.6,14.3,124,20,1.35819444999099,59.3597427208722,50.1137282497187,83.27,91.1,12,1005.07416866999,12.8539650063015,"0","1"
87535,2.37,8.7,58.7040002761059,1.42164498947561,4.52789558615535,11.2586048199749,31.7426366419593,12.6440059568849,8.89108426920138,89105,100,22076,82.93,0.491358499883208,29.91,34.49,3.38,19.3017616684735,22182,7013,18444,6348,9015,7265,7631,10148,6.22,5.02,17.036026890915,21.8337628530175,9.91,67.46,10.3272250160039,22.37,14.92,23.7357655611324,11.471996539752,28.8800917013688,16.97,15.11,3.12,62.69,67.1648862686357,65.3544875216857,59.11,54.93,69.4542776683827,1586,5.03805115602678,14424,18.12,29.07,11.486041213139,41.4761900865287,4.43595240994977,8.82,5.67534715314085,0.85,50.497407007028,1.84606631233046,4.5,3.30392027529888,2.20627796479113,2.86,2.18,56.7130506346173,10.7658263212101,60.53,2,6268,91.2777398863559,40.58,1.06081775671026,35.8,1944,8.37,0.03,114062,99239,73600,31864,252,628,343,190,575,28.9,25.2182118848199,14.9,257,161,5.02,75.3849327191509,47.8599973062829,55.19,81.2925154017478,10.0985559033618,2062.37627831446,0.17,"0","0"
24806,3.34,11.65,67.21,0.75,23.0638943729953,16.1,26.7,9.60559459666411,14.372663801834,10416,100,26787,70.675189973327,0.36,25.3430747677882,36.4803393305341,20.6544962488487,10.3342455602065,29798,14180,12904,8859,6132,8258,6731,1311632,25.16,10.6474329013067,26.6580733903311,20.7934660769627,9.92560904573338,49.11,17.5706648668523,17.1098990389549,16.0457791722938,36.070506894545,10.28,32.4,18.5202164863081,17.036227972315,3.21297931347353,67.88,64.6394251142256,66.99,73.7621081408237,59.1711906082928,60.14,23779,4.71,380,4.46,22.6443822247659,21.3446968677733,13.2,0.734661596408113,2.00134854175771,2.41166809149086,2.0409722599946,95.73,17.0153807251838,5.14,4.13,2.39,2.65,2.53,34.96,2.51424426452257,66.6940435771396,2,18744,81.1264979771897,52.6732198788288,1.66,17.8246446216603,1962,7.93321851008261,0.967215482269724,34194,60700,170685,19200,491,280,512,209,468,27.1650789960908,23.5,12.5,73,0,9.28,57.6734147004286,56.66,75.3970416026376,92.4108849324286,7.64185895146802,4693.31854181693,0.52,"1","1"
50368,2.45046679994169,0.67,91.56,1.94,8.64,10.92,22.49,9.5,14.8353211076247,55588,100,46374,76.78,1.01,48.11,23.47,3.15,17.0656399884013,38661,23841,23696,11281,24144,21158,12271,2852,6.51,4.22940596452914,9.64,32.37,4.55367949822918,58.01,9.94,19.8639039431419,7.56,33.65,8.02,25.1223871574892,14.3,9.75,2.9054182744585,78.9799190372454,76.9170852452082,90.4,72.48,57.93,65.06,435,1.36023911856115,4994,21.13,15.36,36.96,31.44,1.88373232860041,2.69146223258848,4.49,5.11,83.4753155622639,3.84,4.05,2.18399745752414,2.43361668782542,2.51,2.38,66.2392429619259,5.2,59.0951878982037,2,2108,89.2543286409136,75.57,0,24.52,1975,0.86,0.250285431020893,238200,173522,105800,30400,479,721,668,220,672,30.5,28.1,13.4462296799136,9,0,16.26,18.78,33.85,71.37,80.9427995610982,18.9,2473.94928274744,1.11,"1","0"
75033,2.66,0.162896664837996,54.1534448463749,1.25675600737333,8.25405392085513,15.390526598664,28.2418591148593,21.62,12.94,116453,100,30925,59.1140464301563,0.52,34.7447408813704,32.0858385458961,26.92,10.5399664305088,29651,11184,14108,16429,7340,11909,6738,14251,8.03,9.69356574820665,38.35,15.9530885434896,11.45,67.06,36.7478948237437,12.7927764975342,7.4011408949395,24.9952829642035,14.878145796905,32.0880362331184,15.4467235887796,14.3510575069611,3.25576505821819,75.4087041802208,69.7200993614333,68.02,62.84,73.8562712702062,70.2517472409115,1898,4.12,2319,25.16,27.6069759221375,49.6916806846299,47.18,0.71,7.2,3.2961531284824,9.68,93.789522679057,16.8137050116435,7.37,8.47,2.42,4.09416966665537,2.48029003717937,51.2481911227418,10.8098051378876,68.06,3,1892,95.0288521505892,46.91,5.28346084533881,37.879749875168,1961,6.05461759244402,0.32,92163,161749,96633,224300,194,546,389,146,346,22.3232350248843,20.6,11.8,30,4,6.70396400474633,69.4351829018816,49.5,79.3922790532187,76.5728011782654,5,2632.4,2.04812028279218,"0","1"
11997,2.3,4.27,97.0513810603258,7.80543117233241,5.81,13.9553165768677,30.5490621230006,21.6536067040823,5.75,52351,95.01,36704,78.6212475051731,0.45,58.5019418192282,10.2693135537052,1.53873924146717,13.94,42733,14684,18301,17533,7598,19833,8302,589,4.78,0.74,18.38,25.5572420099999,3.59,66.5828102051156,18.5549797283858,23.3076495988667,22.5768296056986,45.29,4.30623153341313,58.5691389905784,10.4814851451789,6.68235507377113,3.15,85.72,80.4717694606321,88.66,83.9380288955383,56.98,78.6200380306039,165,1,188,4.98663106843829,23.1503971669326,24.6345030010119,14.0450470537537,0.0675679478390763,3.91,0.41,1.26354935477177,97.1152593692113,0.62,4.83711457438767,1.50622568841092,2.36,3.03849924759008,2.14,71.1850609629291,0.950418934688593,34.72,3,360,95.71,91.78,2.03182602482537,43.71,1979,0.46,0,55959,81800,173190,83300,558,542,1001,215,694,28.3,22,15.4,0,0,1.11,40.77,68.1817017849969,83.8815443736749,83.81,27.4411054674226,758.238078346849,4.05,"1","0"
28176,2.73236389152706,29.45,88.62,6.25,9.25,13.62,24.4094840616221,11.01,4.01078295503743,36176,31.82181763798,33228,89.78,0.98,49.23,11.3548664655117,2.51781563265715,9.01,54515,18609,21667,24563,21192,21756,12108,2049,9.05,2.49929387987126,15.27,46.69,3.4,75.98,12.6801963193016,14.56,4.32,42.67,6.67,23.13,14.5684124532295,9.01,3.01,78.7080860623841,73.53,93.91,83.28,71.44,72.33,128,1.68,1801,13.18,23.09,36.7,45.38,0.589710779289405,2.02138246335555,1.72778606723063,9.64,74.62,1.91,3.69,4.74,2.46,2.78,2.92811324359849,56.8658118237772,4.74,44.8016148227112,3,802,89.65,53.5182533821821,2.07354395687269,24.4,1978,4.23125144554302,0.39,60600,79000,96389,31400,456,947,1001,172,706,23.7512533469436,21.1,13.5270864259452,0,0,7.75,43.3896423795245,45.31,53.7587881272503,89.19,37.3,2229.83764825165,3.93,"0","1"
61818,2.73751125594756,38.086300043508,48.2149048729955,0.66,1.49743857822226,12.9579606235004,25.9684685459244,14.1172653225018,15.2045473413426,24962,0,19507,69.2478472204786,1.05845689935222,29.1708061162002,34.009779921649,9.20660625068083,20.17,23276,11596,15070,7355,2220,9655,5986,5068,14.99,21.36,21.07,8.80215579795651,5.77,58.528656554902,12.117329330272,24.71,29.279084004648,17.9787153308916,10.17,36.73,16.01,15.9195314528599,3.49,68.83,70.1121732801804,62.0559376519173,61.4107461425903,62.25,63.0931832779292,3215,5.33660511128372,2212,15.8871747344119,19.1195945570579,33.06,29.7961284279373,3.62,5.45,0.0687626940260331,11.4016406586456,80.59,0.42,10.19,2.39,2.83,2.42,3.11,59.3155206320249,8.25,46.2753169232343,2,14298,88.3728862035368,52.2041820837379,3.75,11.1617216014722,1962,5.69989983989469,0.3,38800,42660,77400,51422,266,239,374,410,438,27.7,19.8476852243999,14.6,0,0,5.46350680284203,85.5388424087851,54.7,73.5557236726163,93.1483754494142,8.8,2448.94386447538,0.378671904620715,"1","0"
16366,2.80968462355124,0.172594592926713,96.6257725966163,0.94,2.31939403766766,12.7,22.83,10.06,14.33,0,0,43968,77.0185856101476,0.942069690702483,67.6121825532305,36.032849709581,2.63111941612791,17.1586173269603,52917,11495,30955,3341,19180,14465,7363,690,5.24359764389693,12.4258753275033,13,48.9247364951173,2.41971800541505,65.46,15.61,40.6555968500301,15.9678769275236,24.23226013951,3.53143892202837,23.5853404080775,8.17,8.75197779150059,2.95694024742426,83.79,81.3,94.584561350923,84.88,53.9548684420281,74.07,111,0.908271167529746,940,14.6307205217192,25.9819781249762,12.553698108041,0,0.32,0.6,0.48,0,92.4263405180629,0.91,3.84,1.95,3.15,2.68,2.16,86.6909438870956,0.93,30.1738940463308,3,314,96.4,70.0345569819119,0.626581277834872,27.71,1965,2.50885497524092,0.26,81906,231200,73600,25033,469,599,675,121,1001,24.6,20,15,0,0,5.67,55.42,61.436985423062,83.0193478836181,97.04,11.8257491717736,1009.8,10.51,"0","0"
180502,2.85478481474953,1.19595692183512,72.66,9.92010343225988,83.1990017358446,16.7955743341443,28.5599529375477,12.1841949234034,10.3969153819062,31770,100,22077,75.22,0.61,33.4948579600298,20.3293382266723,6.78,13.18,24293,19814,11075,11863,10020,11954,6744,42838,21.027369278241,10.7209817211609,39.44,18.8442553495383,14.9624172421405,74.9937024015561,15.6465020347262,16.5,25.9620598137875,24.81,12.64,32.54,16.55,12.5016049088491,3.18772524859601,73,60.81,75.3221111039631,63.621747479327,52.45,64.4847197298892,1823,4.49,32682,21.0071366849526,67.39,30.2842891913777,39.06,0.32,2.93023625760184,1.77,0.56672615796638,95.3187093498092,7.91,13.6566849301662,6.14151903990656,2.17,2.46,2.62,62.1553962294276,6.65,57.24,2,3086,89.3624868214115,57.4146406637381,3.07762661062647,18.26,1960,8.37,0.7,178548,185400,77300,35800,249,470,266,247,354,24.8,24.7,13.6,21,0,3.74718477269479,52.72,50.2656795796644,83.2221225914732,89.8000715550687,7.8,1591.40450739718,0,"1","0"
11005,2.32085619367426,52.58,94.1173111569509,1.74,4.74780140150804,12.4,27.57,10.7664885034761,11.01,12131,100,35989,80.5481675655472,0.17,28.88,24.45,5.61,17.2674639395718,37830,14234,19070,20031,27628,15318,17307,782,6.70746434045956,4.78383501649369,24.44,15.4158501980671,3.35,67.01,8.35218454274349,15.3006992134017,5.78837454466149,21.43,11.6344216707411,32.8,14.4154769218224,15.09,2.87,68.1211989440653,63.35,80.3314440555125,69.1354681268497,75.17,79.49,124,1.81655531739195,884,7.21,27.94,11.3,14.66,0.25,1.57,2.11,2.1902952542156,87.4225202394999,1.57181832043299,3.50948448679099,2.02,2.26,2.35,2.36,62.26,2.31197525851428,43.4964857630478,3,382,93.34,52.26,0.537329045240767,65.5855559950136,1966,1.28,0.16,78653,69500,187100,20400,375,418,462,228,598,28.9,21.6,13.2,0,0,3.43,68.68,47.0087702131271,88.7837609371256,96.41,4.7,1871.33717872775,5.09009154004976,"0","0"
18378,2.59651569004791,0.99,96.7913367421832,0.591463587662826,0.821213749527621,12.8448754622228,24.047393645132,11.9220428599572,10.3251869959757,19563,100,35987,87.6001335937592,0.51,42.67,32.68,2.92,15.3000281049218,48331,13831,16797,13376,28269,7922,14202,1317,7.67,8.25,9.93,34.21,5.28792226230105,71.72,7.72,18.82,14.84,30.2205162851,7.93447505381734,26.98,10.7211149764853,10.1285229046317,3.13593233759825,79.91,79.6611827897063,90.28,79.77,67.6598421483596,73.3960779969208,596,1.57,2453,3.96,2.52,30.57,20.9105325868074,0.370022113147813,0.378548030002664,0,0.235631951770435,95.69,0.643498141534316,4.79,2.3,2.70322831476107,2.86,2.06420585726077,76.8489507194608,2.83,20.45,3,3783,94.9910299203203,73.72,2.23,35.91,1958,1.4,0.12,69981,83456,75088,34282,380,335,406,307,348,19,18.0853131065766,15.5,0,0,2.48369736066088,78.8138485527411,62.66,83.65,81.73,19.1,2042.60633802302,0.172007880252786,"1","0"
72033,2.70978563443292,30.39,73.5210276291193,1.30476404823673,0.4,15.7198618908568,26.5199153462363,15.82,13.91,0,100,35102,70.9641720077116,0.84,24.1550447918475,23.6318874988193,10.17,15.5540482728897,25324,12152,12778,7151,7084,12982,9752,44468,18.1296208466652,8.69753374658059,28.8307667620527,22.05,7.44,60.4789952595159,22.8531269612784,27.5870916383713,9.15703308538534,32.3738474626731,17.7640823844075,38.31,16.08,14.4766719216201,3.35,63.65,63.4984231097748,79.37,63.5817199060088,49.68,71.93,1443,3.07,2080,10.49,32.75,11.43,57.7873523910018,0.49,0.52,0.0740487331369271,0.47,81.3842299162969,8.63058020286262,4.9,4.2,2.32882579487128,2.67,3.47054938295856,61.5392089587683,13.13,54.0761626703696,3,277,95.47,70.3029256731955,21.96,32.0517774086508,1955,12.69,0.86,36922,44600,53337,30200,149,542,315,167,593,30.7,17.7,14.6,0,300,7.31956423610449,46.1398889843111,40.3109929385409,59.74,83.3047238155082,28.0587172479525,2277.4,2.51161880387459,"1","1"
269063,2.46,38.1756322262126,69.2007670038287,0.87,23.62,14.56,32.4309379020132,15.71,8.6770949642919,41963,100,24601,79.8697140364163,0.35,33.557890102705,39.24,9.45,17.48,29812,9791,15072,10230,18223,32596,6545,2323,16.1185008769886,11.2506209762394,32.03,13.1208299435675,12.4549179356825,69.956665516831,14.2533612183513,21.7327377999574,10.1909373699982,31.852786790606,10.97,35.16,15.5439850779437,12.64,3.00310489731686,68.7910176230936,53.9499882443715,71.1026852339444,75.9199506548296,53.4696001126384,65.21,1765,3.28,5594,10.5072895843055,14.0273287237032,48.5066038295099,54.3948193665625,0.36,1.98,0.66,2.76,98.42,0.74,7.11,5.49026913995389,2.53,2.36,2.48,45.51,5.19,48.05,2,943,87.09,39.92653066933,1.35031867894034,26.004719322299,1955,6.0170551311411,0.63,54300,46851,128200,33200,176,716,388,182,367,25.8,19,12.1,354,1,1.75,38.3947602372291,44.82,85.84,90.9428615401965,21.8,1384.283985855,4,"1","1"
17932,2.87,6.45,89.3586764855807,1.49,1.40185630788095,14.18,24.99,14.01,7.28,11493,100,38265,86.1147776896631,1.00011518423601,54.0647018014826,21.39,4.76870442507168,14.6557643377812,51079,42385,31416,20398,19654,10691,13422,809,2.72,6.61932313762605,13.2959091219911,18.9341949158954,3.46,77.64,26.3867479816405,24.5956035529729,2.66,37.6010812306637,7.18753163555637,30.235057245763,9.93219201509375,10.15,3.32,83.8931958118748,86.7328141211734,100,87.3662817098387,53.76,60.8628779134279,24,0.539356135660783,654,7.44224345024054,16.99,15.966717722953,6.83,0.061401487478676,0.53,0.349851275657614,1.01142191029775,94.5806463311644,0.81,3.12557392700575,2.22811199223623,2.74,3.07,2.54,90.2477291060984,0.64,24.3047023715327,3,537,96.0354691482475,85.6,0,23.733030812523,1965,0.12,0,157200,85000,206600,32231,477,927,1001,388,548,24.2,21.2452850024371,11.6,0,0,10.3887025930127,25.2136093688585,65,76.07,77.0047922681365,7.07244479446672,1640.4,7.98,"0","0"
16547,2.68973236778751,39.3972902935022,78.28,43.84,35.94,16.7274817740335,54.92,14.3288038917258,15.87,0,0,17216,66.1456950370874,2.77,28.78,28.3768342929473,8.84635939683765,12.5374311413988,18788,8539,11844,14122,13003,2912,0,4255,17.2498443602771,24.37,40.64,11.4418539794294,7.45558402044699,61.71,24.1778167984169,15.7433872373845,16.4168325468153,19.0109483698624,11.31,60.2077045731759,14.13,12.48,3.68,69.7312467783713,45.15,83.6803507736077,75.58,75.2331842323098,61.2768148070481,783,5.07182113669813,42,15.23,9.59,14.4498386091879,35.8103796354681,0.22,0.169502166759533,0.553298479244113,3.90416730830448,93.1131891373677,0.52,6.93,5.63951448707376,2.39,2.49,2.63,54.2833607329917,7.96580194533803,55.904307425702,2,150,90.9566202216526,60.93164793042,1.64,55.5966808355701,1952,10.6316611419641,1.16,84629,48800,238300,30000,133,674,409,205,246,28.7,22.1,11.8,0,0,22.65,66.7855238873201,69.4,84.6810377918556,88.3354570127418,4.34963552909127,2277.4,0.881201943682974,"1","0"
25725,2.53,1.82,64.2824210652554,0.501283430084586,6.43557896283145,14.78,27.3076596771507,14.0982685758049,8.99,264394,100,20806,70.41,0.61,12.29,31.05,5.30008328697334,13.7010000899589,22848,11760,10906,8181,6726,6855,10159,64572,24.82,9.38870388835669,33.3571757158823,7.97606686936536,12.12,49.28,12.44,24.9495892810496,19.8696820373833,15.3087706391296,15.7970962025179,39.67,18.69,11.9917837592587,3.43632647648919,52.09,67.9416351966653,60.4221385283147,53.4,67.58,71.55,1526,3.07675395510625,1740,17.2767110934108,21.0959097787831,17.81,38.06,0.24,9.64,0.59,0.0630453405358518,69.67,0.321387435322007,7.59,4.98086095845327,2.6345629419433,2.77,2.24283102819696,60.05,3.97,49.96,3,246,87.684374088496,64.0390242625214,8.50040108166169,44.29,1964,8.95430700949393,1.76,21996,44500,52164,30427,184,226,441,177,276,26.1,15.642090888399,16.2,0,0,5.59549759646878,59.9477746688481,64.111827498513,92.11,93.5262226366624,2.8,1856.90806037099,10.77,"0","0"
12076,2.80166618031139,10.13,93.440156861643,0.33,0.47,14.2914166857861,29.51,13.42,5.97603411499411,0,100,33502,73.54,2.40613911611338,39.9976607245704,22.2794636116674,5.01659805553655,21.11,40141,13671,11949,1728,5438,9344,8734,1678,5.58756498967608,9.17406989522899,16.8177523854375,15.3062271435062,2.57646936416626,58.87,8.04071255745987,19.495442934533,15.1729047363997,23.0939107093712,11.1313541403537,25.2657901169732,9.27800452180207,12.0265389511051,3.09452372401953,78.42,77.0368508650859,92.4801601720601,81.0548099453747,73.972030511635,75.42,148,1.52240642451992,308,23.8227402283996,24.35,12.8587282722071,30.5708834879473,0.22,0.16,0.34,0.499121468241016,95.959093017218,0,4.49,2.42692142072444,3.1297498562187,3.02334645241499,2.31485074299077,84.326322991401,0.858286784092585,38.2205576231827,3,837,88.391829303354,68.3700211329137,2.67686955988407,44.68,1976,1.61,0.378696541395038,52337,59785,73507,30220,255,258,472,119,331,18.6531282705565,17.4523264460266,11.9630094264944,0,0,1.08322873994708,77.6398757145554,47.3621171576157,76.32,94.059546044115,12.8262399241328,1491.31073204633,4.14604342266917,"0","0"
18932,2.42,0.22,95.31,1.05571646015005,5.75817992632432,12.7555570265961,22.59,11.1817079256366,16.17,0,0,23756,70.1073747287846,0.12,46.43,33.8,9.64,21.1803192036723,29640,12257,12754,6199,27620,8469,5040,3889,16.4720413255133,9.9,20.41,14.37,8.53388653621698,56.2384367792681,8.76,23.7074737141049,15.1990192187019,23.36,12.29,24.84,15.85,14.17,2.9,68.28,66.9395258899778,75.27,76.87,61.0582616020196,67.55,258,1.74,728,12.48,18.27,27.5845142044841,20.74,0.36,0.75,1.95,0.85,96.06,0.460134649801378,4.70142131816596,2.38,2.34467659432131,2.49,2.21,58.4270498875296,4.2,47.98,2,467,93.96,55.13,2.33,22.62,1957,3.93,0.57,53600,67970,87200,38900,233,308,381,157,355,27,18.4,11.603031284626,35,1,4.53507220549354,52.98,47.83,75.64,84.42,6.3,3238.44495196026,2.51,"0","0"
28854,3.07,1.53714812184218,96.98,3.73863009775058,1.2,12.1959082160937,37.6430685939826,10.56,15.8,11987,0,50647,85.62,0.764144269100702,48.4690506704454,19.63,3.18,12.0739567086007,33768,23557,15100,13493,12323,7762,20890,171,3.51,2.67,7.88117184133036,16.5752397228312,5.01,59.17,23.41,19.83,10.383999974366,46.74,6.64,26.9,7.32434796839021,7.13,2.99463940398147,88.21,81.9711486219615,93.21,79.05,53.0219814463262,75.1973581213023,195,0.42,786,11.88,16.296912742098,26.09,28.17,0.17,1.00711361662019,12.4052794165374,0.98,91.38,0.52167475985984,3.34539378606093,4.03,3.00807326578225,2.79,2.33281649160742,84.1701029899972,1.14186678141666,34.04,3,245,94.9492178818397,75.0643613135543,0.21,27.6404560527206,1972,0.325635726650556,0.52,75700,86434,193600,44228,604,682,392,509,834,24.6,25.5,15.9,0,0,16.7,43.2441459849128,48.9903635126259,50.71,86.92,3.1,1398.6739303276,0.9,"1","0"
15588,2.69,0.277731009572744,99.05,0.440590850139658,0.949745060801506,13.2772109388312,23.972846821025,11.1257457613945,12.6097464997073,7227,43.664685207506,33219,75.43,1.38466093599796,49.8315301309774,31.4337456939369,4.70395527727902,19.610459767729,38034,16298,16037,0,15200,13835,3976,644,4.46899045283596,13.46,31.08,19.05,6.60589773193002,60.4735526885465,21.95,25.5244524276257,13.22,25.5924309572702,4.17,27.5439802050094,7.95,7.69,3.13766135106484,85.67,81.85,97.8227090891078,79.4024705267325,67.8530944919586,75.5901069822162,89,0.745803956600527,756,0.27640001475811,0,10.44,3.9349359810849,0.1,0.0437063037479917,0,0,97.39,2.28,3.89,2.72468223851174,2.69,2.82003520420442,2.01,84.9804925052077,0.650688393414021,29.5290114598349,3,265,97.2568565835059,80.9950237346565,2.84,58.5622184594472,1966,0.142426569201052,0.24722941921403,116420,136819,180600,81100,231,392,592,143,515,26.8,21.3972892634571,12.7,0,0,4.33256669263045,18.12,70.45,83.74,85.8878350345791,29.3651465006173,472.816962915659,0.4,"0","0"
14536,2.89293097948345,1.68362517966578,96.89,1.53,0.81,23.3173588323593,32.0612409975908,10.38,13.1283160612639,16012,0,66154,77.622143986399,0.162887950564424,58.4,16.92,1.73004201790318,13.8724926254153,49898,20033,18411,24098,15368,13111,9004,907,2.10758667754009,3.20443966702869,2.95,25.527411888515,5.45683152425724,62.2879562385504,13.04,33.17,1.96064876205598,58.23,6.94,30.9875408133865,10.71,6.19,3,85.5642985320091,90.5525235886592,92.5730335636685,77.7466651016288,72.3178303325797,61.93,178,0.8,363,19.79,7.94,24.18,36.7731054068357,0.9,3.56,0.09,1.6,89.85,0.51,2.45445978090788,5.26543061247716,2.68,2.61,3.18,90.42,0.24,23.412412257803,3,104,95.2532523162601,61.9839073096774,3.47014254827052,48.8125254065357,1978,0.32,0.67,78706,209300,361200,25677,640,366,560,197,522,28,23,17.8,0,0,2.65493793601791,56.03,70.5699007220287,82.9747820170969,90.6217198585719,4.5663761902911,4763.42491308711,3.85110568573078,"0","1"
20084,2.61,4.87,98.69,0.57,3.73,11.37,22.9448982427828,10.48,13.64,15975,79.48,32596,76.15,0.82,52.5246420115419,29.62,6,21.17,43027,14281,14324,8383,13320,9830,6298,1754,6.73,7.74,33.24,13.49,5.1,62.5124780893015,26.9144568784783,20.9036678236948,13.37,29.54,7.18,25.9514262014627,8.67636035076032,7.82,3.02459737292801,80.8,78.09,85.6938012347603,83.4076036160975,54.17,68.56,262,1.88,1148,6.97,6.97,9.93,14.55,0.06,0.28,0.43,0.51,92.95,0.959328726095458,3.18878126594781,2.35,2.56915969926476,2.83,2,79.69,1.07,40.62,3,329,96.35,73.52,4.11,45.4049010957607,1969,1.09,0.16,106600,83800,110800,57600,277,398,453,173,426,22.9,22.2379504017532,12,0,0,3.45,84.13,68.99,92.3401097090977,95.61,37.1,541.7,1.69,"0","1"
38875,2.31,3.71646628965701,72.4355499967653,1.74,5.52321510549169,10.27,26.143570687999,11.6228709491808,11.8747368004631,33590,100,47101,78.9857875736011,0.5,66.2586434258272,27.4096388446796,5.58638463631272,12.15,68790,21490,31822,14570,16042,19810,14675,6418,4.79503567231198,2.39801929892662,5.27,25.588125704738,3.9792517000623,70.0913318775501,26.4449938219126,18.6055869638734,6.20481415435672,28.2103482578695,9.10410928105315,31.0710948709507,13.4935983051282,10.8064626632351,2.93,78.9294610853245,73.76,90.5383986761561,82.2,64.01,61.1567004065588,190,2.27648758664572,13419,17.4188882288709,31.8781362684816,43.13,27.36,2.7795347917468,2.0542201779224,3.27789615219226,4.66129510103725,82.0259304573969,6.24282462071007,3.02024534147698,1.66,2.84811858811338,2.81125040435465,1.94378606540617,69.4945828152401,6.89,49.1405465282267,3,2250,93.4209700483441,56.6973148729047,1.29249122164367,16.7296525800717,1955,1.20171570588136,0.27,153100,223500,379056,141921,615,476,958,322,851,28.2,21.7715477766469,13.3,0,0,21.1761174387415,38.9505694614382,44.5811051413867,70.3630550551158,88.3932980379043,12.8316154368843,2172.1,6.48424265447383,"0","1"
20079,2.41,9.42692344483221,95.31,0.4,0.689691697409532,12.02,22.4121266602228,10.6,14.65,12461,0,23604,67.9438123686891,0.743283265517094,40.9142650278541,29.33,5.91609286567351,22.39,30585,13277,13702,6199,8226,3959,5476,1335,16.121513629565,17.0370985258697,20.41,13.05,7.46,55.0878320444065,23.2468095044978,28.97,24.6180982262346,18.77,12.29,30.3853608829893,13.0496820440586,13.4960793455861,2.91,72.6,64.31,76.970473137917,69.06,70.92,67.55,224,1.55,486,8.79,2.80739201364185,36.69,44.3582924514155,0.36,0.15070586163085,0.0322247920402636,0.269150694967248,96.06,0.581008637829994,3.61,2.38113549155959,2.32,2.58254697360874,2.3,66.4351307563957,0.935514228197281,52.2577215651951,3,473,89.7221835166883,68.8,0.69041233151763,44.6261561226131,1945,5.78,0.31,20596,43957,49600,38900,161,227,290,107,285,27.0000076830465,18.6407513206359,15.5,0,0,0.64,79.4423521737948,67.5169398361072,84.86,89.83,4.85107397971054,1717.7,0.29,"1","0"
30705,3.01,4.12057921623656,75.3359589626966,0.189593728159865,80.08,19.56,29.66,15.2689505768692,10.2397041369975,7926,0,21716,75.24,2.84119768980891,33.92,24.6826749924012,7.96,12.6100524056656,25372,6959,12199,10452,6051,23788,5133,2603,29.8208550649416,34.4200538715223,47.39,12.4526125323198,6.83,44.13,4.23255597770214,26.61,15.7623750841198,20.174483638114,7.29339890372008,28.8,10.56,8.58354865407571,3.75833064726554,78.9114421484154,72.5398330190529,84.16,82.53,52.5307184285608,63.96,190,1.49617462444585,2124,4.58,17.6638466928403,15.0414590840787,35.08,2.74,2.15171804597912,5.07086707881652,0.6,36.4841953202989,11.3099579072231,8.2,9.98751987571518,3.28748056170996,3.32070580595173,3.42726847284008,64.6540468038526,18.6838993201405,44.2430724793859,3,2006,78.02,71.504076927416,4.52809178643549,48.8659140939265,1967,12.7,0.68,26200,42344,60199,33600,124,182,334,167,319,27.8708294825318,21.6,12.9248903721571,0,0,21.8262868144782,58.8,61.69,83.9974695227823,91.26,14.4770380063914,1368.5,0.33,"0","0"
13222,2.49,1.91,93.71,1.01,7.81,11.72,27.95,12.55,13.58,0,0,34091,77.63,0.6,38.43,28.99,7.66,13.31,40139,15328,15444,18162,33000,15608,10337,980,7.48,8.89,21.36,17.01,5.35,65.11,34.01,20.62,18.2,27.12,10.24,32.95,12.19,11.27,3.08,73.12,71.88,77.73,84.46,66.46,73.87,326,3.35,682,9.53,28.3,40.18,45.45,0.49,1.46,2.07,2.34,86.78,2.65,4.34,2.89,2.47,2.65,2.27,56.33,2.26,56.38,2,315,94.41,52.44,2.54,34.92,1939,3.08,0.48,108100,134100,159500,51400,314,458,561,247,536,23.2,23.4,12.7,0,0,5.16,74.93,55.8,82.02,90.98,5.9,2237.7,0.05,"0","1"
19279,2.36,0.191636790403475,96.68,1.29,3.25756993316269,24.78,50.03,12.6825507099841,49.1473504095338,7835,89.9518932384322,41930,66.48,3.09,39.93,76.39,5.84,12.46,42311,14715,13636,0,5344,2605,6185,763,18.0847870265692,3.51,24.3,24.08,8.03,57.2246027736715,11.4653231827232,34.06,8.96,28.76,7.252124241204,40.25,6.21,11.0818728822578,3.04567889801227,75.9593607187675,76.468158706401,92.17,79.08,70.79,71.080705440389,751,1.43,390,43.8055935519189,53.8461615202351,48.43,17.65,3.54928174723871,0.19,1.52996421265416,2.28080353132216,92.1644430434735,1.79146213495017,3.97,2.67,1.9,1.89,2.09,85.0101149880885,3.16,50.45,2,359,95.2653950216062,46.6988336122967,0.451650786459601,29.7693762995225,1970,4.34478081865236,0.15,52800,71700,99100,35800,367,542,405,161,352,28.2951001585927,16.3,13.3,0,0,4.10143536566136,46.8564505519345,47.6242493012175,73.0944409601996,89.42,20.8,1840.3,1.17300451035844,"0","1"
15542,3.26514638749262,9.75980607624011,78.9972559632609,1.97164290038403,0.219273452544585,10.0245009900552,23.9464354069748,12.326703522803,9.99055199742317,10960,70.4582752970357,34011,79.1352788573938,0.952207620525733,43.5050079979561,35.1026784652347,7.33999784506392,9.47374668442955,25870,9982,10758,5061,14061,0,1624,1934,6.10335216125939,25.4362853862578,24.58,21.7005209478301,5.57701940598587,56.5206815305818,25.32,21.6859610847617,14.4648072458012,17.6205475617759,8.92191273343128,35.0097629595175,12.745686751157,10.2524240354045,3.27502744463893,71.638819216527,65.2224029564811,70.8242420146009,72.1412907176992,51.4283225200558,53.16,358,2.00656079852333,904,24.064860855549,0,1.13971394225955,39.9515430456959,0.201959671499207,0.86884710101566,0.398581436670696,1.42862721993122,93.801147765168,4.13962420695461,4.22023191134445,4.4805566705546,2.30297463699244,3.11,2.44,66.8838373401761,4.20660498807207,43.3153708479367,2,307,93.0384061536752,84.43,4.45899810213596,39.9212698025055,1964,2.01434035100043,0.496516539097453,45581,54200,183992,49290,537,205,344,102,400,27.4,22.9990872537096,13.8,0,0,3.94145207477113,87.1,55.2490940307577,85.5707187874755,86.5086122636621,5.83825347695189,1862.71461205318,0,"1","1"
18177,2.49,0.2,97.3,1.37675851766563,0.571117694599088,15.16,25.1441990203364,12.54,18.14,0,0,21114,71.5095445173979,1.83205444934079,38.26,34.0085293316531,5.34,20.2088553279918,31118,11780,12182,6684,5937,8131,6252,4822,11.3260936914974,12.8352746677399,34.83,17,5.39932111238595,52.7320709402859,19.8444327213615,17.61,24.8,22.85,8.87468627247959,18.56,13.689963320517,12.9479512300529,2.83,75.69,74.42,81.6818552169957,76.1113822322688,63.79,65.2809280924871,426,2.27399356266872,149,36.9340159535594,19.9093254240369,25.0359679805301,8.91351423366618,0.63,0.804980782344938,0.2,1.91538507280561,93.8753094081767,0.33633261155958,1.94,2.9290316951042,2.43,2.67,2.55,75.55,7.46,43.7461511997165,3,401,90.2,65.4056063412968,3.91,68.21,1947,6.43,0.665995038859546,44211,85000,87056,39176,257,258,312,135,286,25.1357085215859,16.7,12.3,8,1,1.62,75.82,35.04,78.1791899562255,90.4653860060521,9,1108.02398755306,0.343647631625645,"1","0"
28483,3.48,0.11,55.9493400682323,1.13973857531557,86.08,13.93,26.3,20.29,13.97,11038,100,23269,85.25,0.73,24.03,36.0764227132041,13.7020035006556,14.2262271971574,17074,11267,15955,7978,8690,11064,7557,1421,17.6885058772727,6.29,31.5458576037781,1.63,8.48071234293282,51.8398544161301,18.49,17.4575197237047,25.55,14.7262393993116,13.22,34.9642279031896,16.58,14.44,3.07,62.3525287234411,69.67497734515,72.3606476973277,58.68,64.2236753867893,64.0534321802063,1326,5.65,9613,14.9444812456612,26.91,37.04,37.04,7.3,6.34022813102231,5.86,21.6636300553568,41.77,2.60180494186158,7.8,4.36368161749095,3.23,2.1,4.16,61.39,8.36583172315111,52.232096825086,3,583,92.5873699649237,55.8136726101061,2.04,17.27,1966,9.87917842490288,0.965020108861693,117156,119389,192700,31209,125,558,596,233,346,31.5749315812796,27.1,11.4,59,0,58.1,57.15,54.42,79.38,84.6929654779472,4.3,11323.1,0.213622526674687,"0","1"
61607,2.60004297213008,19.2252164412135,58.41,1.88595396945253,2.87064001452022,10.59,24.8169603884127,11.6686768990429,11.6707364766323,96868,100,30480,68.93,0.66,36.6249821951054,25.3379540119328,6.75853834803061,21.7332725309022,30643,9873,14576,8370,8530,8811,12686,9442,19.0756227536205,7.50238010159383,24.92,23.3902511637875,9.54840701017994,54.7550429427616,33.37,21.1510981364828,8.39,20.1442508508715,10.244362626276,39.19,16.01,14.4592641459281,2.86,64.82,66.0400452147463,63.6736050433743,64.54,63.0346736318013,77.13,5680,4.29,8077,19.5956089238628,3.41,32.5701451742331,26.64,0.356113038847689,1.4785962319312,0.12,2.34,95.46,0.67,2.98805426160106,1.87189936730235,2.29578611386086,2.48,2.35,65.1288372847733,2.12115180922206,41.34,3,2686,89.22,50.2920329519687,8.75230887089856,54.9483112098044,1940,5.25493969269795,0.132101817480288,36902,78500,96206,35400,169,229,611,200,257,28.1,20.4965670738214,14.5,100,2,1.97,78.4430232376186,50.62,68.98,77.26,7.8,2457,3.06128084099852,"0","0"
11365,2.54,3.77,96.6524283385835,0.37,12.36,15.6508594610752,24.9158740883352,11.2498851817086,16.198395224597,0,0,20628,78.6520469624495,1.23289560248066,38.51,18.870310657726,7.53,15.7178729120394,24973,11872,11513,10425,14313,8168,6362,937,8.4,7.13274470216827,14.84,16.6425985797852,8.69177530021174,70.97,5.43,18.5047432407682,10.9850646657264,27.63,5.42,22.0004262173548,13.096222313003,10.19,2.97,80.4160628812791,85.5355635678582,91.5827369582327,79.88,77.04,74,100,0.67,1370,0,17.51,10.2,18.06,0.87,0.07,1.11,0.64,90.3824579658065,0.96,3.8075551110149,1.97,2.27,2.85,2.46084174853051,49.89,1.20094988709781,49.7022283498035,2,135,88.26,56,2.35449140056968,51,1965,1.80441323292907,0,44800,64000,202200,25019,366,232,373,114,457,23.6,17.6312074831687,11.7,0,0,2.73565781251527,49.96,65.1590672746642,79.58,90.96,5.4,2950.68512674214,0.63,"1","1"
63334,2.85,8.56,65.1234553948914,5.82382840086473,11.46,14.3786639299244,28.9563192515215,19.4272250296548,37.25,111348,100,24516,81.6319593743165,0.38,53.5005078790896,24.44,6.56608518366003,15.4583052280103,30348,11807,18034,16066,14157,9808,11955,5468,6.75121419609524,5.49,30.19,17.7701000468736,8.27,67.134047439356,22.0810856577692,24.86,13.5414730104338,23.33,13.626568517993,28.222081489386,15.01,13.5315433326876,3.17553614135366,74.7953340165107,72.0629245808053,66.4,70.2343386560539,55.6984833737742,68.57,3345,2.53577040652434,6308,13.2367049309495,19.2221523180278,30.9967573180632,51.5941711390003,0.809287558466506,7.2500590660392,1.47522327614638,1.50127534308704,86.09,6.1559161550994,4.41162054252267,4.06,2.72193841102533,2.37266745618234,3.29670278050005,59.81,9.55111202366495,52.1215823694249,3,732,93.8605934224324,69.978119333762,0.68,16.932454424495,1976,1.81020124225101,0.74,34900,52782,72211,131867,596,376,905,126,389,24.7,23.4715779843119,10.9,107,6,3.30001177457316,66.37,60.05,81.0750499572007,68.88,30.6401228969994,1396.99142543608,0.17,"1","0"
16234,3.574711830616,0.407011736234029,98.77,1.15372628480196,1.67,12.55,52.6570477589468,38.8699207809567,10.6461286973953,9048,0,23579,74.97,0.66791264573733,41.65,26.17,4.53777359763781,11.8872762664656,33109,7915,12315,3463,5726,7286,5668,2695,33.7005926438173,18.4831794567903,25.0860036227107,21.1,7.38,58.98,6.5469036591053,35.37,21.87,23.2102829614282,10.4228431761265,69.2609492905935,6.38367738038301,4.31482397228479,2.83,64.16,70.4,79.6004722569386,48.02,58.4203371324142,78.68,184,2.16,823,12.4350790413221,34.4626371934017,61.6622028898696,61.48,0.952947438508273,0.09,2.82228453775247,0.370751974980036,73.37,0.34,3.26512051939964,1.43,2.6884873187542,2.59,2.15784206867218,36.39,1.88,54.2571262788773,3,351,96.74,67.2,2.64242706457774,35.04,1961,4.35,0.466801536778609,27300,73250,150100,26300,252,236,284,194,361,29.5792205646634,23.3,12.9,0,0,2.1,46.0041688290735,52.6006173974276,62.7211023828387,75.02,6.19410518407822,1362.57764023443,1.30645350178083,"0","0"
20824,2.75,44.6111447307933,87.3676261269177,0.414333675702413,15.3311678853352,16.9437626143529,30.2730619582006,14.27,10.56,63909,100,23987,73.8443652767036,0.950599937047809,38.21,24.0802094032057,6.2905072871161,15.6795878794106,45566,16175,12788,10548,8634,9442,13084,15013,13.56,17.7227799968359,41.07,12.1951422282914,7.56446368701446,65.814590618941,10.37,17.8634565251879,14.82,27.05,12.2252698113847,27.9697900354397,13.9866477433871,13.53,3.08,66.9600411451686,63.0678314988874,58.6529025978409,59.3280144564156,59.37,60.14,3345,11.175047936781,77,12.0589572439327,28.5367300440371,41.3645720666833,53.6999549205881,2.24,1.21179977842296,4.25,9.77,65.33,2.49199797587469,7.15483238501474,4.67,2.85,2.58,3.17413258697838,39.19,4.37370377324522,77.1316436340412,2,2773,91.070266732468,31.7065977234518,12.063091418234,58.82,1967,7.49330321749672,0.676540854039292,31965,70731,112206,107908,286,482,293,144,509,27.4,19.1,11.8,51,0,0.512211595070548,42.4803189034667,41.1920341960015,93.6205507391645,86.9141921802393,44.5577850871099,11329.1188049812,2.92,"1","1"
12304,3.12831230335403,3.94,98.33,1.29,2.52,14.25,22.5721058067726,15.12,7.34875438632599,44005,100,59288,81.62,0.273707000142895,56.4569780448265,12.8411367569584,5.92471507973969,10.2,52751,21503,17141,24184,44100,26974,11469,5228,4.19193968703194,5.01,11.01,9.99,3.66440115651116,62.96,12.9822553741932,25.0307237900794,6.16338633066974,24.58,3.07132567249238,23.6072922647884,7.62,7.25906392784789,3.29484438563076,89.806747896811,86.42,100,89.5229854461675,69.42,69.1656821302821,47,0.45,1974,19.1,19.6281840745468,11.8554182397823,12.694649759143,0.0956538501117999,0.26,1.08,0.54,89.93,0.215389127459687,3.67179557934403,3.06013927927862,2.73,2.68,1.95616840909701,85.4474800745444,0.87,27.5954524457455,3,189,95.56,82.5216521731112,1.06342705103103,13.1133190233509,1964,0,0.26,40222,197625,190400,34669,336,606,551,187,590,23.4271170859225,21.9,12.3720071306452,0,0,4.04296692029883,89.4523411011463,56.6128050223381,87.3073082472756,96.98,10.6937666477791,2281.75405250636,0.78,"1","0"
67102,2.44242644404372,1.08196841801051,90.3900698535641,2.7063119279407,3.32696281904976,14.7270716246078,31.4177390764887,12.7625053739237,8.81,83349,100,35858,80.1289341250171,0.55,49.07,25.1125862185673,4.90689173711153,14.54,42453,13784,13114,12545,5690,11466,10837,6235,6.4107584325845,9.30811452455198,24.82,30.88,5.61195319183171,66.46,12.66,20.25,14.72,22.7193550887828,6.53,38.2956050898135,13.2798124981625,12.4823311890662,3.1,72.1946618385939,66.35,83.2715973670222,73.5771459891243,61.64,66.62,731,3.51833175309158,16975,16.9395826948062,25.9815419501066,41.3,43.4119766558148,0.85,7.05,3.60714489478618,4.56453416611534,73.74,6.54,4.31115467047784,1.91,2.47629911730066,2.5511418335326,1.97,60.839506047545,2.36163597168401,65.23,2,1247,95.3340282054494,55.324898277248,1.8269790527923,25.2934311759969,1956,1.92924869026989,0.284674497332113,135500,113978,80900,62800,437,591,733,141,387,26.7521034962187,21.6,13.6101375392638,54,1,6.74698807025949,54.68,37.1534219769388,76.006611764178,91.4097537363259,4.3,6123.13419760265,18.416500348337,"1","1"
15145,2.56147343093529,1.83737069355479,90.77,2.05,2.08,13.3,27.16,19.1865104368981,15.2311404790372,177196,100,21776,78.24,0.726610874198377,38.78,30.99,7.12,14.171239721862,22114,11781,9206,6842,5921,8589,9477,24193,12.2008373801387,13.3739659440285,26.75,12.76,10.96,56.8402752085154,20.03,21.05,19.6856943415602,22.5705442419671,13.2852916856715,28.2283287441342,17.35,15.9273011975891,2.94,63.8,62.7062833619211,85.56,74.9419457650805,57.4888274261449,71.9886336467337,591,2.50511306940267,2212,11.3556122976099,24.6466695860603,40.9302727360402,28.85,0.57,1.01,1.06,0.23,96.7962774864212,0.432883248515427,2.90595169261796,1.92,2.46,2.43,2.26,62.724646681454,2.24,55.3263633913826,2,3005,92.01,57.6881886404939,4.02438055570548,36.7037875741596,1955,4.72070402562618,0.494550145755832,31200,59473,66247,42500,317,292,346,138,344,27.9,18.7,12.8,19,1,1.27050553880865,27.4774159026697,46.37,70.5678716286481,89.7153934756806,3.26169671994479,2006.1,1.53,"0","0"
11581,3.08,11.0865441725962,87.31,2.9,0.611137522111336,12.4526814291844,28.7261053535435,7.6,12.6273322812437,11294,100,51129,78.08,0.846969758538374,57.47,24.8708912166161,2.80759597842814,22.743928275269,55525,17756,18284,7420,16444,15976,6181,349,1.56486786186229,1.99,6.80309372407151,53.5823460629008,1.81583152881823,67.5307860916527,23.7405401390349,42.96,6.28,42.0968893323358,5.85,27.71,9.62148056539552,6.24,3.2,90.3906576362454,90.4053925993868,94.71,82.9541503108332,69.0588699539937,66.8189592490438,64,1.90303725218323,125,4.28,16.6077993498859,37.49,34.7792621743213,0,0.19536471390631,1.21,1.84,91.9530548364886,0.57,4.02,3.77041001533391,3.01,2.76507170468646,2.04,81.1392575115835,0.656907593122062,26.3795225647651,3,278,96.7396540234517,70.522210673776,0.0309745222966491,21.1266890949182,1967,2.11578492229494,0.4,140712,188219,248900,56100,285,613,1001,114,977,23.5246947830931,19.2179312754112,11.6,0,0,7.76,62.1509610873026,71.4699575960915,79.6184882083287,81.1020019468106,10,422.4,1.17,"1","0"
70270,2.29,13.6280679140364,43.5131766671253,1.79249562877541,34.8116059539591,13.82,28.62,18.0192260825882,10.02,22455,99.9894878965554,26363,80.0444705558568,0.48,30.6732602890488,25.85,8.44,13.1443492803971,29243,13822,14110,6387,17681,10415,6020,2708,13.0000118918065,14.08,28.5748926403932,20.3686215439346,8.08,57.6312240165472,10.03,28.9209092424562,12.34,33.5359965223385,10.1349499121495,38.7701872609525,12.2199117572481,12.4360609741881,3.15,73.2611802486144,45.3133748974496,76.66091448538,75.79,50.8671481458067,67.1028021890763,722,9.30887690047423,20900,20.88,29.01,24.29,64.5493733287603,1.95767895944417,3.13602054914149,7.93640558932287,9.99614079897603,42.27,2.89957129103753,12.3617230222095,8.18601165734232,2.60605118250164,2.87,2.59115727714884,40.31,5.55,48.9419566735874,2,1466,96.0768156754691,56.842312052253,10.5455413320474,14.6707726640627,1961,10.133007032387,0.34,89900,55394,91600,30279,433,477,310,198,353,30.2,24.8703228449139,12.8,60,0,24.25,41.96,45.07,78.9450540140675,92.401618463248,12.8,11859.1,3.02,"0","1"
37776,2.56532090434727,4.63569314729189,79.86,1.92,8.65,13.62,34.3,21.902416240538,3.99,39429,100,36006,93.03,0.942457336005755,41.3,10.7586467056659,2.11748529785468,8.46385931725924,41377,15316,16668,4392,16749,15086,9588,11938,39.91,5.32996325187385,12.0008564579114,39.348407893395,3.72,79.2487464273659,20.59,16.86,11.22,26.29,12.3693647130951,66.11,14.31,12.61,2.97544775806212,76.0168588044215,78.77,91.63,83.28,71.44,74.7676993869928,446,2.56658921646886,2210,13.3,35.6053352423199,54.7006003507297,59.3606633026184,1.75,2.17,1.6493824234046,2.56689110214822,95.4705999920766,0.69,4.22561350418255,2.99,2.4499535878577,2.78598329313798,1.98,64.6654722017655,4.74,50.8724031231087,3,805,89.65,37.0293450093952,0.15,21.0283190942346,1978,5.08712109605782,0.06,60350,80357,110496,38533,352,405,488,177,453,35.1,23.1,13.2,0,0,3.54119202809719,49.7498981627449,32.41,42.5128122418669,83.3431496134602,12.3614209874067,1734.14946636627,0.18,"0","0"
44350,2.32,1.62040385524742,91.74,5.1,8.99283199430443,8.79,21.2434827503717,8.56,13.45,10762,97.26,46502,78.97,1.7,56.88,24.66,3.39,14.38,35056,24947,24890,20891,16120,31842,5158,3324,5.24,2.85,8.03,31.1340284211934,2.43,67.43,11.6888047051569,37.32,12.44,46.94,10.4411316739349,35.26,14.96,13.05,3.11,73.5757045981102,71.38,89.73,69.84,53.06,63.85,860,0.87,1996,8.07,19.56,18.04,26.9012457953207,0.95,0.59,2.14,1.85857896404341,88.54,1.14,3.08,1.94,2.48044422923898,2.53,1.92,67.26,2.37721289767573,44.91,3,437,95.09,60.9,1.44918921946548,39.75,1953,1.04,0.553954105256125,150147,357300,190815,217200,247,640,546,146,692,24.6,23.9,14.6,0,0,8.88,69.31,56.52,74.2,93.27,3.1,3458.2,1.69,"0","1"
17350,2.53,1.18,96.88,1.72,2.10647502250969,11.8174868248651,23.15,15.9078115485578,12.11,43619,100,36307,82.64,0.27,39.63,38.97,5.48,12.79,41707,20310,12851,11155,6333,5788,8444,2328,6.68,6.13,20.0980169474085,12.7566672419345,4.81,70.65,14.9,17.01,9.61,33.1302385793386,11.705660196743,28.15,12.2756572530015,13.6,3.0332431301591,77.58,76.4778853441208,82.78,70.61,72.4271038162708,74.3272396711384,1519,1.20414655990743,1047,8.98,21.1482128533721,22.5273881414812,29.7411146401474,0.52805162020959,1.04,1.97146523014642,1.37257586513568,84.9563702681288,0.866842210046016,3.42,2.97503804759122,2.34,2.72842473084107,2.42632770896268,31.74,11.94,53.4874054082499,3,1040,95.095394102037,41.88,0.232077635939543,24.4465106040961,1950,0.858139858329669,0.187051928886212,82864,184000,196500,57242,573,697,623,233,694,31.6,23.7,13.8,65,2,13.0092346669408,20.0104617869994,48.35,71.0482900619786,64.89,14.4,842.7,2.52,"0","1"
14366,2.87,0.959964545373805,94.377884399568,4.40498906172812,0.567141720810905,9.91567253937945,27.99,11.7029383027414,9.1469305022154,7018,98.2286351726111,47346,86.75,0.757866640711824,55.2563121131078,25.65,1.64081626250874,12.4846500070253,43511,19954,30089,23760,20363,26953,9669,235,2.46,3.73138869083176,15.7423134871526,22.7764077856299,6.09,59.067607638482,10.6635244246759,24.1231150416533,6.81,47.57,7.88070878423751,27.15,6.02,8.07326898433579,3.25,86.280312778422,88.22,91.8,90.33,55.403579304476,70.3892704170585,57,0.8328751758812,995,18.92,1.69352406208714,26.108812190583,59.83,0.913991067872073,0.560247775833123,0.28,1.12568277088149,90.8796278403777,2.54109019096009,2.44,2.5,2.79,2.6246950002294,1.7465813222155,72.0942536484543,0.64,24.638969868524,3,715,96.065319718807,71.5730162426829,5.53361272423065,15.7484818402305,1966,1.02,0.627273447671905,52500,69100,286120,61296,293,654,418,305,820,24.6,18.5131463803351,17.9,0,0,12.51,63.45,39.82,42.47,96.22,19.2321746483445,567.536116342619,12.0571777431496,"0","1"
52286,2.46005340889096,0.27390875245134,87.39,0.28,2.73,16.3094385945797,28.54,15.8,22.1383700045943,1156,100,25941,71.2297121360898,0.82,38.8368623903394,34.5802946916719,10.55,18.6557041206956,29331,12106,12772,12114,0,9315,4695,2493,19.7350823952258,12.4493726496398,43.81,19.7259597877165,7.60668089111646,50.7409340906143,27.3988511107862,26.81,14.6224922080338,25.22,7.5,25.8209195813537,14.37,11.06,2.99,73.737577278018,67.7713629753888,67.84,71.6363402634859,57.3004392325878,69.4510814793905,174,2.99017295733094,176,6.94,0,28.2030315098166,18.0918660330772,0,0.18,1.49847748756409,2.45,91.31,0.35,2.64,1.9048517481486,2.25699200958014,2.57224940712253,2.4571872112155,56.0737791808446,1.95,53.42,2,300,93.0953552287817,64.0511108543475,5.43223201612632,37.4431869345903,1939,7.18,0.205958922902743,32628,44688,62700,36101,216,385,302,175,320,26.7019010573626,20.2408964574337,14.1,134,0,5.94,85.2335896984736,50.6567459376653,82.92,89.159054658711,8.14849757154783,4928.8,3.06813592419028,"0","0"
41643,2.59,13.95,60.3308498269816,7.41634052422364,0.908553309887647,14.16,27.6666591921262,12.28,7.53973427363982,17144,0,31542,82.1128656123516,0.67,24.27,28.96,5.98,21.1401830491827,36657,9707,16127,10612,28511,12695,8110,8720,26.6576455220083,12.6247910429289,19.0154693616678,18.4376671015751,8.66,51.0310558121356,13.0999547294248,20.1314142199714,17.5849741712088,25.032786673326,9.55,37.26,12.4350254253717,13.4061325013777,3.18,58.2183555801197,33.2,73.7659872680126,65.4065524056057,64.6943947627147,64.7554097935651,1138,5.057744832444,65,8.89,32.3016027845116,40.25,57.4628433475892,0,3.6,1.83578636538858,3.00515041451592,79.3780133302696,0.8,11.3,3.38595404112091,2.58,2.42755107651154,3.51,68.51,2.87,50.7553823813889,3,1015,91.17,48.7924834324109,12.77,57.8119969267181,1960,8.36,0.335076458908928,53411,47865,186100,43654,179,197,548,174,416,27.5018442027116,22.6,16.9,16,3,3.27431956435244,56.6938114673644,42.33,82.7741559572285,91.8413575800834,12.9,1256.4,7.17,"1","0"
16842,2.45510024583743,2.93,87.56,4.56856108533218,1.56939794682199,16.2804468773321,18.8,10.9437426391166,10.3863887204121,0,100,18637,70.25,2.57,52.55,21.9171690996007,9.24254749897013,20.4156582109397,31197,11822,12732,7493,8454,23360,5866,2183,19.37,1.84,16.7447929464211,32.5938689109993,1.9,79.2145422782252,16.841293487992,47.37,5.65,34.5442981710215,10.3787709931144,24.9456731014256,7.10096508889692,13.1955252889202,2.88,76.7420433325072,69.27,87.506537985738,80.68,55.86,81.5802483779006,198,1.62523505087088,2490,8.62,7.12,13.11,78.5,0.06,0.62,1.42,1.88814128028927,90.9644992085678,0.398018799854132,1.63354534129302,1.92,2.41,2.97,2.2095823402144,78.76,2.2,57.3738615152356,3,351,87.58,62.021334407567,0,12.124137810121,1979,6.66547803177498,0.26,71901,84900,435700,43900,330,244,439,118,468,24.6186020617063,20.1469325695963,11.9344689504088,0,0,7.12275354683321,36.7,48.1454380740217,77.3527003319189,92.6489436972203,7.71858156394834,3075.69350831882,0.35,"1","0"
14869,2.73108775784572,0.256811779737472,97.6027710119883,0.65,0.511486394107342,11.7,23.7743809480965,10.61,8.61352532366912,15909,100,36980,76.4362332314253,0.735897385378679,70.3030381172895,29.92,1.75,18.185889775753,50753,14325,39620,11847,0,13624,13115,340,3.83227225340903,4.74113985061645,10.9721030170719,30.6914087204635,2.26159156004588,61.0210209330171,12.59,31.3,7.15,27.9,7.42044207639992,38.5128131323059,7.62750722005963,9.05991655965646,2.97,85.52,78.5392621095975,96.1650826735795,84.8262902593613,60.8230330679317,56.64,79,0.82,1018,0,16.0215367428462,6.21220181107521,48.3610236817598,0.150164624949296,0.628675373444955,0.765241280744473,0.235255524168412,94.1268842214346,0.61,3.35450777764122,1.80187951842944,2.32771101273596,2.7,2.11096892292301,86.95,0.251649526357651,20.6,3,188,95.16,77.6509066654245,0.93,14.9402628483623,1972,0.120435210615396,0.195198929955562,80652,100500,105492,64101,379,473,632,192,526,27.4469954391321,20.1,10.9,0,0,3.04,59.6823139143983,52.7580415000022,93.99,89.2,5.8,4238.84243261714,0.15557348365585,"0","0"
23085,2.7,13.0174092156487,58.54,0.72505508498211,41.64,16.0436133926874,41.2,14.17,12.5874070521615,480980,100,21812,67.131407396992,0.62,44.0442462315876,23.85,7.29236179823289,15.57,31909,14572,11693,6726,7912,11099,8704,20767,22.235296462262,9.50784603766631,25.5129856076286,15.47,6.54,58.54,4.73924054671079,33.61,22.06,14.03,13.77,36.7265640562835,13.45,12.5545762513609,3.25,59.3459446147084,41.285939945369,77.1414642539093,64.51,47.4982838737965,55.7619393423091,940,11.2675669649569,616,16.29,36.96,46.28,61.4338118035812,1.2950518302992,0.2,1.79610520464756,0.466210430315696,69.92,0.91,11.2846593837952,5.51,2.59,2.38169158086414,1.98,52.9127613092648,2.57,51.4878572312494,3,3109,93.312341340244,53.32,10.4234919515811,32.71,1959,7.38045767493779,0.95,28052,70300,125600,38507,316,358,269,156,427,23.8363958660901,19.6,12.7,30,1069,1.02,71.45,46.8214388678246,84.5686963104084,68.2434354586271,22.8779136292636,1302.4,0.44745486496094,"1","1"
20487,2.49091679169486,2.69100195777913,32.47,0.31,0.7,15.33,26.4092804488167,13.44,8.44101341133006,20688,100,16498,81.61,1.48368849508464,21.5,19.17,15.2706866391562,15.57,27171,11629,12326,8994,11775,3775,10619,6077,11.3,5.96,17.5213893519218,13.3,8.28,67.4763904165849,22.4477326306639,17.09,16.6142669600993,22.8999935584546,15.6903413299378,42.1983276320777,15.02,12.8878259665333,3.36881090990268,66.1,51.4,66.8475264003718,76.2565646772708,63.8434818940144,68.6,692,4.90339145618491,10618,13.0525664596943,28.7,31.7604271049052,44.78,0.28,0.42,3.05232540340163,4.83212453948955,96.973544041058,0.53,2.79,4.50619953807443,2.41623459354664,2.55,3.14,55.1314865560209,10.14,64.6753957616289,2,313,88.2068622841127,43.5528600234166,7.57,38.4833892290449,1974,9.03793416285888,0.44,129342,38538,169099,35500,425,331,236,146,412,26.7,23.7823318584822,14.281234835585,10,15,2.85,35.47,53.2650623201113,68.15,94.89,43.9,1726.3,0.762084507746622,"0","0"
28363,2.7,0.815364848511915,93.0914093272947,2.40752722500203,3.27368286773563,13.6844002414355,28.35,11.38,12.547503173952,0,78.2844235286613,41487,80.1347108544502,0.754316242700443,67.04,23.15,3.21879156583765,14.61,58426,20238,26779,13080,33851,14765,16206,757,1.9332551031094,1.15,14.5666932081711,33.5746626159921,5.49146872593711,71.4006823489598,16.6546514731397,24.11,11.81,45.8196084411691,4.11021018603817,20.2850805987076,5.96802736723485,7.05,3.15,91.3784009076282,81.18,98.13,86.5688543016184,58.0465903940145,70.451491745046,18,0.86,2864,0,17.84,4.42404839739669,36.2545726370718,2.31085178532173,1.85,1.02324352801312,4.79,92.7,1.19390233224258,3.94,3.45497694633436,2.79,3,1.99,85.8163484910503,0.822895644037053,19.605408665648,3,371,94.7659389404456,78.5827406860872,3.51,28.61,1980,0.63,0.33,180238,103600,209254,64621,455,702,1001,312,631,21.9807060264827,20.3,13.6,0,0,8.85170699174051,72.5521867758408,63.83,50.9713725782915,90.7,13.7,1153.7,1.36125920404991,"0","0"
10712,2.66,8.44,64.7276740556792,0.43,2.73836583229325,16.09,37.4193403575663,17.51,15.22,69128,0,33084,60.0514555997308,0.6,43.45,19.77,7.2900244424787,14.4498840287351,25125,11441,16380,7134,8018,15418,12138,20641,18.18,8.85,40.2721484758084,9.77131706976953,11.0287358374141,56.7612482399369,14.8121012826776,15.77,17.74,7.61032193576995,9.75,33.24,17.6227355535259,13.5226968818872,3.05,55.4404543721117,61.1617042502769,75.7086574887306,75.6149005519273,45.5601972425403,60.6306940982444,2381,4.93,763,18.0586013285272,16.63,28.4887021575216,39.3047291098752,0.1,0.32,5.07053986080689,1.46,97.5005951630021,16.8449745288802,5.56595999946818,22.3019793469739,2.62,3.28,2.3124461750562,50.9441248131637,9.00440119184553,52.2155054394086,2,922,96.92,41.77,13.4992876781058,17.2923907320597,1983,2.70188226459082,0.31,45919,49320,68879,45600,259,477,347,152,398,25.0322239954413,20.1,12.3,0,792,4.6,76.4337655230394,54.4836873016832,78.6137792548537,89.38,4.4,5160.61132304024,0.0531678239752849,"1","1"
33892,2.7,3.36,40.89,0.92,32.34,14.53,29.6,14.0636346157454,8.84,14222,100,22189,73.88,0.637345695971356,32.6492888702064,34.44,9.41,11.08,36578,10060,15301,11670,12328,12904,14885,7771,21.2183958760346,11.4901956189222,21.3624049955001,10.5454540466378,10.8405916580604,53.368919121814,12.2077866420484,20.1046858706418,10.8097365758692,26.2213525795471,9.25086562229553,39.17,15.993585575507,10.84,3.32736588147779,61.6038965309683,29.93,43.7752332208244,69.0712751742274,65.9289734287094,64.03,3856,3.59,6798,13.7827901956532,32.65,37.9191570800419,52.9671883601385,1.69,0.76,13.4168660025594,1.54082991357427,96.42,3.38505745837465,6.57,4.50724714145918,2.5496364271439,3.14,2.36,62.15,6.47,41.1562186732236,3,5284,95.7586195106339,55.77,12.77,28.73,1974,9.02733031873204,0.18,47508,165150,290500,26400,175,285,356,133,402,25.1,19.2,13.5,0,0,0.940386838650641,43.1416798324635,33.88,83.3800487738336,89.2653001769911,29.7588289251474,9784.3,17.8489365233993,"0","1"
29101,2.39,70.08,86.39,2.96864783504978,51.15,14.88,34.55,16.75,7.98924423936754,0,0,40941,82.99,0.38,13.09,37.7779060591416,11.5278368332144,9.81459119198378,23301,9976,31228,4426,7358,10316,10012,25181,31.96,8.09,29.16,14.58,9.1182535020588,64.1815985546261,21.4814726920379,15.7192962528734,15.13,22.0831606162774,9.28994281765384,28.23,17.13,12.8277390166139,3.70281517871035,58.2158272412171,42.05,61.5376594133178,71.7447834910266,63.9473195684453,70.850924788403,2102,4.52,271,0,18.6349848688394,34.53,56.8295494926473,7.00241090641823,0.48,7.58723810905591,0.46,82.1051966587734,13.8125257942779,8.4,7.12,2.82,3.47872497794995,3.18,63.8407447332361,8.08902415188029,48.669400783473,3,984,96.5254797851807,53.8481682660493,4.57,40.89,1959,3.45325000208647,1.4,40700,56700,75556,44800,215,257,244,178,364,30.4,21.2,17.0841438502073,349,131,4.73073669437319,58.07,58.3984171570698,80.3080465597846,90.7171503669148,2.57244678532394,16886.5309070354,0.469060088233091,"1","1"
22670,2.55,1.04669646686253,95.9447012267231,4.44001994378244,13.42,7.71,23.42,11.0925493306387,15.1961922860146,0,100,46386,46.1956661176682,0.622301236954518,60.0868142413348,10.8636387253522,3.74,17.96,49389,17227,17927,109500,38955,14009,22224,1175,3.43,5.81709806780021,11.5105406365295,20.89,4.71,69.3130057187782,16.7163454181577,29.0976363539137,20.03,36.2507778122928,5.42065793931484,28.51,8.42534185295304,9.70484976952896,2.93,85.6831704231134,77.9795360602811,86.3692053840868,88.7921936474616,67.0707037907606,69.63,75,1.15,3366,7.74344011374128,29.2770863791773,15.4752737539867,8.98725975952267,0.163908946464459,0.665348305233444,0.591836920542022,9.28765486296888,84.4982531146333,0.664095330514635,3.57544893555809,1.2934410577671,2.33628267399346,2.57151890213291,1.86529290307313,75.4556098442587,1.37,41.7629192321111,3,779,89.1058506188542,60.81,1.68691077090179,22.4485201121898,1968,0.52,0.528196158969465,149271,179557,234410,49200,482,507,498,279,897,25.9,21.6,14.8,0,0,8.44922840602075,38.4320495846681,57.81,84.1452389874806,83.07,18.1391585972781,3308.9,1.31664763295713,"0","0"
27244,2.62,3.26868747926007,96.6043487485405,0.58,1.49,13.6696405928613,32.02,12.91,11.4,0,100,25420,84.3754265984101,0.9,34.13,27.05,2.24,11.2947593794934,29317,11837,13048,11114,4000,8020,8654,1765,8.46,11.55,26.4833308486749,13.68,4.27272262348095,69.4116416652966,24.64,14.3,20.7641545897769,20.9728103702865,10.57909728571,20.8,12.8,11.7936937124593,2.82,72.9206154236454,75.8896867004425,81.0088862538477,78.7283341578487,78.17,73.67,202,1.99422087438793,470,20.93,34.88,45.83,62.92,0.33,0.608156943567252,0.73,0.98,96.68,0.88,2.55408375872066,2.3,2.24,2.5,2.5,65.25,2.14892816454793,41.05,2,321,95.2,55.420062949971,1.16874760716688,30.38,1976,9,0.38,49717,78973,73000,50300,237,287,341,114,368,23.1893334988039,20.8,12.1,0,0,1.59,58.7377616289444,34.76,72.0023886590637,79.22,7.5,1356.53298620317,0.0520080114939871,"1","0"
11414,2.92,20.7388712100498,87.82,0.6,0.36,11.77,32.97,13.84,8.61719541235827,23235,100,23078,87.98,0.992515967634196,49.27,15.54,3.67,15.7243409022285,28196,10678,10960,16110,7129,9187,19944,769,6.69,5.77367575190961,16.76,14.69,2.92,72.3,25.34,18.22,10.35,27.64,10.53,29.75,11.7750070652117,12.5303252209257,3.08,80.57,80.02,79.24,73.36,58.38,75.95,197,2.71620646785324,436,31.25,31.25,31.8813954399945,22.81,0.28,0.83,0.258121186099015,0.37,96.33,0.31,4.53,3.17,2.41,2.59,2.34,59.4321619912967,2.47441475627944,37.22,3,284,93.94,54.68,5.9,45.2,1974,12.029809842445,0.0385155750066042,50000,68500,136200,32700,325,378,480,129,438,20.5,17.8752488322246,11.5,0,0,3.63,72.6308487026642,49.18,71.4551743885564,87.698974193794,9.35567819615826,2394.93284801939,0.12,"0","1"
29809,2.72256618262734,24.29,51.2689148058246,0.16,12.4136931447964,12.8539730987744,27.22,14.2253251902045,4.53,49188,100,24129,75.9080945920572,0.22,27.34,36.8411449178665,14.06,13.25,23068,11345,12643,21635,6139,7163,9084,4929,22.594343902478,40.75,41.352146404949,15.2502682357281,8.28,62.1534273090803,12.6090592770434,48.76,19.4543033693296,19.44,11.2980618482207,31.7889155416734,13.014926011761,11.7273099894216,3.5191279196227,73.05,66.47,71.9205825520524,76.45,68.54,57.7859740681574,4637,5.26299549485557,38,12.2709583718314,26.7720636705682,40.9504928650521,36.2,0.11,0.18,0.403036930727151,0.0761087020253763,37.64,0.82,4.16377649335501,7.88602741458919,2.44,3.25,2.92407847630791,61.9030726101746,3.45,50.11,2,1916,90.9496214963123,61.5025425178775,1.12456238098443,58.3708945036307,1963,8.33350077657495,0.920092455055564,36100,47000,72358,39321,188,194,294,144,316,30.6339162871862,24.9334718403406,13.4,0,0,42.67,82.9566025760863,58.2239100392722,88.83,90.64,44.6,687.6,0.56,"0","1"
12833,2.6,24.53,59.43,0.87,0.835076139657759,15.1,26.493268308104,11.62,15.76,0,99.692036266909,16853,70.0861927322484,1.02231491541956,27.07,33.6992973286472,13.89,19.6247451755001,23460,8809,12211,6523,9466,2674,11972,2436,22.21,13.51,42.18,10.1349837642442,6.85771304201335,56.13,16.37,24.15,15.13,17.4046975857609,8.91,32.71,13.7515885676901,11.9731950087675,3.12372594997985,70.49,52.86,67.5449118065011,66.22,44.747235893067,68.4678028897367,279,7.62,73,0,5.41477636072785,5.75,8.4353956302139,0.06,0.00401584681201106,0.09,0.05,96.65,0.368650710640941,4.53,7.36,2.97,2.57,2.48,60.05,5.99094088093067,43.2807419716256,3,1068,88.7,68.0943436507167,5.86119010866154,44.994630120364,1968,7.18,1.07,38600,52457,70283,39800,142,199,338,136,259,27.9217958550047,19.0008907434996,15.0309049317613,12,0,0.281646258368467,86.784856053181,56.48,93.94,95.47,25.9,829.936557414553,0,"0","1"
35204,2.44,0.5,98.44,1.63,0.464525460562048,11.2492513637602,21.27,11.74,8.8,22303,92.25,58018,88.2220003577213,0.83,70.8793236740058,24.5683824101323,1.91,12.45,74215,19679,21846,21543,12700,28090,12783,667,2.47513881224052,2.67,11.43,26.03,2.32,73.2494643526369,20.1204332014918,20.96,12.4265506722406,33.1187768230843,5.7,23.2995309940004,8.86,7.88883622780442,3.12,83.73,78.37,93.4969945445005,92.7678975009685,60.5034795109788,75.15,139,0.65767121266108,2608,7.25519078583379,15.1189122680078,12.6015897718584,16.5965481474033,0.76,1.24,0,2.13,92.22,0.86,3.75511879966672,2.66,3,2.98,2.36045284750716,88.48,0.57,45.9323077597236,3,332,96.6649428991741,84.5,4.17,31.5878733085003,1966,0.46,0.20810706477069,161653,245702,220100,61275,627,695,583,453,656,23.8,22.3697806904558,14.0767205666751,65,0,8.55,77.25,70.27,74.31,85.9793899453835,26.3221014258529,4533.9,17.48,"0","0"
15631,2.60454960612891,0.98,93.26,5.07309523094601,4.99,14.0809331657738,23.1447366987759,11.43,4.70487771022134,0,100,60540,91.2999707122582,1.02,55.6394921919455,4.81,2.38,3.89748648695648,42844,24177,43511,11989,0,10080,21825,1212,5.94104526923659,4.51791514910602,4.76033993212817,20.95,3.3838680163833,73.19,34.3202762281351,26.49,6.93287738248706,44.1574053136632,6.27517027768462,24.3223308758531,8.15218331055095,10.45,3.2566121947874,81.6541850737032,81.81,95.54,79.77,45.1222033615954,72.8754806704726,199,1.01,4961,12.7281163984165,13.98,23.63,37.78,5.64760838229209,2.44922591066919,7.89,5.85,79.67863204654,2.48631780750118,1.81921355507802,2.22,2.08,2.53,2.27,70.0780656668451,2.41,41.9900855146054,4,591,96.38,62.7025633755093,0.66,10.24,1965,0.53,0.25,254812,396751,500001,57225,385,486,599,403,761,24.1,25.6,11.0109036807592,0,0,15.48,40.98,41.35,72.7380389781032,81.5946021519043,2.18162623192184,11285.5491832864,1.65,"0","0"
13228,2.14,1.06379190618172,93.9532740364224,1.5690655994229,2.8,11.68,21.9896576295793,14.01,11.2644208954399,0,100,44277,91.4119139158726,0.49,62.388798797975,23.605562446937,1.49812419737379,11.6240642083064,109512,21401,45553,17289,4835,25152,13871,507,1.40234360216185,0.853705263951172,7.72524470839649,34.9108029153943,2.76,69.48,16.43,32.31,2.55633350989471,42.5927554004391,10.1038536947966,28.46,12.2406513053303,6.07,3.19,87.0004129106924,81.99,98.0651488721371,87.113002333194,60.263891014941,70.48,469,1.00613247516875,712,7.67881436265384,5.19081031648442,24.34,37.2991227705404,0.86,0.208481588208427,1.74623384514203,1.45256217052539,89.99,2.18,2.35,4.04,3,2.83,2.7,84.04,0.916817819823821,20.1199156469293,3,395,92.506132110171,90.49,0.367325088381767,28.4473272025585,1975,0.21,0.169471928533167,444027,291549,308602,101694,741,702,708,280,824,29,21.8,11.6,0,0,5.99,45.0239689699188,67.3909395892918,65.76,90.68,6,4025.22516405582,1.23863644769415,"1","1"
14180,2.84,0.53,94.4033510142704,1.14,2.49484546093891,19.8,19.04,11.38,15.73,82585,99.49,50598,83.8071185426181,0.75,54.95,21.9580926954995,1.53,10.4793603854673,81798,45305,28849,16244,17164,15796,23973,1617,3.9009856074738,1.79,5.98,16.47,4.75768274824756,67.7151222899308,10.4,24.2720610464597,6.92100315639284,29.9337113858511,4.77530840359939,29.0624308447819,8.95938525175676,8.13,3.33,84.5544698938914,83.2918811350362,95.05,87.7232359286956,61.9287842451036,66.93,46,0.202800843771547,1278,4.13093735879908,21.1501356774569,10.4706839274336,37.5848139069183,0.135198029913008,3,1.07,3.00239597624168,84.3422198548168,0.45,4.78,3.33,2.95,2.92,2.34,90.0959589863506,0.27,32.5175234654173,3,549,96.99,58.2662945260356,3.33320938760415,42.91,1957,1.28,0.728654363613265,416600,231291,251643,49835,224,655,543,453,709,24,20.6,13.9,0,0,9.32,80.22,53.6694001476218,78.5408501289692,83.0633111645468,16.3179932196314,2128.80466205279,1.3947428059609,"1","0"
14789,2.42,0.5,95.2915373401344,0.63,1.15140924528241,13.9722577857971,23.38,11.6273100505769,18.7286885061115,0,100,28381,73.54,2.2,50.4526410968353,17.67,3.67,19.6834808421135,45596,16747,13610,0,9040,12335,9235,1245,6.40380922948321,5.67,21.01,41.752052702258,4.21452431748311,61.292694503665,15.61,31.5491956038773,13.15,24.61,4.61,27.76,8.15,9.08978473037481,2.99,82.4808272178471,81.4185143808275,86.66,77.3593238997459,79.01,72.4462289702892,286,1.07,8169,31.3731338656942,25.52,27.2856003411859,20.61,2.38808556467295,0.151825511505206,1.70769021630287,0.777293795670072,89.7203042303771,2.30349448814988,2.85854999082784,2.15,2.76927261670431,2.58709635940691,1.88,69.01,1,43.3457548476756,3,327,96.4647249412537,62.57,1.1024097742637,17.03,1940,1.06,0.2,51094,46800,118528,24398,179,542,371,273,264,24.111414239804,18.8265653302272,15.4,0,0,5.81630752960841,79.52,64.2148162619025,83.675655126671,94.4039727701992,6.77313854098321,1504.83846856207,15.8803240573406,"0","1"
23799,2.6,65.48,84.4197550724408,0.123698520725593,0.61,11.75,23.49,12.4271380083309,17.1067978939678,10368,100,20478,75.55,0.36,24.5207919852808,38.77,14.4334807816645,21.58,27147,8809,12650,5635,7384,3802,6483,4463,44.08,18.5365653745582,35.08,10.938776520382,8.74517140126787,56,24.87,13.3,21.1356783405948,18.53,11.4978138310951,28.0383244162332,15.1829524567258,14.0929383803532,3.1414542701561,51.94,52.9489479251881,63.5243700672632,51.0216080669849,74.37,68.39,1682,7.18,56,9.59,8.42526011802179,55.74,48.2533232989659,0.0128750946302898,0.0656077185001535,0.07,0.26,97.86,0.751751740300873,6.83238078684236,8.25603736315854,2.56,2.58587353854751,2.54,58.4762631040625,5.22,50.57,3,763,89.3095028983243,55.09,3.15,65.4,1957,11.05,1.45,31900,40016,70500,36104,150,230,302,163,301,23.4042334842496,17.9,16.7,12,0,0.55,76.23,53.2643374191504,83.1477324020164,89.1953732257717,11.9,1204.65639390266,0.33,"1","0"
92703,2.61,0.739355430274736,97.97,0.729958355128765,0.89,11.1665419552149,26.2295541583498,12.3996323772729,14.56,45700,99.75,26884,72.4,1.15,37.66,31.502145607525,10.04,22.5079489618035,33263,12444,12449,11299,3828,6821,6761,2690,11.67,6.57969484022353,24.91,12.28,8.48847066076938,56.14,6.9948819553107,23.31,28.06,20.7503306715206,9.59,32.6751757762348,12.9289604832442,12.1793729468831,3.12388808761801,70.6488024000699,70.2219200700855,83.07,76.38,53.02,73.9593116453709,2366,4.00774481798988,440,14.18,6.14,9.77,14.1299904103352,0.18,2.25,2.13470113806814,4.14,94.3,8.24,4.71,2.36110993591525,2.19,2.72,2.27,44.0928380101748,0.86,57.9736035700701,2,3072,90.48,58.5875899371287,1.74,60.09,1973,3.25945078345326,0.76,74944,94900,165934,40600,223,382,683,175,437,30.7579220962245,22.354104994641,14.3,0,0,3.84,74.9714587127914,57.0202431183215,82.17,93.9997403625282,32.7034830693932,339.3,1.46310450799763,"0","0"
21266,2.79,2.69193519044667,98.49,1.79826752518769,1.502414981282,23.78,51.91,21.0287012295192,11.4755065264553,0,0,16961,69.1104346358776,1.75,38.3274052545102,20.5725545081496,6.03,13.7499461338297,33564,11195,12110,6517,215,5085,12628,2401,18.129020202967,5.92822025641333,9.36,24.39,5.95523702342994,56.5345089281226,4.5,23.0681022088851,15.43,29.77,5.42,38.92,8.77632772888523,7.56874794714308,3.51019013479352,68.9935654696574,71.23,91.29,78.14,70.0729597465818,68.9599493518348,181,2.18,2642,33.8858667866358,39.7920219011108,21.17,58.7975386351068,0.836175216748379,2.84498990577025,1.47,1.15,84.9652844633441,0.43128758152326,3.25782815936798,0.73,2.18314328054587,2.23,1.98621297609061,59.9194419218414,1.38,60.43,2,721,90.0317413920024,57.6791068122241,3.06,28.5382260948606,1945,6.11,0.62,42512,56600,77960,32640,223,240,285,110,399,26.2385584176052,17.9,12.2423481722673,0,0,0.676097204624675,65.55,39.5052645731966,70.52,89.07,13.2344698999698,1232.85612933155,0.4,"0","1"
167788,2.71,59.0980252982925,67.1488179335991,2.20787279287974,4.37352796792984,17.1980984985828,33.5216892526547,13.44,13.1,0,100,35741,69.2834142755965,0.36,29,26.28,13.211756749476,14.5307757044584,35024,9799,16418,7488,5268,9659,10516,13136,22.61,9.75,37.76,17.23,6.12163021226724,57.69,16.31,16.8793131003777,25.85,28.1453762020667,10.7141045367718,33.66,14.28,16.26,2.99,55.5237935574849,34.0279888910552,74.0904019928972,56.28,59.27,64.8068740103145,1130,3.66,40018,18.4685916263113,29.07,53.5985614642998,38.5624934116999,1.86,6.09026637290915,9.42,1.08,83.9970337325335,7.58381743917863,4.7,2.29,2.35,2.47,2.73705029904842,62.7725372487307,4.69,43.8515121884644,3,946,87.62,54.479091707021,1.47,39.85,1972,6.81383861117065,0.24,52400,48849,165800,40800,371,470,319,143,391,27.1,20.5,12.1,0,2,2.75,45.45,55.9569805513819,77.4904535468419,91.607625535354,11.3,2476.9,0.13,"0","0"
67438,2.38,13.7918216242098,90.1393992399424,0.348304891319325,0.5,13.3596815568209,24.168359775655,13.19,15.3971118116891,0,82.3921480992188,23092,62.6671067516413,0.276005282371771,33.0647038264867,43.74,12.73,22.5,26948,10682,10526,8140,6147,7949,10145,8229,19.85,11.9480172734925,32.3742293950419,9.72947848172626,10.4215654412269,52.6,26.2555764401021,20.82,24.6370221212002,17.2217475002368,10.971231456423,28.41,14.66,11.8530107590246,3.15381625267522,63.1287893105826,60.9960419181362,65.1804705073102,67.7854987892027,56.3483226736806,63.5116949367081,1702,3.04,20865,6.1948195293018,10.5457488424983,7.06143985518565,5.54,0.0605400144929687,0.111213201188172,0.12,0.28600451717386,77.4976463850557,0.853937680164818,6.54,2.65,2.35727417867553,2.75324712916898,2.58,59.4914237676188,2.2197384382373,48.26,3,2193,91.5798754754243,62.4571610767115,8.50598443760537,45.8545223396737,1954,6.12717942393618,0.25,37993,101910,141800,21144,195,266,260,126,372,27.2,19.1492441583658,14.8923284081199,39,7,2.14661070864027,86.17,60.4082279397765,91.4359093451942,93.47,10.5699276605311,3055.00811667964,1.0809128727112,"0","1"
15160,2.60406729470783,0.178984310820233,96.23,0.88,0.517491048462689,13.5741882605595,23.5303474756268,9.31337960960887,15.3083487866586,11120,100,28826,76.5971418616672,1.70567159972464,43.7902840600458,41.54,2.71160482033777,20.0595966494922,34772,12487,15214,16106,18426,37215,9095,652,4.56266725177566,10.14,21.34,9.23,5.59831288309302,58.356821983528,36.4554313912801,20.89,10.7395178914629,37.5137907450693,9.64,21.85,10.3726392295056,8.80979350134265,2.81584979943,79.54,76.74,85.1425774873817,78.98,70.63,67.7485203458408,140,0.71,295,11.5596998282724,9.8143269687146,20.3,10.81,0.172855891318371,0.513993873437867,0.15,0.76897603441185,91.96,0.7,4.02345745547597,2.39,2.40044216144908,2.89674850159868,2.47,70.1456361210377,1.07,39.01,3,519,54.11,57.7540552010178,0.81,15.0638110645426,1964,0.189250178015791,0.1,104800,161600,95300,25900,254,552,529,120,453,26.4,16.1,14,0,0,3.45,72.52,55.7402863123703,89.1588466014418,88.66,28.8168205955376,717.21106827793,1.1,"1","1"
32393,2.71,1.99,96.4979481093337,2.18,2.11886689897627,16.91,26.9981585217803,12.7702761139022,10.06,0,100,21094,75.491098210786,1.02,46.7651232279069,26.0061489241011,6.21937276257435,20.07,32881,12395,12803,4593,7999,4937,8739,5958,15.22,4.42,20.0690583179433,17.2551943767816,7.38,58.1469358484152,27.33,19.5687927239466,12.42,21.09,8.58324917713646,29.0767740387159,13.1525265807332,11.379444946687,3.10773103878911,79.61,78.449110810974,75.2163102431828,74.15,71.8312370634079,65.9,62,1.48,839,23.8725058135763,6.25400730504654,67.12,40.8808687218325,0.477284756243851,2.7,0.568902805210867,0.657361083637613,93.41,0.593979452205822,4.77405689495305,3.26762654736405,2.53137955328372,2.74952488634735,2.09,71.4830508587882,1.41154908841476,46.56,3,833,81.12,66.1145992087899,0.28,51.1661341835465,1981,2.23837038249942,0.28,67367,71975,67871,28823,295,323,293,140,379,22.8046271126717,20.5,15.5625642772764,7,69,1.48500402284165,73.7080584785482,51.7233528155896,83.9496387939597,93.83,26.1,1051.76759659195,0.13,"0","1"
71245,2.72,13.77,78.22,0.32,16.93,14.96,26.85,12.84,12.28,71245,100,24123,70.36,0.29,32.66,29.97,14.47,21.78,29304,10676,11583,7382,11084,22264,7249,13980,19.85,11.46,32.49,7.67,9.32,52.6,29.89,22.74,24.12,17.29,10.85,29.38,14.66,12.9,3.22,63.63,58.95,67.43,67.69,50.92,57.84,2754,4.53,1968,2.13,4.37,4.67,5.54,0.06,0.12,0.13,0.15,82.6,2.69,6.54,4.77,2.69,2.76,2.58,62.67,3.45,40.24,3,1346,95.11,61.08,6.09,44.87,1956,8.66,0.32,40600,52300,69800,29200,202,278,338,136,363,27.5,16.9,12.8,20,5,2.76,70.47,60.39,90.71,93.94,24.9,2859,0.71,"0","0"
34986,2.74,11.4,97.2166288775159,3.68617895682808,18.37,12.71,25.8204619491356,12.14,11.14,15700,69.47,50448,82.1896301073286,0.672334571122192,48.8598792903265,20.5573399249588,2.93,14.76,52367,17815,18400,17649,8210,17541,16890,1077,3.12904283955693,5.18,17.0392993850354,27.15,4.03341455618075,68.4278999100377,30.0524493797643,23.0915175086896,11.0359963788589,34.8166992899589,6.43980039752166,30.0101540263789,9.52,7.41,3.24574326947021,83.8222717187127,80.93,92.44,81.33,56.1847840114,63.56,427,1.4,3363,7.78,19.4463177938426,21.2005777321135,29.0689600659752,1.09,2.26683381759251,0.86,0.999948045710723,90.4644916580121,2.32,6.37,3.37707398260633,2.72,2.91771341717569,2.62,77.77,1.22,35.3411674951762,3,335,97.1201277126907,74.8250293214728,1.43718732236419,33.6652139069807,1969,0.995442951261842,0.390829093918049,193500,255400,190700,58495,496,580,662,136,557,22.8,25.5,12.069394165844,5,0,10.1541593899702,35.48,63.34,77.1124417819921,89.88,5.8,2957.6,8.87,"1","0"
37240,2.62529004590586,0.6,82.32,3.7009796161484,13.87,11.6695535270978,44.2939670724235,12.4601205188036,9.84484153719619,35008,100,38278,78.8873572430899,1.14048884877004,57.473596025904,23.1807798507918,4.03,12.79,50217,27986,27335,9792,19123,14315,10167,4448,12.1890616084961,3.34252636335324,10.1876139971769,35.7913554967847,4.81,67.8900368960947,8.22345434651244,22.5673375171842,3.57,37.8253930125634,10.3473134800761,47.513551971709,15.3144382563094,13.537472768724,2.83,77.3108182257181,73.9271853031715,92.6948722491134,75.7408929954749,58.9526449102163,60.9691331363283,839,1.87579316481948,5332,27.1926143119733,46.3740238235192,54.4406262465318,64.81,3.12656098119294,3.97800255220228,4.77,5.47230256769806,83.53,2.82379792476539,2.26,3.3037610632802,2.40390241019273,2.51548600257374,1.99,50.4101204550173,4.57,49.9223800279247,3,1555,92.79,42.5517037392625,0.114813211262226,23.83,1977,1.02976468435178,0,213974,206085,269810,175200,440,587,925,190,489,27.3,27.0984510656136,11.6,0,5,10.2688570193201,44.5008918215676,34.6980473410649,68.6703031064197,83.6618461431718,11.2996294301935,2368.15633590246,2.7,"0","0"
183591,2.65869216291079,4.7,82.2993153827824,3.87300282733515,0.421152063150269,14.036140417528,29.7792334015947,16.8796800640039,12.83,56065,100,26540,75.23,2.38,38.21,28.62,14.8265012762587,17.48,36710,9273,12266,5938,5946,14066,8417,4583,20.8472447697415,18.9691806988247,46.2273923426447,15.9761418138212,10.2816209617288,49.5007423530209,9.49,25.2373763203776,13.5895094000641,21.95,12.64,41.170292308866,12.94,14.78,3.43924417259482,57.193802660595,64.7899886204908,69.9385047769764,64.45,40.91,57.3,1734,13.82,15543,8.89,32.6631094446157,34.3,27.0574072458176,2.52807326069878,3.60242264640052,7.80326653428376,4.7,68.2688673232201,5.61873281297895,6.44,9.31,2.78077355016333,4.48,2.39,44.7202166098108,16.837440985404,56.35,3,3100,87.6155100937793,55.8088197793129,3.396017651679,33.1704607550505,1940,7.56888262193029,0.7,35488,64200,158000,72500,200,198,354,115,413,28.2,21.5,11.6,134,9,20.9,50.11,34.82,84.9646703753993,84.629255870531,27,926.251701273086,1.8,"0","0"
25692,2.49,16.6579403549914,96.3257812529104,1.518162634292,3.1,12.1561262523212,20.64,8.89,18.33,0,100,44582,78.7568894093235,1.32,69.5787607915513,25.0536291392287,1.37,16.73,62145,18964,9687,52554,0,14176,11818,260,1.76370300416835,5.48530012468963,12.3244055851238,70.5114826244923,3.58065064523369,69.0923324669804,9.06106011288085,29.28,9.63422079843935,41.5867175676674,5.08244144799498,22.12,8.56158968066176,7.9,3.14,89.58,90.0790876507806,85.1626409296645,87.08,63.2,51.41,163,1.81237033698397,1042,13.39,18.6423682067373,20.17,37.1757531865872,0.04,0.46,1.13,3.13,93.8792700176779,1.07,4.8,3.16,2.72,2.95,2.29,74.1972947527515,0.62,36.583561001746,3,225,97.0663612543497,72.3010130043142,0.936094555659219,32.41,1958,0.32,0.62,363967,92700,125838,67800,372,1001,735,228,734,21.6,24.7,15.4,0,0,6.03901014296183,51.6732751936093,59.03,40.0807259137928,68.4577224088507,15.3,1300.0045127043,2.31,"0","1"
61018,2.86,0.73,66.3276047660115,23.8194268612223,6.76,14.4707279530261,28.98,16.09,8.64,20286,100,23269,82.2472560329828,1.25,35.1459065456859,44.5061749911138,13.6168735709911,12.13,30046,10361,15675,6385,12895,13343,7055,5813,29.9478395403045,17.43,24.93,9.00693146287464,7.69376331925082,52.1303414527265,12.6286672200573,32.4371535624843,12.8109889019234,17.85,15.01,29.38,18.830702501232,18.6750082574878,3.65581260382819,75.19,56.9671281863493,84.2276903747239,68.44,57.7356416213885,60.6363419676137,3033,7.02,8113,11.25,32.43,37.9338278105917,52.09,0.39,0.826440755532434,4.08,1.52038195804615,97.0977976892663,0.925992082725279,5,3.62773897051113,2.54,2.55,2.13,45.0371076272894,4.6,60.2273160811863,2,2833,80.38,76.45,5.5,46.76,1969,8.66,0.131512835451091,41200,116200,193400,99300,403,629,292,217,354,28.5,20.2,14.9,37,7,13.947759073573,74.4861697782956,34.91,52.0474633130253,80.67,7.6,1564.81957586069,0.394135400584589,"1","1"
449614,2.71,4.03,43.5014607886846,11.2397028093444,24.8864196305846,13.668172500149,26.16,11.9241055079053,14.32,20081,0,21401,78.1,0.773160240463913,25.82314975149,25.9804715998952,5.73,15.0404015384056,25102,11021,18170,9269,6718,14399,7634,7938,28.0104893800275,23.192974625236,24.21,13.3804252583347,5.70164215055294,55.9695601504141,14.15,14.63,10.18,24.0540836212194,11.1394884155923,38.8979306639607,15.1877005023804,15.11,3.17,65.975517716029,32.08,68.08,75.64,55.8,68.0419662932555,1180,6.74157095428556,774,20.75,24.3229959738441,50.2567164973604,40.4409803784033,3.22131361888101,7.65500450380146,1.23705471056824,4.75217800069756,89.0037296498334,0.740174217657186,4.67,4.3,3.28270966021654,3.29,2.55,50.3507060950762,4.36325562571175,78.0553825174396,3,2315,94.16125919772,58.2117349114455,6.72261131510139,15.5894311958163,1971,8.47,0.807628133203834,182301,147898,158442,23052,433,387,595,226,764,30.3,21.9,12.6,129,38,4.99,46.43,47.85,87.6,91.3277384100948,28.894848309954,3026.26067672488,0.09,"1","1"
36365,2.35,9.08064482874547,92.055796635213,0.16,0.685348678319715,23.68,25.45,11.7514154191595,19.7339587851365,0,0,23314,78.2197051213682,0.36,39.3071549579501,31.2467740422301,4.99463881097734,16.4978607916506,40299,11333,13013,5994,9191,11429,7211,8976,22.0552914911307,15.7101823288202,11.27,18.7103377368674,4.51172293778509,59.9369734399952,9.39,23.4382291515203,17.2633249251498,35.1522434371709,13.3,27.98,14.7725768990008,10.9017425628503,2.89,69.6792111999774,55.9692211488184,70.6108862994316,73.9794427842088,71.1423091126978,78.5760671508886,679,4.80974722886924,263,20.06,48.0725288676874,50.9843570818007,60.24,0.33,1.35912959609646,0.275773028004915,0.62,92.68,0.6,2.89157572309176,2.83991675148408,2.25,2.42701614695601,2.02755612704282,65.64,2.37068716887385,50.549098305131,2,562,87.14,61.134291092311,0.96,27.29,1945,8.37717280724396,0.3,40000,127800,221000,33700,171,221,312,143,402,27.9,17,13.7762314634242,273,15,1.33,79.7,50.5600316872463,80.1178792223722,84.4791456616949,53.7,1376.11551112137,2.68765179832,"0","0"
35532,2.8892485045145,26.16,92.76,13.909545320364,6.05016552917659,13.1093285008403,23.94,11.6668322077099,13.66,72795,100,49900,87.4564859904225,0.556440229883107,53.888191867955,20.8567661239393,5.2,7.18090743035078,71710,23903,26616,13338,0,18521,15196,1546,1.83594646815599,2.02622736651916,4.91295704176029,17.1408663284895,3.78905670298263,66.35,14.03,21.5262173966947,7.47569695363442,47.1885062334593,10.0962911505252,28.5093896588683,8.09106393910324,7.76456060812265,3.33279385037255,88.84,80.21,94.6601335628005,86.7842402348109,57.9162980020186,66.47,203,0.75,2035,8.46050385608338,5.92,9.78384548629401,34.478990490369,0.521783063489323,2.95809859124323,3.19001179834828,4.17,86.19,1.53,3.69090309302943,4.43720507528322,2.81,3.09,2.09,64.47,1.66299066754058,38.4186824864242,3,334,94.82,83.05,1.48306546127423,21.29,1966,0.47,0.62,158165,185600,267286,178294,717,662,707,230,939,27.4,23.3551661556199,14.1,0,0,16.5396087472622,57.93,48.0802139632994,84.7,85.59,10.6381242277101,6646.44523253562,1.14494817386071,"0","0"
11197,2.41,0.48,98.4397185992698,0.67,0.905558862662874,16.09,23.0086917494237,13.1,13.9619474828616,27063,100,27493,77.8386020719881,0.91,48.07,29.3415011273883,6.68018877754609,18.3310912457605,40509,23736,15532,3345,7181,8271,9731,1518,9.39644652108351,5.2,27.4593511254589,12.7417130842743,4.75,66.4581028741039,32.9347658397257,27.9357706834252,8.87,34.5313436029603,8.75601472457095,29,14.4164946943397,11.9798087452399,2.97,74.3927036144957,72.2824767682903,85.98,77.36,61.203528328808,71.7559045226825,730,1.63678989876993,696,20.9046264500171,11.0667369265979,12.8419904094189,22.1894566578402,0.581407463457435,1.66355724389354,0.678323127770175,0.211285244524479,94.92,0.138393992776982,4.16909426485499,2.75,2.45893845845635,2.60000692845322,1.79,55.0970755961863,2.76,51.4953045062969,2,1832,95.5984004122252,57.4524145178792,4.20745392035693,20.2796407130981,1975,6.28146226053126,0.31,65401,89800,113500,33111,244,616,373,140,396,24.1331227418035,24.6,15.1,4,2,2.86,84.5385434833728,59.5122494025777,81.6170218212064,77.03,44.7,531.901332453825,0.63,"0","0"
13222,2.92,2.61,92.7919508944421,5.319692021464,13.22,14.7345906547923,28.0382297521209,14.46,4.13,118589,99.84,23980,84.02,0.48,38.79,10.74,3.2,11.8138828781247,28870,12775,13538,18864,11629,9799,6894,3486,8.06559648182709,9.5,29.3427370490599,11.9167700392737,7.28,62.6811922387034,8.94950316291923,13.99,11.52,17.4585105687194,13.048676328673,28.33,12.2599547121984,10.2086745994678,3.64,79.2438387221144,76.354591687078,87.41,82.09,67.4763935165914,80.608169423944,208,4.13,13191,12.58,28.2999427073511,40.18,45.45,3.32962411420575,2.38,5.57439800183599,9.89274169454972,78.54,2.28763780724102,6.58,10.9001516527651,2.92,3.03,2.57168575528699,56.64,8.49533930379897,44.0180870546494,3,5495,94.6329574769115,64.33,1.27,34.92,1975,3.04,0.07,150800,92300,279000,48400,252,423,663,268,560,28.0366455253834,21.0671153187752,12.067595934992,0,0,24.1626982505418,23.5,33.9098255876328,76.27,83.7605833986308,18.8790802075372,3071.38734224367,0.73,"1","1"
30990,2.47053103266594,15.5556114842882,91.5095776362345,1.28208802001551,2.6482810644169,13.8705270050699,33.2207722230256,12.7474074023745,10.0229049300356,89635,73.6418674389521,22532,73.05,0.429523251047358,40.657905275058,18.01,8.34,15.6995914537506,30218,12087,12827,7800,14763,10089,7263,19531,11.53,8.39408503489569,22.3857678352265,13.4324018152989,8.71,58.39,14.8622443903672,20.64,20.6508371521067,17.79,9.77,33.62,15.6805448672548,11.85,3.11,70.44,68.1640059135389,73.72,66.81,69.4316863735517,75.3422921945465,411,1.92,3829,14.1693988617882,28.6602177557535,40.205609181039,50.09,0.93,0.776645081853494,1.63,0.622495672826966,96.31,0.733455338096246,5.38307694008729,2.30487298273171,2.43244310921989,2.58073030622676,2.18105883551762,62.4555356678367,4.2,50.3,2,1092,95.37,59.573700906417,2.15240482281893,34.6494695626199,1944,4.77,0.242429827344604,40020,61800,82200,33128,281,351,422,134,389,24.4,16.2,12.330014271196,31,0,3.6,76.6212599886861,52.4653433616646,65.78,94.12,37.3989498591827,2862.4,0.283074841362735,"0","0"
29067,2.77,4.17,89.7647341508186,3.64514665375153,1.04806811315473,16.9255424899204,23.6097956579908,15.0858438796302,5.50811060753341,10503,0,45022,89.33,0.72,57.439521626501,15.4694939565007,2.38,18.85,51534,25107,17793,4604,0,21042,17606,1798,12.97,7.53133595819897,20.9228761603528,22.8802847657415,4.53573596201371,63.42,9.6881361110555,18.7316573977036,7.5,38.6678586005637,4.69501492978229,28.7087849850673,8.69694090289064,7.67601526163829,3.01,84.0517875115713,91.33,97.4290380973555,88.38,55.7489954482609,71.5243136169622,52,0.81,837,7.6371017866116,10.3075303369729,23.08,37.23,0.22,0.957427914639316,0.33,2.06,88.6254514811855,1.25,6.9055971005559,1.7,2.72,2.89,2.24704213014959,88.0803927812353,0.64,31.0959965893533,3,1464,81.3,91.78,0.93,45.13,1954,0.36,0,237800,113400,487091,86500,515,765,414,96,564,25.3,16.9,14.9,0,0,5.12442911761813,44.7116505291375,69.9,85.03,94.885036150422,6.3,8172.35606112279,8.94,"1","1"
75450,2.82,23.5,58.3627851785347,0.72,36.49,13,28.56,11.54,16.6088056010318,54255,98.0110153208456,31544,75.06,1.06,20.6805743441544,28.7228347859594,9.39896782835325,14.71,35141,11838,14915,6698,5321,13800,13876,25491,20.32,6.51246635708027,33,14.9208833720721,4.93823055381576,53.17,12.50151011869,16.2687689574622,17.781709100036,28.44,11.9966616718099,34.1,17.6,15.52,3.27,63.2045558603543,58.0570817990663,78.4351364555955,80.0066365587525,62.61,75.21,1718,5.04,1632,25.7924810617448,15.39,58.02,51.6653769092262,0.429142565205693,2.00327177687238,1.25122147197525,1.63045124753999,96.21,2.58530825935304,5.61,15.8453375628404,2.81,2.6,2.58103695910734,40.3304490493642,2.73954416120425,50.3585582870152,3,24906,95.35,55.9206163344346,12.56,44.15,1955,4.82,0.76,38989,79019,68906,123269,157,248,461,171,333,27.2,18.0074806747958,14.9,10,16,4.29,30.92,56.34,85.9222915795445,92.6806370808681,5.4,2252.39580447692,3.77552492311845,"0","1"
33022,2.31409123654788,0.629260755591094,98.9519197170561,0.95,1.79974081121385,11.6643259195487,27.1701563584805,11.09,10.976480963255,16012,0,54305,93.64,2.48,49.1236849284669,27.61,1.67,19.23,59785,16689,21986,21474,148,28114,22516,1750,2.82,3.52601483885199,19.7347024528682,26.83,4.49,58.5381126062944,25.7408161762853,17.2553187271953,5.11719108921786,19.0646268752466,5.92115043625856,27.67,7.59179659999907,8.11646716049562,3.16007513581465,89.48,82.825132669583,96.31,88.51,64.3182881145924,70.25,98,0.500019557749232,697,7.08,15.1091629257798,18.6347638919577,39.6977911877632,0.53,0.04,0.43641010960564,1.28,93.66,0.584486145054301,3.6644712233233,3.51,2.91092988986522,3.16,2.17221721485878,89.53,0.732453404217958,36.33,3,2173,95.26,66.7481423903443,3.37320605585972,55.6277358406782,1976,1.59467126514142,0.192111272513866,146614,223234,94580,23500,389,668,880,301,628,20.7,19.6,15.8,4,0,9.7944360242039,59.0777093829152,31.75,73.06,72.68,39.6100557840119,840.874556596391,0.40658856117477,"1","1"
16642,2.45,1.71764670964951,98.01,1.71,3.4742589190711,13.2997193829552,21.1,13.29,8.97,58648,0,69904,85.9,0.55,62.3003570313907,23.8119097657269,2.63270761972681,19.6410849159195,53353,15355,19982,12879,36907,22192,23462,436,6.1,1.99,15.75,36.1259040602809,2.64,72.71,11.6260803802001,24.5552421198025,5.46,30.9739264169118,6.04,22.9643776080525,5.77838254206503,6.00897496701218,2.88538479776587,90.3508450598549,88.22,98.2903193964142,80.4227176638755,50.727671860382,53.4167238447373,66,0.36,1904,4.84861015971207,20.9723633617039,10.8905011259951,28.3780029737623,0.2,1.87172384043923,2.03,1.42,88.37,0.165352618349716,6.36950689893216,3.60118599829574,2.63,2.88,2.29,87.7150481766191,1.16930062259858,34.54,3,303,91.9240842988218,75.79,2.65,26.15,1975,0.26,0.1,77900,91500,169386,183400,370,620,538,453,890,24.9,19.5,12.7,8,0,14.05,47.2639717421448,62.92,67.82,91.396595986709,23.5090179321046,2643.9881086519,8.84,"0","1"
50686,3.6,7.23646910569941,54.4870434445981,2.38,17.4451426495674,13.1,29.4169552908186,11.91,4.7782433113642,54920,99.145704746712,34039,90.28,0.92,43.4718356213098,11.281734229258,2.46686338763684,11.8240804937249,40337,14720,17388,11982,8148,16596,10435,3795,10.5196762426539,7.41880984507191,14.24,24.89,4.85014068394899,72.1437202639474,15.91,18.7251000414106,13.5151050514728,31.05,9.76132956934627,28.7201555889845,14.7765965567902,13.5443101114826,3.58000610508025,80.2,76.16,88.9981841433871,80.31,69.83,74.748550473256,1195,3.33433470851276,6372,15.4421594610438,32.14,48.19,51.07,2.90729206311516,1.89,2.81,3.59,72.0497310646064,5.83051878766467,5.27,3.3,2.44,2.73,3.38,69.93,13.2578285189408,47.2137391063959,3,5122,94.2128682361357,68.8181721994498,1.05,24.5821186260507,1983,4.11999717940576,0.301482088381114,85803,255600,110417,61361,555,430,567,173,703,23,25.7,12.1630072313982,0,9,7.04,43.6217342120611,34.7246907186105,77.31,73.81,69.8573892804483,2094.89273296219,1.02704213673715,"1","1"
22910,2.87,0.67,98.3440189881778,1.56,1,11.82,26.19,13.38,8.02528085930894,11796,73.236372546878,46915,86.1140644770923,1.12,55.6212840161783,25.7012940466125,2.2,10.6892127553793,43870,18901,13690,15783,0,21949,15662,288,1.08,2.1,12.0672008234635,65.9257866918389,2.5,75.536620482107,13.2429138859082,28.97,2.73738634717651,35.59,4.35960304223001,26.3576142746396,14.01,6.28,3.16,87.3140579580423,86.3864197037431,96.1019662458248,82.3553381304691,69.5385053660441,80.7168477787947,79,1.02,1154,17.2256720367447,13.770300834123,15.5561136113526,53.3922970451912,0.51,2.7,11.79,4.95821080016594,92.7636771508027,0.52321472504021,4.7452777846437,4.28292939009766,3.03903046866413,2.91,2.14,85.73,1.37,27.12,3,152,92.5002907593362,67.79,1.30541785011068,33.95,1976,2.22816341387729,0.15,152305,187426,90642,61249,294,770,515,343,527,29.0191372649434,22.2,12.4,0,0,1.63650963671505,68.0913003955813,41.6651580541659,86.96,84,5.07262033505055,1377.15416008042,5.33,"1","0"
15085,2.76870170661559,16.16,80.38,0.427283841011425,2.42638744682695,10.41,36.83,12.34,13.52,85486,0,40679,84.22,1.25,56.8543631799768,16.9373830002112,6.56,11.66,31958,12306,12940,15560,17685,18862,5953,2987,8.08235007937998,8.84143621783704,23.97,14.2117580352227,6.93,62.98,24.6752918032929,27.4755353116989,16.07,24.9397977393121,11.0501562050978,25.71,15.79,12.93,3.05,72.8410861834884,63.2936386924423,83.5731789113209,72.3968175344169,71.6927493804507,78.91,1061,8.94,189,15.93,49.8200443428755,16.4586253987874,59.74,0.371894551999867,0.76,3.07527012503395,0.0871984525149068,85.6998706918148,4.36348423441251,5.20012351530294,2.94467118177563,2.06,2.45,2.21,66.0768551554283,3.02616148561239,61.63,2,510,96.2688224190101,53.84,2.30629968469342,46.3632811481506,1974,1.75156232519075,0,35191,58200,173000,168921,245,267,329,135,332,27.8653101763378,22.1,12.2,0,0,10.64,70.53,51.56,60.428287041237,91.7728481596522,4.88182394901911,499.469825767726,8.04,"0","1"
18540,2.49,0.09,99.39,0.33,0.51,13.56,25.52,12.7185114621744,13.6110578352849,0,0,19985,69.56,1.62,33.14,34.55,8.77,12.6,24252,10444,10448,10101,10092,16225,9321,1719,18.82,16.4,39.87,11.26,7.01,55.48,25.32,24.0803542140716,27.97,17.54,11.78,19.43,13.59,12.22,2.92,76.53,72.15,89.34,75.02,68.0904926372319,73.04,112,0.67,57,0,0,0,0,0,0.07,0,0,98.98,0.28,2.22581659373206,1.67,2.44,2.49,2.34,69.83,1.88,38.22,3,256,94.03,67.49,4.66,35.38,1972,10.95,0.1,30500,41800,60000,29500,200,275,274,121,280,26,19.6,12.3,0,0,0.38,73.8,52.41,80.68,91.43,30.1,1071.1,0.23,"1","1"
13024,2.53,16.7706906452775,81.68,0.145983756966889,0.7,13.250124491686,27.8900428625336,9.78516945223014,15.2250615657525,12200,0,29154,69.1878120912255,0.14595123094817,24.8523014575088,36.36,11.33,13.3704891498573,37362,14086,9813,6921,404,0,12907,2311,33.576032059025,19.6456827441913,37.7908105683761,24.4757140394176,11.1440291935671,50.0657690527073,16.9196328914693,21.68,30.15,23.9852012753952,10.5160029688012,31.9158460434293,14.37,13.0688298878446,2.83577659261258,70.883064130658,47.3054260640095,55.9287124317698,63.83,43.75,65.2,875,3.95744947685084,91,12.134344251159,17.67,7.92424999823794,0,0.168762821117416,0.14,0.278258558673163,0.44,97.8744899953343,0.735881034280173,3.16,2.6498954021822,2.3606605302915,2.42,2.42381718634162,66.654213251872,5.55911138639164,57.7871757709235,3,269,92.3322547048516,49.55,0.675364951938391,24.54,1966,9.89,0.79,72040,90639,66377,39367,276,169,499,140,484,28.0948959150041,21.8843169199924,12.7810247433372,0,0,3.39465528562664,86.52,46.1686365146656,93.77,96.9255374360643,24.6,900.693313063278,0,"0","0"
