Gender,ForeignWorker,Single,Age,LoanDuration,LoanAmount,LoanRateAsPercentOfIncome,YearsAtCurrentHome,NumberOfOtherLoansAtBank,NumberOfLiableIndividuals,HasTelephone,MissedPayments,NoCurrentLoan,CriticalAccountOrLoansElsewhere,OtherLoansAtBank,OtherLoansAtStore,HasCoapplicant,HasGuarantor,OwnsHouse,RentsHouse,Unemployed,JobClassIsSkilled,response,CheckingAccountBalance_geq_0_lt_200,CheckingAccountBalance_geq_200,CheckingAccountBalance_lt_0,SavingsAccountBalance_geq_100_lt_500,SavingsAccountBalance_geq_500,SavingsAccountBalance_lt_100,YearsAtCurrentJob_geq_1_lt_4,YearsAtCurrentJob_geq_4,YearsAtCurrentJob_lt_1
1,0,1,37,36,4844,4,2,1,1,0,1,0,1,0,0,0,0,1,0,0,1,1,0,0,1,0,0,1,1,0,0
1,0,1,33,14,1213,4,3,2,1,0,1,0,0,0,0,0,0,1,0,0,1,1,0,0,1,0,1,1,0,0,0
1,0,0,42,18,3213,1,3,1,1,0,1,0,0,0,0,0,0,1,0,0,1,1,1,0,0,0,1,0,0,0,0
1,0,0,33,36,2859,3,4,1,1,0,1,0,0,0,0,0,0,1,0,0,1,0,0,0,1,0,0,1,0,0,0
1,0,1,38,39,2360,1,2,1,1,0,1,0,1,0,0,0,0,1,0,0,1,1,1,0,1,0,1,1,0,0,0
1,0,0,44,28,1361,3,3,1,1,1,1,0,1,0,0,0,0,1,0,0,1,0,0,0,1,0,0,1,1,0,0
1,0,1,26,12,1386,2,3,1,1,0,1,0,0,0,0,0,0,1,0,0,1,0,0,0,1,0,0,0,0,0,0
1,0,1,32,28,1501,2,3,2,1,0,1,0,1,0,0,0,0,1,0,0,1,0,0,0,0,0,0,1,0,1,0
1,0,1,35,28,6204,3,3,2,1,0,0,0,0,0,0,0,0,1,0,0,1,0,1,0,0,0,0,1,1,0,0
1,0,1,34,28,2522,3,3,1,1,0,1,0,0,0,0,0,1,1,0,0,1,0,0,0,1,0,0,1,0,1,0
1,0,1,26,12,1424,2,2,2,1,0,1,0,0,0,0,0,0,1,0,0,1,1,0,0,1,0,0,1,0,0,0
1,0,1,33,12,2101,2,4,1,1,0,1,0,0,0,0,0,0,1,0,0,1,1,0,0,1,0,1,1,0,0,0
1,0,1,37,21,3749,2,3,2,1,0,1,0,0,0,0,0,0,1,0,0,1,1,1,0,0,0,0,1,0,0,0
1,0,1,42,39,7582,3,3,1,1,0,1,0,0,0,0,0,0,1,0,0,1,0,0,0,0,0,0,1,0,1,0
0,0,1,34,36,1657,2,3,1,1,0,1,0,0,0,0,0,0,1,0,0,1,0,0,0,0,0,0,1,1,0,0
1,0,0,28,22,484,3,3,1,1,0,1,0,0,1,0,0,0,1,0,0,0,1,1,0,0,0,0,1,0,0,0
1,0,1,36,36,1361,4,3,1,1,1,1,0,0,0,0,0,0,0,0,0,1,1,0,0,1,0,0,1,0,0,0
1,0,0,25,22,759,3,3,1,1,0,1,0,1,1,0,0,0,1,0,0,1,1,0,0,1,0,0,1,1,1,0
1,1,1,34,36,9283,2,3,1,1,0,1,0,0,0,0,0,0,1,0,0,1,1,0,0,1,0,0,1,0,0,0
1,1,0,23,12,4844,1,1,1,1,1,1,0,1,0,0,0,0,1,0,0,1,0,1,0,0,0,0,1,1,0,0
1,0,1,36,24,1546,4,3,1,1,0,1,1,0,0,0,0,0,1,0,0,1,1,0,0,1,0,0,1,0,0,0
0,0,1,34,14,4844,1,3,1,1,0,1,0,0,0,0,0,0,1,0,0,1,1,0,1,0,0,0,1,0,0,0
1,0,0,36,39,18424,3,4,2,1,0,1,0,0,0,0,0,0,0,0,0,1,0,0,0,1,0,0,1,0,0,0
1,0,1,44,6,4716,1,3,1,1,1,1,0,0,0,0,0,0,1,0,0,0,1,0,0,1,0,0,1,0,0,0
0,0,1,34,14,11560,1,3,1,1,1,1,0,1,0,0,0,0,1,0,0,1,0,0,0,1,0,0,1,0,1,0
1,0,0,49,39,18424,4,3,1,1,1,1,0,0,1,0,0,1,1,0,0,1,1,1,0,0,0,0,1,1,0,0
1,0,1,34,18,2957,4,2,1,1,1,1,0,1,0,0,0,0,1,0,0,1,1,0,0,1,0,0,1,0,1,0
1,0,1,38,48,9034,3,1,1,1,1,1,0,0,0,0,0,0,1,0,0,1,1,0,0,0,0,0,1,0,1,1
1,0,0,36,28,2247,2,2,2,1,1,1,0,0,0,0,0,0,1,0,0,1,0,0,0,0,0,0,1,0,0,0
0,0,0,41,30,3749,3,2,2,1,0,1,0,0,0,0,0,0,1,0,0,1,1,1,0,0,0,0,0,0,0,0
1,0,0,27,33,8648,1,2,2,1,1,0,0,0,0,0,0,0,1,0,0,1,0,0,0,1,0,0,1,0,1,1
0,0,1,47,24,1361,4,3,1,1,1,1,0,0,0,0,0,0,0,0,0,1,1,1,1,0,1,0,0,1,1,0
1,0,1,23,33,7582,3,3,2,1,1,1,0,0,0,0,0,0,0,0,0,1,1,0,0,1,0,0,1,0,0,1
1,0,1,42,48,9283,4,3,1,1,1,1,0,0,0,0,0,0,1,0,0,1,0,0,0,1,0,0,1,0,1,0
1,0,1,38,48,2028,2,2,1,1,0,1,0,0,0,0,0,0,1,0,0,1,0,0,0,1,0,0,1,1,0,0
1,1,0,33,36,1024,3,2,1,1,1,1,0,0,0,0,0,0,1,0,0,1,0,0,0,1,0,0,1,0,0,0
1,1,1,35,39,9283,3,2,2,2,0,1,0,0,0,0,0,0,1,0,0,0,1,0,0,1,0,0,1,0,0,0
1,0,1,32,36,2442,4,3,1,1,1,1,0,0,0,0,0,0,1,0,0,1,1,0,0,1,0,0,1,0,1,0
1,0,0,36,42,9283,2,3,1,1,1,1,0,1,0,0,0,0,1,0,0,1,1,1,0,1,0,0,1,0,0,0
0,0,1,34,12,11560,3,3,1,1,1,1,0,0,0,0,0,0,1,0,0,1,0,1,0,1,0,0,1,0,0,1
1,1,0,33,24,14896,4,4,1,1,0,1,0,0,0,0,0,0,1,0,0,1,1,0,0,1,0,0,1,0,1,0
1,0,1,33,39,2101,3,3,1,1,0,1,0,0,1,0,0,0,1,0,0,1,1,1,0,0,0,0,1,0,0,0
0,0,1,35,39,7758,3,3,1,1,0,1,0,1,0,0,0,0,1,1,0,1,1,0,0,1,0,0,0,0,0,0
1,1,0,36,10,759,3,3,2,1,1,1,0,0,0,0,0,0,1,0,0,1,1,1,1,1,0,0,1,0,1,0
1,0,1,38,12,1108,4,3,2,1,1,1,0,0,0,0,0,0,1,0,0,1,1,0,0,1,0,0,1,0,0,0
1,0,0,22,33,4844,4,3,1,1,0,1,0,0,1,0,0,0,1,0,0,1,0,0,0,1,0,0,1,0,0,0
1,0,1,26,36,7582,4,1,1,1,0,1,0,0,0,0,0,0,1,0,0,1,1,0,0,1,0,0,1,0,0,0
1,0,1,38,18,14896,3,3,1,1,1,0,0,0,0,0,0,0,0,0,0,1,1,0,0,0,0,0,1,1,0,0
1,0,1,65,12,759,4,2,1,1,0,1,0,1,0,0,0,0,1,0,0,1,1,1,0,1,0,0,1,0,0,0
1,0,1,26,36,759,2,2,1,1,1,1,0,0,0,0,0,0,1,0,0,1,0,0,0,1,0,0,1,0,0,0
1,0,1,37,36,1217,3,3,1,1,0,1,0,0,0,0,0,0,1,0,0,1,1,0,0,1,0,0,1,1,0,0
0,0,0,33,18,3244,3,3,2,1,1,1,0,0,0,0,0,0,1,0,0,1,1,0,0,1,0,0,1,1,0,0
0,0,0,36,36,709,2,3,1,1,1,1,0,0,0,0,0,0,1,0,0,1,0,0,0,1,0,0,1,0,1,0
0,0,0,34,24,2288,3,3,2,1,1,1,0,0,0,0,0,0,1,0,0,1,1,1,0,1,0,0,1,0,1,1
1,0,1,33,28,1474,3,3,1,1,1,1,0,0,0,0,0,0,1,0,0,1,1,0,0,1,0,0,0,0,0,0
1,0,1,36,24,11328,3,3,1,1,0,1,0,0,1,0,0,0,1,0,0,1,1,0,0,0,0,0,1,0,0,0
1,0,1,63,36,18424,2,3,1,1,1,1,0,0,0,0,0,0,0,0,0,1,1,0,0,1,0,0,1,0,1,0
1,0,1,38,33,9283,3,3,1,1,0,1,0,0,0,0,0,0,1,0,0,0,0,0,0,1,0,0,0,0,1,0
1,0,1,36,24,2337,3,3,1,1,1,1,0,1,0,0,0,0,1,0,0,1,1,0,0,1,0,0,1,0,0,0
1,0,1,34,36,4686,3,2,1,1,1,1,0,0,0,0,0,0,0,0,0,1,1,0,0,1,0,0,1,0,0,0
1,0,1,34,24,9283,4,3,1,1,1,1,0,0,0,0,0,0,0,0,0,1,1,0,0,1,0,0,0,0,1,0
1,0,1,33,24,7582,3,4,2,1,1,1,1,0,1,0,0,0,1,0,0,1,1,0,0,1,0,0,1,0,0,0
1,0,0,38,36,2577,1,1,2,1,1,1,0,0,0,0,0,0,1,0,0,1,1,0,0,1,0,0,1,0,0,0
0,0,0,43,36,3749,2,3,1,1,0,1,0,0,0,0,0,0,1,0,0,1,1,0,0,0,0,0,1,0,0,0
1,0,1,37,6,4844,3,3,1,1,0,1,0,0,0,0,0,0,1,0,0,1,0,0,0,1,0,0,0,0,0,0
1,0,1,34,24,2326,3,3,1,1,1,1,0,0,0,0,0,0,1,0,0,1,1,1,0,0,0,1,1,1,0,0
1,0,1,38,36,2859,4,2,2,1,0,1,0,0,0,0,0,0,1,0,0,1,0,0,0,1,0,0,1,0,1,0
1,0,0,24,18,3749,2,3,1,1,0,1,0,0,0,0,0,0,1,0,0,1,0,0,0,1,0,0,0,0,0,0
1,0,1,35,24,1216,3,3,1,1,0,1,0,1,0,0,0,0,1,0,0,1,1,0,0,0,0,0,1,0,1,1
1,0,1,38,39,2859,4,4,1,1,1,1,0,0,0,0,0,0,1,0,0,1,0,0,0,0,0,0,1,0,0,0
1,0,1,53,12,759,3,3,1,1,1,1,0,0,0,0,0,0,1,0,0,1,1,0,0,1,0,0,1,0,1,0
1,0,0,35,48,11560,1,3,1,1,1,1,0,0,0,0,0,0,1,0,1,1,1,1,0,1,0,0,1,0,0,0
1,0,0,35,24,1249,4,3,1,1,1,1,0,0,0,0,0,0,1,0,0,1,1,1,0,1,0,0,1,0,0,0
1,0,0,38,10,2101,3,3,1,1,0,1,0,0,0,0,0,0,1,0,0,1,0,0,0,1,0,0,1,0,1,1
1,0,1,32,39,2859,3,2,1,1,0,1,0,0,0,0,0,0,1,0,0,0,0,0,0,1,0,0,1,1,0,0
0,0,0,42,12,759,3,1,2,1,0,1,0,1,0,0,0,0,1,0,0,1,1,1,0,0,0,0,1,0,1,0
1,0,1,35,33,3915,3,2,1,1,1,1,0,0,0,0,0,0,1,0,0,1,0,0,0,1,0,0,1,1,0,0
1,0,0,35,48,3749,2,3,1,1,1,1,0,0,0,0,0,0,1,0,0,1,1,1,0,0,0,0,1,0,0,0
1,0,1,35,48,6458,2,3,1,1,0,1,0,0,1,0,0,0,1,0,0,1,0,0,0,1,0,0,1,0,1,0
1,0,1,37,39,3915,4,3,1,1,0,1,0,0,0,0,0,0,1,0,0,1,0,1,0,1,0,0,1,0,0,0
1,0,1,33,36,6288,4,4,1,1,1,1,0,0,0,0,0,0,1,0,0,1,1,0,0,1,0,0,1,0,1,0
1,0,1,35,36,1361,3,2,1,1,1,1,0,1,0,0,0,0,1,0,0,1,1,0,0,1,0,0,1,0,0,1
1,0,1,37,48,1505,4,3,1,1,1,1,0,0,0,0,0,0,1,0,0,1,1,0,0,1,0,0,1,1,0,0
1,0,0,37,30,759,3,3,1,1,0,1,0,0,0,0,0,0,1,0,0,1,1,0,0,0,0,0,1,0,0,0
1,1,0,32,12,900,3,2,1,1,1,1,0,0,0,0,0,0,1,0,0,1,1,0,0,1,0,0,1,0,0,0
1,0,0,34,12,3017,3,3,1,1,0,1,0,0,0,0,0,0,1,1,0,1,1,1,0,1,0,0,1,0,0,0
1,0,1,24,12,14896,3,2,1,1,1,1,0,0,0,0,0,0,1,0,0,0,0,0,0,1,0,0,1,0,0,0
1,1,0,35,12,2171,4,4,2,1,0,1,0,0,0,0,0,0,1,0,0,1,1,0,0,0,0,0,1,0,0,0
1,1,1,36,15,14896,3,3,1,1,1,1,0,0,0,0,0,0,1,0,0,1,1,0,0,0,0,0,1,0,1,0
0,0,0,38,18,4280,3,4,1,1,0,1,0,0,0,0,0,0,0,1,0,0,1,1,0,0,0,0,1,1,0,0
1,0,1,34,39,5742,1,2,1,1,1,1,0,0,0,0,0,0,1,0,0,1,0,0,0,1,0,0,0,0,1,0
1,0,0,74,18,2101,1,3,1,1,1,1,0,0,0,0,0,0,1,0,0,0,1,0,0,1,0,0,1,0,1,0
1,0,1,35,18,9283,2,2,2,1,1,1,0,0,0,0,0,0,1,0,0,1,1,0,0,0,0,0,1,0,0,0
1,0,1,42,30,7582,3,3,2,1,0,1,0,0,0,0,0,0,1,0,0,1,1,1,0,1,0,0,1,0,0,0
1,0,1,38,12,7582,3,2,1,1,1,1,0,0,0,0,0,0,0,1,0,1,1,1,0,1,0,0,1,0,0,0
1,0,1,38,48,3749,4,3,1,1,0,1,0,0,0,0,0,0,0,1,0,1,1,1,0,0,0,0,0,0,0,0
1,0,1,36,36,1361,2,4,2,1,0,1,0,0,0,0,0,0,1,0,0,1,1,0,0,1,0,0,1,0,0,0
1,0,1,38,36,1950,3,3,2,1,1,1,0,0,0,0,0,0,1,0,0,1,1,0,0,1,0,0,1,0,1,0
1,0,1,35,15,4657,3,2,1,1,1,1,0,0,0,0,0,0,1,0,0,1,1,0,0,0,0,0,1,1,0,0
1,0,0,34,33,3749,1,3,1,1,0,1,0,0,0,0,0,0,1,1,0,1,1,0,0,1,0,0,1,0,0,1
1,0,0,34,12,6999,1,2,1,1,1,1,0,0,0,0,0,1,1,0,0,1,1,0,0,1,0,0,1,0,0,0
1,0,1,35,30,7582,2,3,1,1,0,1,0,0,0,0,0,0,1,0,0,1,1,1,0,1,0,0,1,0,1,0
1,0,1,34,36,9283,2,2,2,1,1,1,0,0,0,0,0,0,1,0,0,1,1,0,0,1,0,0,1,0,0,0
1,0,1,45,28,4006,3,3,1,1,0,1,0,0,0,0,0,0,1,0,0,1,0,0,0,1,0,0,1,1,0,0
1,0,1,36,28,18424,3,3,1,2,1,1,0,0,0,0,0,0,1,0,0,1,1,0,0,1,0,0,1,0,0,0
1,1,1,34,28,7582,4,3,1,1,0,1,0,0,0,0,0,0,1,0,0,1,1,0,0,1,0,0,1,0,0,0
1,0,1,38,14,759,4,3,2,1,0,1,0,0,0,0,0,0,1,0,0,1,1,1,0,0,0,0,1,0,0,0
1,0,1,25,15,975,3,3,1,1,0,1,0,0,0,0,0,0,1,0,0,1,1,0,0,1,0,0,1,0,1,0
1,0,1,32,36,7582,3,3,1,1,0,1,0,1,0,0,0,0,1,0,0,1,0,0,0,1,0,0,1,0,1,0
1,0,1,34,33,11560,3,2,1,1,0,1,0,0,1,0,0,0,1,0,0,1,1,1,0,0,0,0,1,0,0,0
1,0,1,40,24,7582,3,3,1,1,1,1,0,0,0,0,0,0,1,0,0,1,1,0,0,1,0,0,1,0,0,0
1,0,0,24,48,2859,2,4,2,2,0,1,0,0,0,0,0,0,1,0,0,1,0,1,0,0,0,0,1,0,1,0
1,0,0,22,22,2101,3,3,1,1,1,1,0,0,0,0,0,0,1,1,0,1,0,0,0,1,1,0,1,0,0,1
1,0,0,38,18,7582,3,3,2,1,0,1,0,1,0,0,0,0,1,0,0,1,1,0,0,1,0,0,1,0,0,0
1,0,1,36,48,1940,3,3,1,1,0,1,1,0,0,0,1,0,1,0,0,1,0,0,0,1,0,0,1,0,0,1
1,1,0,31,36,4844,3,4,1,1,1,1,0,0,0,0,0,0,0,0,0,1,1,0,0,0,0,0,1,0,0,0
0,0,0,34,36,18424,3,3,1,1,1,1,0,0,0,0,0,0,1,0,0,1,1,0,0,1,0,0,1,1,0,0
1,0,1,34,33,18424,3,2,1,1,0,1,0,0,1,0,0,0,1,0,0,1,1,0,0,1,0,0,1,1,0,0
1,1,0,37,12,6288,3,3,2,2,1,1,0,0,0,0,0,0,1,0,0,1,1,0,0,1,0,0,1,0,0,0
1,0,0,61,12,1255,3,4,2,1,0,1,0,0,0,0,0,0,1,0,0,1,1,0,0,1,0,0,1,0,0,0
1,1,0,32,39,4844,4,3,1,1,1,1,0,0,0,0,0,0,1,0,0,1,0,0,0,1,0,0,1,0,0,0
1,0,1,26,14,907,3,2,1,1,1,1,0,0,0,0,0,0,1,0,0,1,1,0,0,1,0,0,1,0,0,0
1,0,0,42,14,9283,3,3,1,1,1,1,0,0,0,0,0,0,1,0,0,1,1,1,0,0,0,0,1,0,1,0
1,0,1,35,39,8588,3,3,2,1,1,1,0,0,0,0,0,0,1,0,0,1,1,0,0,1,1,0,0,1,1,0
1,0,1,50,24,1559,4,3,1,1,1,1,0,0,0,0,0,0,1,0,0,1,0,0,0,1,0,0,1,0,1,0
1,0,0,34,48,11560,1,3,1,1,1,0,0,0,0,0,0,0,1,0,0,1,0,0,0,1,0,0,0,0,1,0
1,0,0,32,12,11560,2,3,1,1,0,1,0,0,0,0,0,0,0,1,0,1,1,0,0,1,0,0,1,0,0,0
1,0,0,35,48,3780,3,3,2,1,1,1,0,1,0,0,0,0,1,0,0,1,1,0,0,1,0,0,1,0,1,0
0,0,0,26,39,1388,3,2,1,1,0,1,0,0,0,0,0,0,1,1,0,1,1,0,0,1,0,0,1,0,0,0
1,0,0,34,14,11560,3,2,1,1,1,1,0,0,0,0,0,0,1,0,0,1,1,0,0,1,0,0,1,0,0,0
1,0,1,42,24,759,3,4,1,2,1,1,0,0,0,0,0,0,0,0,0,1,1,0,0,0,0,0,1,0,1,0
1,0,1,32,33,9283,2,2,1,1,0,1,0,0,0,0,0,0,1,0,0,0,0,0,0,1,0,0,1,0,0,0
1,0,1,30,36,9283,3,3,1,1,0,1,0,0,0,0,0,0,1,0,0,1,1,0,0,1,0,0,1,0,0,0
0,0,1,25,22,2859,3,4,1,1,0,1,0,0,0,0,0,0,1,0,0,1,1,0,0,1,0,0,1,0,0,0
0,0,1,42,22,9283,3,4,1,1,0,1,0,0,0,0,0,0,1,0,0,1,1,0,0,1,0,0,1,0,0,0
1,0,0,31,12,2302,3,4,1,1,1,1,0,0,0,0,0,0,1,1,0,1,0,0,0,1,0,0,1,0,0,0
1,0,0,22,24,2039,1,3,1,1,1,1,0,0,0,0,0,0,1,0,0,1,1,1,0,1,0,0,1,0,0,0
1,0,0,35,12,1795,3,4,2,1,1,1,0,0,1,0,0,0,1,0,0,1,1,0,0,1,0,0,1,0,1,0
1,0,1,35,4,9283,2,3,3,1,0,1,0,1,0,0,0,0,1,0,0,0,1,0,0,1,0,0,1,0,0,0
1,1,1,38,22,1136,4,3,1,1,0,1,0,0,0,0,0,0,1,0,0,1,1,1,0,0,0,0,1,0,0,0
1,0,1,43,24,4844,3,3,2,1,1,1,0,0,0,0,0,0,1,0,0,1,1,0,0,0,0,0,1,0,1,0
1,0,1,26,14,4210,3,3,1,1,1,1,0,0,0,0,0,0,1,0,0,1,0,0,0,1,0,0,1,0,0,0
1,0,1,38,12,2101,4,3,1,1,1,1,0,0,1,0,0,0,1,0,0,1,1,0,0,1,0,0,1,0,0,0
1,0,1,33,48,1361,4,3,1,1,1,1,0,0,0,0,0,1,1,0,0,1,1,0,0,0,0,0,1,0,0,0
1,0,0,20,39,1313,3,4,1,1,0,1,0,0,0,0,0,0,1,0,0,1,1,0,0,1,0,0,1,0,0,0
0,0,1,38,39,18424,2,3,1,1,1,1,0,0,0,0,0,0,1,0,0,1,1,0,0,1,0,0,1,0,0,0
1,0,1,40,33,7582,3,4,1,1,0,1,0,0,0,0,0,0,0,0,0,0,1,1,0,1,0,0,1,1,0,0
0,0,0,33,39,4844,4,2,1,1,1,1,0,0,0,0,0,0,0,1,0,1,1,0,0,1,0,0,1,1,0,0
1,0,1,24,33,11560,3,3,1,1,0,1,0,0,0,0,0,0,1,0,0,1,0,0,0,0,0,0,1,1,0,0
1,0,1,42,18,1950,3,3,2,1,1,1,0,0,0,0,0,0,1,0,0,1,1,1,0,1,0,0,1,0,0,0
0,0,1,38,12,1361,2,2,1,1,1,1,0,1,0,0,0,0,1,0,0,1,1,0,0,1,0,0,1,0,0,1
1,0,1,32,15,1361,2,3,1,1,1,1,0,0,0,0,0,0,1,0,0,1,1,0,0,1,0,0,1,1,1,0
1,0,0,38,21,2101,3,2,1,1,0,1,0,0,0,0,0,0,1,0,0,1,1,0,0,1,0,0,1,0,1,1
1,0,0,34,39,759,2,3,2,1,0,1,0,1,0,0,0,0,1,0,0,0,1,0,0,1,0,0,1,0,0,0
1,1,1,34,24,11560,3,2,1,1,1,1,0,0,0,0,0,1,0,0,0,1,1,0,0,1,0,0,1,0,1,0
0,0,0,34,24,3234,4,4,1,1,1,1,0,0,0,0,0,0,0,0,0,1,1,0,0,0,0,0,1,0,0,0
0,0,1,29,12,3749,3,3,1,1,0,1,0,0,0,0,0,1,1,0,0,1,1,0,0,1,0,0,1,0,0,0
1,0,0,34,24,926,1,2,1,1,1,1,0,1,0,0,0,0,1,0,1,0,1,0,0,1,0,0,1,0,0,0
1,0,1,65,48,3394,3,4,2,1,0,1,0,0,0,0,0,0,1,0,1,1,1,0,0,1,0,0,1,0,0,0
1,0,0,34,12,1274,3,1,1,1,1,1,0,0,0,0,0,0,1,0,0,1,0,0,0,0,0,0,1,0,0,0
1,0,1,33,12,7582,3,3,2,1,0,1,0,0,1,0,0,0,1,0,1,0,1,1,0,1,0,1,1,0,1,0
1,0,1,38,12,11560,4,3,1,1,0,1,0,0,0,0,0,0,1,0,0,1,1,0,0,0,0,0,0,0,0,0
1,0,1,38,36,9283,2,3,1,1,1,1,0,0,0,0,0,0,1,0,0,0,1,1,0,0,1,0,0,0,0,0
1,0,1,35,39,4844,3,2,1,1,0,1,0,0,1,0,0,0,1,0,0,1,1,0,1,1,0,1,0,1,0,0
1,0,1,42,18,2712,2,2,1,1,1,1,0,0,1,0,0,0,1,0,0,1,0,0,0,1,0,0,1,0,1,0
1,0,1,35,36,4844,4,3,1,1,1,1,0,0,0,0,0,1,1,0,0,1,1,0,0,1,0,0,1,0,0,0
1,0,1,33,33,2101,3,3,1,1,1,1,0,0,0,0,0,0,1,0,0,1,1,0,0,1,0,0,1,0,0,1
1,0,0,28,28,6288,3,3,2,1,0,1,0,0,0,0,0,0,1,0,0,1,1,0,0,1,0,0,1,0,1,0
1,0,0,39,24,18424,1,2,1,1,1,1,0,0,0,0,0,0,1,0,0,1,1,0,0,1,0,0,1,0,1,0
0,0,1,36,39,1361,2,1,1,1,0,1,0,0,0,0,0,0,1,0,0,0,1,0,0,1,0,0,1,0,0,0
1,1,1,28,21,759,1,1,2,1,0,1,0,0,1,0,0,0,1,0,0,1,1,0,1,1,0,0,0,1,0,0
1,0,1,35,18,7582,2,2,1,1,1,1,0,0,1,0,0,0,1,0,0,1,1,0,0,1,0,0,1,0,0,0
1,0,1,27,14,1657,2,2,1,1,0,1,0,0,0,0,0,0,1,0,0,1,1,0,0,1,0,0,1,1,0,0
1,0,1,36,22,2675,2,3,1,1,0,1,0,0,0,0,0,0,1,0,0,1,1,0,0,1,0,1,1,0,1,0
1,0,1,32,39,7582,2,3,1,1,0,1,0,0,0,0,0,0,1,0,0,1,1,0,0,1,0,0,1,1,1,0
0,0,1,34,22,1361,3,4,1,1,1,1,0,0,0,0,0,0,1,0,0,1,0,0,0,1,0,0,1,0,0,0
1,0,0,35,39,7582,4,3,1,1,1,1,0,0,0,0,0,0,1,0,0,1,1,0,0,1,0,0,1,0,0,0
1,1,1,35,39,1549,4,2,1,1,0,1,0,0,0,0,0,0,1,0,0,0,0,0,0,0,0,0,1,0,0,1
1,0,1,33,28,2288,1,4,2,1,1,1,0,1,0,0,0,0,1,0,0,1,1,1,0,0,0,0,1,0,0,0
1,0,1,34,22,4844,4,3,1,1,0,1,0,1,0,0,0,0,1,0,0,1,1,0,0,1,0,0,1,0,0,0
1,0,1,35,54,9283,3,3,1,1,1,1,0,0,0,0,0,0,1,0,0,1,0,1,0,0,0,0,1,0,0,1
1,0,1,34,12,3749,3,3,2,1,1,1,0,0,1,0,0,0,1,0,0,1,1,0,0,1,0,0,1,0,0,0
0,0,1,45,28,2101,3,3,1,1,0,1,0,0,0,0,0,0,1,0,0,0,0,0,0,1,0,0,1,0,0,0
0,0,0,32,27,11560,4,3,1,1,0,1,0,0,0,0,0,0,1,0,0,1,1,0,0,0,0,0,1,0,0,0
1,0,1,42,42,759,3,1,2,1,1,1,0,0,0,0,0,0,1,0,0,1,1,0,0,0,0,0,1,0,0,0
1,0,1,34,14,1471,3,3,1,1,1,1,0,0,0,0,0,0,0,0,0,1,1,0,0,1,0,0,1,0,0,0
1,0,0,42,24,2063,3,3,1,1,1,1,0,0,0,0,0,0,1,0,0,1,0,0,0,1,0,0,1,0,0,1
1,0,1,34,18,3931,4,4,1,2,0,1,0,0,0,0,0,0,1,0,0,1,0,0,0,1,0,0,1,0,1,0
1,0,0,37,36,2101,4,2,1,1,1,1,0,0,0,0,0,0,1,0,0,1,1,1,0,1,0,0,1,0,0,0
1,0,0,29,9,6288,3,3,1,1,0,1,1,0,0,0,0,0,1,0,0,1,0,1,0,1,1,0,0,0,1,0
1,1,0,28,21,2606,4,2,1,1,1,1,0,0,0,0,0,0,1,0,0,1,1,1,0,1,0,0,1,0,0,0
1,0,0,34,36,4844,3,4,1,1,1,1,0,0,0,0,0,0,1,0,0,1,1,0,0,1,1,0,1,0,0,1
1,1,1,29,12,7582,3,2,1,1,0,1,0,0,0,0,0,0,1,0,0,1,1,1,0,0,0,0,1,0,0,0
1,0,1,23,10,1275,3,2,1,1,1,1,0,0,0,0,0,0,1,0,0,1,1,0,0,0,0,0,1,0,0,0
1,0,1,56,42,4796,4,2,1,1,1,1,0,0,1,0,0,0,0,0,0,1,1,0,1,0,0,0,1,0,0,0
0,0,0,27,14,7582,4,3,1,1,1,1,0,0,0,0,0,0,1,0,0,1,0,0,0,0,0,0,1,0,0,0
1,0,1,34,24,9283,3,2,1,1,1,1,0,0,0,0,0,0,1,0,0,1,0,0,0,1,0,0,1,0,1,0
1,0,1,35,36,4844,4,2,1,1,1,1,0,0,0,0,0,0,1,0,0,1,1,1,0,0,0,0,1,0,0,0
1,0,1,32,15,759,3,3,1,1,0,1,0,0,0,0,0,0,1,0,0,1,0,0,0,1,0,0,0,1,0,0
1,0,0,34,12,1402,3,4,1,1,1,1,0,0,0,0,0,0,1,0,0,1,1,0,0,1,0,0,1,0,0,0
1,0,1,37,14,1240,4,3,1,1,0,1,0,0,0,0,0,0,1,0,0,1,1,0,0,1,0,0,1,0,0,0
0,0,0,35,18,759,4,2,1,1,1,1,0,0,0,0,0,0,1,0,0,1,1,0,0,1,0,0,1,0,0,0
1,0,1,38,14,2273,3,1,2,1,0,1,0,0,0,0,0,0,1,0,0,1,1,0,0,1,0,0,1,0,0,0
1,0,1,35,48,14896,2,4,1,1,1,1,0,0,0,0,0,0,0,0,0,1,0,0,0,1,0,0,1,0,0,0
1,0,0,34,48,1569,4,3,1,1,1,1,1,0,1,0,0,0,1,0,0,1,1,0,0,0,0,0,1,0,1,0
1,1,1,53,12,7865,4,3,1,1,1,1,0,0,0,0,0,0,1,0,0,1,1,0,0,1,0,0,1,0,0,0
1,0,1,34,39,1361,4,3,2,1,0,1,0,0,0,0,0,0,1,0,0,1,1,0,0,0,0,0,1,0,0,0
1,0,1,63,24,2957,3,3,1,1,1,1,0,1,0,0,0,0,1,0,0,1,1,1,0,1,0,0,1,0,1,0
1,0,0,34,36,759,3,3,1,1,1,1,0,0,0,0,0,0,1,0,0,1,0,0,0,1,0,0,1,0,1,0
1,0,1,35,18,2859,1,2,2,1,1,1,0,0,0,0,0,1,1,0,0,1,1,0,0,1,0,0,1,1,0,0
1,0,1,33,39,759,3,3,1,1,0,1,0,0,0,0,1,0,1,0,0,1,1,1,0,1,0,0,0,0,0,1
1,0,1,60,24,1361,3,2,2,1,0,1,0,0,0,0,0,0,1,0,0,0,1,0,0,1,0,0,1,0,0,0
1,0,1,35,21,6288,3,2,2,1,1,1,0,0,0,0,0,0,1,0,0,1,0,0,0,0,0,0,0,0,1,0
0,0,1,33,36,6614,3,3,1,1,1,1,0,1,1,0,0,0,1,0,0,1,1,0,0,1,0,0,1,0,0,0
1,0,1,43,36,4843,3,3,2,1,1,1,0,0,0,0,0,0,0,0,0,1,0,0,0,1,0,0,1,0,1,0
1,0,0,34,18,2718,3,2,1,1,1,1,0,0,0,0,0,0,1,0,0,0,1,1,0,1,0,0,1,0,0,0
1,0,1,37,36,11560,1,3,1,1,1,1,0,1,0,0,0,0,1,0,0,1,1,0,0,1,0,0,1,0,0,0
1,0,0,32,39,3749,3,2,1,1,1,1,0,0,0,0,0,0,1,0,0,1,1,0,0,1,0,0,1,0,0,0
0,0,1,36,12,1201,4,2,1,1,0,1,0,0,0,0,0,0,1,0,0,1,1,1,0,0,0,0,1,0,0,0
1,1,1,32,12,1361,2,4,2,2,0,1,0,0,0,0,0,0,1,0,0,1,0,0,0,0,1,0,1,0,0,0
0,0,1,38,12,3749,1,3,1,1,1,1,0,0,0,0,0,0,1,1,0,1,1,1,0,1,0,0,1,0,0,1
1,0,1,30,14,5866,2,3,1,1,1,1,0,0,0,0,0,0,1,0,0,1,0,0,0,0,0,0,0,1,0,0
1,0,1,27,14,3749,3,2,1,1,0,1,0,0,1,0,1,0,1,0,0,1,1,0,0,1,0,0,1,0,1,0
1,0,1,29,33,3749,1,3,1,1,1,1,0,0,0,0,0,1,1,0,0,1,0,0,0,1,0,0,1,0,1,0
1,0,1,39,6,426,3,3,1,1,0,1,0,0,0,0,0,0,1,0,0,1,0,0,0,1,0,0,1,0,0,0
0,0,0,26,22,759,3,3,2,1,1,1,0,0,1,0,0,0,1,1,0,0,1,1,0,1,0,0,1,0,0,0
1,0,0,36,18,3749,3,3,2,2,0,1,0,0,0,0,0,0,1,0,0,1,1,0,0,0,0,0,1,1,0,0
1,0,1,42,14,11560,2,3,1,1,0,1,0,0,0,0,0,0,1,0,0,1,1,1,0,0,0,1,1,0,0,0
1,0,1,33,36,18424,4,2,2,1,0,1,0,0,0,0,0,0,1,0,0,1,1,0,0,1,0,0,1,0,0,1
1,0,0,34,18,1620,2,3,1,1,0,1,0,0,0,0,0,0,1,0,0,1,1,1,0,1,0,0,1,0,0,0
1,0,1,38,18,1445,2,3,1,1,1,1,1,0,0,0,0,0,1,0,0,1,1,0,1,1,0,0,1,0,0,0
1,0,0,38,15,6288,4,1,1,1,1,1,0,0,0,0,0,0,1,0,0,1,1,0,0,1,0,0,1,0,0,0
1,0,1,34,12,759,3,3,1,1,1,1,0,0,0,0,0,0,0,1,0,1,1,0,0,0,0,0,1,0,0,0
1,0,1,34,48,951,4,3,2,1,0,1,0,0,0,0,0,0,1,0,0,1,1,1,0,0,1,0,0,0,0,1
1,0,1,42,24,759,2,3,2,1,1,1,0,0,0,0,0,0,1,0,0,1,1,0,0,1,0,0,1,0,0,0
1,0,1,33,28,11560,3,1,1,2,0,1,0,0,0,0,0,0,1,0,0,0,0,0,1,1,0,0,1,0,0,0
1,0,1,33,6,1346,3,4,1,2,1,1,0,0,0,0,0,0,1,0,0,1,0,0,0,0,0,0,1,1,1,0
1,0,1,42,15,802,4,2,1,1,0,1,0,0,0,0,0,0,1,0,0,1,1,1,0,1,0,0,1,0,0,0
1,0,1,38,39,11560,4,2,1,1,0,1,0,0,0,0,0,0,1,0,0,1,0,0,0,1,0,0,1,1,0,0
1,0,0,38,30,6187,3,3,2,1,1,1,0,1,1,0,0,0,1,0,0,1,1,0,0,1,0,0,1,0,0,0
1,0,1,36,39,11560,1,3,2,1,1,0,0,0,1,0,0,0,1,0,0,1,0,1,0,1,0,0,1,0,1,0
1,0,1,36,36,1337,3,3,2,1,1,1,0,0,0,0,0,0,1,0,0,1,0,0,1,0,0,0,1,0,0,0
1,0,1,32,27,2101,3,4,2,1,1,1,0,0,0,0,0,0,1,0,0,1,1,0,0,1,0,0,1,0,0,0
1,0,1,45,36,11560,2,3,1,2,1,1,0,0,1,0,0,0,1,0,0,0,1,0,0,1,0,0,0,0,1,0
1,0,1,59,28,5045,1,4,1,1,0,1,0,1,0,0,0,0,1,0,0,1,1,0,0,1,0,0,1,0,1,0
1,0,1,34,14,4844,2,1,1,1,0,1,0,0,0,0,0,0,1,0,0,0,1,0,0,1,0,0,1,0,0,0
1,1,1,36,36,4746,3,3,1,1,0,1,0,0,0,0,0,0,1,0,0,0,1,1,0,1,0,0,1,0,0,1
1,0,0,38,12,4844,3,1,1,1,1,1,0,0,0,0,0,0,1,0,0,1,1,1,0,1,0,0,1,0,0,0
1,0,1,38,48,759,3,3,1,1,0,1,0,0,0,0,0,0,1,0,0,0,1,0,0,1,0,0,1,1,0,0
0,0,1,37,22,8947,3,2,1,2,1,1,0,0,0,0,0,0,1,0,0,1,1,0,0,1,0,0,1,0,1,0
1,0,1,28,13,2101,3,1,1,1,0,1,0,0,0,0,0,0,1,0,0,1,0,0,0,1,0,0,1,0,0,0
1,0,1,65,48,11560,3,3,1,1,0,1,0,0,0,0,0,0,1,0,0,1,1,0,0,1,0,0,1,0,0,0
1,0,1,42,36,759,1,3,2,1,1,1,0,0,0,0,0,0,0,0,0,1,0,1,0,0,0,0,1,1,0,0
0,0,1,38,6,2101,3,1,1,1,0,0,0,0,1,0,0,0,1,0,0,1,1,0,0,0,0,0,1,0,0,1
1,1,0,21,12,1289,4,1,1,1,1,1,0,0,0,0,0,0,1,0,0,0,1,0,0,1,0,0,1,0,0,0
1,0,1,34,28,1381,3,2,1,1,1,1,0,0,0,0,0,0,1,0,0,1,1,0,0,1,0,0,1,1,0,0
1,0,1,35,39,9283,2,3,2,1,0,1,0,0,0,0,0,0,1,0,0,1,1,1,0,1,0,0,0,0,0,0
1,0,1,34,18,1872,4,2,1,1,1,1,0,1,0,0,0,0,1,0,0,1,1,0,0,1,0,0,1,0,0,0
0,0,0,28,21,6288,3,4,1,1,1,1,0,0,0,0,0,0,1,1,0,1,1,0,0,1,0,0,1,0,0,0
1,0,0,34,39,2101,3,3,1,1,1,1,0,0,0,0,0,0,1,0,0,1,1,0,0,0,0,0,1,0,0,0
1,0,1,45,28,2101,3,2,1,1,0,1,0,0,0,0,0,0,1,0,0,1,1,0,0,1,0,0,1,0,0,0
1,0,1,33,14,5150,4,3,1,1,0,1,0,0,0,0,0,0,1,0,0,1,1,0,0,0,0,0,1,0,1,0
1,0,1,38,22,2030,3,3,1,1,1,1,0,0,0,0,0,0,1,0,0,1,1,1,0,1,0,0,1,0,1,0
1,0,1,34,36,9283,1,2,1,2,1,0,0,0,1,0,0,0,1,0,0,0,1,1,0,1,0,0,1,1,0,0
1,0,1,34,12,1297,1,3,1,1,1,1,0,0,0,0,0,0,1,1,0,1,1,1,0,0,0,0,1,0,0,0
0,0,1,37,24,3749,3,2,1,1,1,1,0,0,0,0,0,0,1,0,0,1,1,0,0,1,0,0,1,0,0,0
0,0,0,58,22,9283,1,3,2,1,0,1,0,1,0,0,0,0,0,0,0,1,1,0,0,1,0,0,1,0,1,0
1,0,0,35,36,2859,3,3,1,1,0,1,0,0,0,0,0,0,1,0,0,1,0,0,0,1,0,0,0,0,0,1
1,0,1,34,22,6288,3,4,1,2,1,1,0,0,1,0,0,0,0,0,0,1,1,0,0,1,0,1,1,0,0,1
1,0,0,31,48,1521,3,3,1,1,1,1,0,0,0,0,0,0,1,0,0,0,0,1,0,0,0,0,1,1,0,0
1,0,1,32,12,9283,3,3,1,1,1,1,0,0,0,0,0,0,1,0,0,1,1,0,0,1,0,0,1,0,0,0
1,0,1,36,24,4042,3,3,2,1,1,1,0,1,0,0,0,0,1,0,0,1,1,0,0,1,0,1,0,1,0,0
1,0,1,27,21,2101,3,3,2,1,1,1,0,0,0,0,0,0,1,0,0,1,1,1,0,0,0,0,1,0,0,0
1,0,1,32,18,759,3,3,2,1,0,1,0,0,0,0,0,1,1,0,0,0,1,0,0,1,0,0,1,0,1,0
0,0,0,39,48,759,3,3,1,1,0,1,0,0,0,0,0,0,1,0,0,1,0,1,0,1,0,0,1,0,0,1
1,0,0,37,18,886,3,3,1,1,1,1,0,0,0,0,0,0,1,0,0,1,1,0,0,0,0,0,1,0,0,0
1,0,1,38,24,1216,1,4,1,2,0,1,0,0,1,0,0,0,1,0,0,1,1,1,0,1,0,0,1,0,0,0
1,1,0,38,24,1355,2,3,1,1,1,1,0,0,0,0,0,0,1,0,0,1,0,0,0,0,0,0,1,0,0,0
1,0,1,26,48,9283,3,2,2,1,1,1,0,0,0,0,0,0,1,0,0,1,0,0,0,0,0,0,1,0,0,0
1,0,1,47,12,9283,3,3,1,2,1,1,0,1,0,0,0,0,1,0,0,0,1,0,0,1,0,0,1,0,0,0
1,0,1,38,48,1361,3,3,2,1,1,1,0,1,0,0,0,0,1,0,0,1,1,1,0,0,0,0,1,1,0,0
0,0,1,37,39,5954,3,3,2,1,0,1,0,0,0,0,0,0,1,0,0,1,1,0,0,1,0,0,1,0,0,0
1,0,1,33,36,4844,4,3,1,1,1,1,0,1,1,0,0,0,1,0,0,1,1,1,0,1,0,0,1,0,0,0
1,0,0,38,14,2751,3,3,2,1,1,1,0,0,0,0,0,0,1,0,0,1,1,1,0,1,0,0,1,1,1,0
1,0,0,34,14,18424,4,1,1,1,0,1,0,0,0,0,0,0,1,0,0,1,0,1,0,1,0,0,1,0,0,0
1,0,1,32,48,2315,3,4,1,1,0,1,0,0,0,0,0,0,1,0,0,1,1,1,0,1,0,0,1,0,1,0
1,0,1,63,60,9283,2,3,1,1,1,1,0,0,0,0,0,0,1,0,0,1,1,0,0,1,0,0,1,0,0,0
1,0,1,32,24,759,4,3,2,1,1,1,0,0,0,0,0,0,1,0,0,1,1,0,0,1,0,0,1,1,0,0
1,0,0,38,6,454,3,3,1,1,0,1,0,0,0,0,0,0,1,0,0,1,1,0,0,1,0,0,1,0,0,1
1,0,1,37,36,14896,2,3,2,1,0,1,0,0,0,0,0,0,1,0,0,1,1,0,0,1,0,0,1,0,0,0
1,0,1,38,30,6288,2,4,2,2,1,1,0,1,0,0,0,0,0,0,0,1,1,0,0,1,0,0,1,1,0,0
1,0,1,33,39,18424,1,4,1,1,0,1,0,0,0,0,0,0,1,0,0,0,1,0,0,0,0,0,1,0,0,0
1,0,1,31,24,3378,2,3,1,1,1,1,0,0,0,0,0,0,1,0,0,1,1,0,0,1,0,0,1,0,1,0
1,0,1,24,24,4844,3,4,1,1,1,1,0,0,0,0,0,0,1,0,0,1,1,0,0,1,0,0,1,0,1,0
0,0,0,29,33,14896,3,3,1,1,0,1,0,0,1,0,0,0,1,0,0,1,0,0,0,1,0,0,1,1,0,0
1,0,0,38,21,18424,2,2,2,1,0,1,0,0,0,0,0,0,1,0,0,1,0,0,0,1,0,0,1,0,1,0
1,0,1,34,18,1361,3,3,1,1,1,1,0,0,1,0,0,0,1,0,0,1,1,0,0,1,0,0,1,1,0,0
0,0,0,47,12,4844,3,2,3,1,1,1,0,0,0,0,0,0,1,0,0,1,1,0,0,1,0,0,1,0,1,0
1,0,1,38,36,2859,4,4,1,1,1,1,0,0,0,0,0,0,1,0,0,1,0,0,0,1,0,0,1,0,1,0
1,0,1,35,24,7582,3,3,1,1,1,1,0,0,0,0,0,0,0,0,0,1,1,1,0,1,0,0,1,0,1,0
1,0,1,32,39,759,3,2,1,1,0,1,0,0,1,0,0,0,1,0,0,0,1,1,0,0,0,0,1,0,0,0
0,0,1,54,22,6288,1,3,1,1,1,1,0,0,0,0,0,0,1,0,0,1,1,1,0,1,0,1,1,0,1,0
1,0,0,24,12,6288,3,3,2,1,0,1,0,0,0,0,0,0,1,0,0,1,1,0,0,1,0,0,1,1,0,0
1,0,1,34,33,3590,3,3,1,2,1,1,0,0,0,0,0,0,1,0,1,0,1,0,0,1,0,0,1,1,0,0
1,0,1,42,33,4844,3,2,1,1,1,1,0,0,0,0,0,0,1,0,0,0,1,0,0,1,0,0,1,0,1,0
1,0,1,34,48,6288,4,3,1,1,1,1,0,1,0,0,0,0,0,0,0,1,1,0,0,0,0,0,1,0,1,0
1,0,1,33,12,4844,4,3,1,1,0,1,0,0,0,0,0,0,1,0,0,0,1,0,0,1,0,0,1,0,0,0
1,0,0,34,36,4844,3,1,1,1,0,1,0,0,0,0,0,0,1,0,0,1,1,1,0,1,0,0,1,0,0,0
1,0,1,32,36,4844,4,2,1,1,0,1,0,0,1,0,0,0,1,0,0,1,0,0,0,1,0,0,1,0,0,1
0,0,1,29,22,759,1,2,1,1,1,1,0,0,0,0,0,0,1,0,0,1,1,0,0,1,0,0,1,0,0,0
1,0,0,33,36,6288,3,3,1,1,1,1,0,0,1,0,0,0,1,0,0,1,1,0,0,1,0,0,1,0,1,0
1,0,1,34,39,9283,4,3,1,1,0,1,0,0,0,0,0,0,0,0,0,1,1,0,0,0,0,0,1,0,0,0
1,0,1,30,39,7582,3,3,1,1,1,1,0,0,0,0,0,0,1,0,0,1,0,0,0,1,0,0,1,0,0,0
1,0,0,37,36,2348,2,2,2,1,1,1,0,1,0,0,0,0,1,0,0,1,1,0,0,1,0,0,1,0,0,0
1,0,1,34,18,9283,3,2,2,1,0,1,0,1,0,0,0,0,1,0,0,1,1,0,0,1,0,0,1,0,0,0
1,0,1,30,18,11560,3,3,1,1,1,1,0,0,0,0,0,0,1,0,0,1,1,0,0,1,0,0,1,1,0,0
1,0,0,34,18,2101,1,3,1,1,0,1,0,0,0,0,0,0,1,0,0,0,1,0,0,1,0,0,1,0,0,1
0,1,1,40,36,2859,3,4,2,1,1,0,0,0,0,0,0,0,1,0,0,1,1,0,0,1,0,0,1,0,0,0
0,0,0,36,14,9283,4,2,4,1,0,1,0,0,0,0,0,0,1,1,0,1,1,0,0,0,1,0,0,0,1,0
1,0,0,41,22,759,3,4,1,2,1,1,0,0,0,0,0,0,1,0,0,1,1,0,0,1,0,0,1,0,0,1
1,0,1,28,36,1361,1,3,1,1,1,1,0,0,0,0,0,0,1,0,0,0,0,0,0,1,0,0,1,0,0,0
1,0,1,38,36,9283,1,3,1,1,1,1,0,0,0,0,0,0,0,0,0,1,0,0,0,1,0,0,1,0,1,0
0,1,1,35,9,2507,2,3,1,1,0,1,0,0,0,0,0,0,1,0,0,1,1,0,0,1,0,0,1,0,1,0
1,1,1,34,36,1347,4,2,2,1,1,1,0,1,0,0,0,0,1,0,0,1,0,0,0,1,0,0,1,0,1,0
0,0,1,35,22,1200,3,3,1,1,0,1,0,0,1,0,0,0,0,1,0,1,1,0,0,1,0,0,1,1,1,0
1,0,0,38,24,9283,3,3,1,1,0,1,0,0,1,0,0,0,1,1,0,1,1,1,0,1,0,1,0,0,0,0
1,0,1,53,48,4870,3,3,2,1,0,1,0,0,0,0,0,0,1,0,0,1,0,0,0,1,0,0,1,1,0,0
0,1,0,25,24,3972,2,3,2,1,1,1,0,0,0,0,0,0,1,0,0,1,1,0,0,1,0,0,1,0,1,0
1,0,1,35,36,759,3,3,2,1,0,1,0,0,0,0,0,0,1,0,0,1,0,0,0,1,0,0,1,0,0,0
1,0,1,27,40,5998,2,2,1,1,1,1,0,0,1,0,0,0,1,0,0,1,0,0,0,1,0,0,1,1,0,0
1,0,1,34,18,700,4,3,1,1,0,1,0,1,0,0,0,0,1,0,0,1,1,0,0,1,0,0,1,0,0,0
0,0,1,26,18,7582,3,2,2,1,0,1,0,0,0,0,0,0,1,0,0,1,1,1,0,1,0,0,1,0,0,0
1,0,0,42,18,4153,2,2,1,1,0,1,0,0,0,0,0,0,1,0,0,1,0,0,0,1,0,0,1,1,0,0
1,0,1,24,39,5848,3,1,1,1,1,1,0,0,0,0,0,0,1,0,0,1,0,1,1,1,0,0,1,1,0,0
0,0,0,42,36,7582,3,4,1,1,0,1,0,0,0,0,0,0,1,1,0,1,1,0,0,1,0,0,0,0,0,0
1,0,1,22,6,2859,3,2,1,1,0,1,0,0,1,0,0,0,1,0,0,1,1,0,0,1,0,0,1,0,0,0
0,0,0,36,48,14896,2,3,2,1,1,1,0,0,0,0,0,0,1,0,0,1,1,1,0,0,0,0,1,0,0,0
1,0,1,37,39,11560,4,3,2,1,0,1,0,1,0,0,0,0,1,0,0,1,1,0,0,1,0,0,1,0,1,0
1,0,1,36,22,3749,3,2,2,1,0,1,0,0,0,0,0,0,1,0,0,1,1,0,0,1,0,0,1,0,0,0
1,0,1,34,12,14896,1,3,1,1,1,1,0,1,0,0,0,0,1,0,0,1,1,0,0,0,0,0,1,0,0,0
0,0,0,24,48,8487,1,3,1,1,1,1,0,0,0,0,0,0,1,0,0,1,0,0,0,1,0,0,1,0,0,0
1,0,1,42,39,6288,4,3,1,1,0,1,0,1,0,0,1,0,1,1,0,1,1,0,0,1,0,0,1,0,1,0
1,0,1,35,30,5954,3,3,2,1,0,1,0,1,0,0,1,0,1,0,0,1,1,0,0,1,0,0,1,0,0,0
1,0,1,38,48,6288,3,3,2,1,0,1,0,1,0,0,0,0,1,0,0,1,1,0,0,1,0,0,1,0,0,0
0,0,1,24,18,14896,3,4,2,1,1,1,0,0,0,0,0,0,0,0,0,1,1,0,0,1,0,0,1,0,0,0
0,0,1,34,39,9283,4,2,1,1,0,1,0,0,1,0,0,0,1,0,0,1,0,0,0,1,0,0,1,0,1,0
1,0,1,24,39,18424,3,3,2,1,0,1,0,0,0,0,0,0,1,0,0,1,1,0,1,1,0,0,1,0,0,0
1,0,1,37,24,18424,3,4,1,1,1,1,0,0,0,0,0,0,1,0,0,0,0,0,0,1,1,0,1,0,0,0
1,0,1,28,18,2859,3,3,1,1,1,1,0,0,0,0,0,0,1,0,0,1,1,0,0,1,0,0,1,0,0,0
1,0,1,36,48,14896,3,4,2,2,0,1,0,0,0,0,0,0,1,0,0,1,1,0,0,1,0,0,1,0,0,0
1,0,1,33,48,4844,3,3,1,1,0,1,1,0,1,0,0,0,1,0,0,1,0,0,0,1,0,0,1,0,0,0
0,0,1,34,48,4454,4,3,2,1,1,1,0,0,0,0,0,0,1,0,0,1,1,0,0,1,0,0,1,1,0,0
1,0,1,41,48,3749,3,3,1,1,1,1,0,0,0,0,0,0,1,0,0,1,1,0,0,1,0,0,1,0,1,0
1,0,0,34,24,14896,3,3,2,1,0,1,0,0,0,0,0,0,0,1,0,1,1,0,0,0,0,0,1,0,0,0
0,0,1,36,18,11560,2,3,1,1,1,1,0,1,0,0,0,0,0,0,0,1,1,0,0,1,0,0,1,0,1,0
1,0,1,35,14,2603,2,2,1,1,1,1,0,0,0,0,0,0,0,1,0,1,1,0,0,1,0,1,1,1,0,0
1,1,1,42,28,18424,3,4,2,2,1,1,0,0,0,0,0,1,1,0,0,1,1,0,0,1,0,0,1,0,0,1
1,0,1,34,36,3496,2,2,1,1,1,1,0,0,0,0,0,0,1,0,0,1,1,0,0,0,0,0,1,1,0,0
0,0,1,33,28,14896,3,3,3,1,0,1,0,0,1,0,0,0,0,0,0,1,1,0,0,1,0,0,1,0,0,0
1,0,1,35,39,9283,3,3,1,1,0,0,0,0,0,0,0,0,1,0,0,1,1,0,0,1,0,0,1,0,0,0
1,0,1,34,39,1934,2,2,1,1,1,1,0,0,0,0,0,0,1,0,0,1,1,0,0,1,0,0,1,0,0,0
1,0,1,38,39,2353,1,3,1,1,0,1,0,0,0,0,0,0,1,0,0,1,1,1,0,0,0,0,1,0,0,0
1,0,1,34,28,3749,4,3,1,1,0,1,0,0,0,0,0,0,1,0,0,1,1,1,0,1,1,0,1,0,0,0
1,1,1,21,30,3441,2,4,2,1,0,1,0,0,0,0,0,0,0,1,0,1,0,1,0,0,1,0,1,0,0,0
1,0,0,28,12,1323,2,3,2,1,1,1,0,0,0,0,0,0,1,0,0,1,1,0,0,1,1,0,1,0,1,0
1,0,1,34,24,3749,3,2,1,1,1,1,0,0,0,0,0,0,1,0,0,1,1,0,0,1,0,0,1,0,1,0
1,0,1,38,28,1164,3,4,2,1,1,1,0,0,1,0,0,0,0,0,0,1,1,0,0,1,0,0,1,0,0,0
1,0,1,38,6,2647,3,3,2,1,0,1,0,0,0,0,0,0,0,1,0,1,1,0,0,1,0,0,1,0,0,0
1,0,0,32,30,9283,3,1,1,1,0,1,0,0,0,0,0,0,1,0,0,1,0,1,0,1,0,0,1,0,0,0
1,0,1,34,36,15672,3,2,1,1,0,1,0,0,0,0,0,0,1,0,0,1,1,1,0,1,0,0,1,0,0,0
1,0,1,34,48,11560,3,4,2,1,0,1,0,0,0,0,0,0,1,0,0,1,1,0,0,1,0,0,1,0,0,0
1,0,1,36,48,759,2,3,1,1,0,1,0,0,0,0,0,0,1,0,0,1,1,1,0,1,0,0,1,0,0,0
0,0,0,34,14,759,3,1,1,1,1,1,0,0,0,0,0,1,1,0,0,1,0,0,0,1,0,0,1,0,1,0
1,0,1,38,36,18424,3,2,1,2,1,1,1,0,0,0,0,0,1,0,0,1,0,0,0,1,1,0,1,1,0,0
0,0,0,28,24,3660,3,3,1,1,1,1,0,0,0,0,0,0,1,0,0,1,1,0,0,1,0,0,1,0,0,0
1,0,0,34,24,759,3,3,1,1,1,1,0,0,0,0,0,0,0,1,0,1,1,0,0,0,0,0,1,0,0,0
1,0,1,38,39,3749,3,3,2,1,0,0,0,0,0,0,0,0,1,0,0,1,1,1,0,1,0,0,1,0,0,0
0,0,0,41,9,759,3,4,2,1,0,1,0,0,0,0,0,0,1,0,0,1,1,0,0,1,0,0,1,0,0,0
1,0,1,27,18,8648,3,2,2,1,1,1,0,0,0,0,0,0,1,0,0,1,0,0,0,1,0,0,1,0,0,0
1,0,0,41,22,3749,3,3,2,1,0,1,0,0,0,0,0,0,1,0,0,1,1,1,0,1,0,0,1,0,1,0
1,0,1,50,22,5293,2,4,1,1,0,1,0,0,0,0,0,0,1,0,1,1,0,0,0,1,0,0,1,0,0,0
1,0,0,27,18,1995,1,3,1,1,1,1,0,0,0,0,0,0,1,0,0,1,0,0,0,1,0,0,1,0,0,0
1,0,1,38,12,1657,3,2,1,1,1,1,0,0,0,0,0,0,1,0,0,1,1,0,0,1,0,0,1,1,0,0
1,0,1,26,39,14896,3,3,1,1,1,1,0,0,0,0,0,0,1,0,0,1,1,1,0,0,0,0,0,0,0,0
1,0,0,36,14,2359,3,1,1,1,0,1,0,0,0,0,0,0,1,0,1,1,1,0,0,1,0,0,1,1,0,0
1,0,1,32,10,1361,3,3,1,1,1,1,0,0,0,0,0,0,1,0,0,1,1,0,0,1,0,0,1,0,0,0
1,0,0,44,36,759,3,4,1,1,1,1,0,0,0,0,0,0,1,0,0,1,0,0,0,1,0,0,1,0,0,0
1,0,0,38,36,2384,3,3,1,1,0,1,0,0,0,0,0,0,1,1,0,1,0,1,0,1,0,0,1,0,0,0
0,0,0,42,48,11560,1,2,1,1,0,1,0,0,1,0,0,0,0,0,0,1,0,1,0,0,0,0,1,0,1,0
1,0,0,34,12,2859,2,3,2,1,0,1,0,0,0,0,0,0,1,0,0,1,1,0,0,1,0,0,1,0,1,0
1,1,1,50,6,18424,2,3,2,1,1,1,0,0,0,0,0,0,1,0,0,1,1,0,0,1,0,0,1,0,0,0
1,0,1,34,24,759,2,3,1,1,0,1,0,0,0,0,0,0,1,0,0,1,0,0,0,1,0,0,1,0,0,0
1,0,0,41,36,7582,3,2,1,1,0,1,0,0,0,0,0,0,1,1,0,1,1,0,0,1,0,0,1,0,0,0
1,0,0,33,12,6288,1,3,1,1,1,1,0,0,0,0,0,0,1,1,0,1,0,1,0,1,0,0,1,0,0,0
1,1,1,38,36,759,2,3,1,1,1,1,0,0,0,0,0,0,1,0,0,1,1,1,0,1,0,0,1,0,0,0
1,1,0,38,39,1361,3,1,2,1,0,1,0,1,0,0,0,0,1,0,0,1,1,1,0,0,0,0,1,0,1,1
0,0,0,42,39,2101,1,2,1,1,0,1,0,0,1,0,0,0,1,0,0,1,1,0,0,1,0,0,1,0,0,0
1,0,1,33,39,1361,1,3,1,1,0,1,0,0,0,0,0,0,1,0,0,1,1,0,0,1,0,0,1,0,0,1
1,0,1,38,48,3749,3,3,1,1,1,1,0,0,0,0,0,0,1,0,0,1,0,0,0,1,0,0,1,0,0,0
1,0,0,36,12,4844,4,3,2,1,0,1,0,0,1,0,0,0,1,0,0,1,1,0,0,0,0,0,1,1,0,1
1,0,1,30,24,2101,2,3,1,1,1,1,0,0,0,0,0,0,1,0,0,1,1,0,0,1,0,0,1,0,0,0
1,0,1,32,39,2662,3,3,2,1,0,1,0,0,0,0,0,0,1,0,0,1,1,0,0,1,0,0,1,0,0,0
1,0,1,40,39,3749,4,4,1,1,0,1,0,0,0,0,0,0,1,1,0,1,0,0,0,0,0,0,1,1,0,0
1,0,1,40,12,1585,3,3,2,1,0,1,0,1,0,0,0,0,1,0,0,1,1,0,0,0,0,0,1,0,0,0
1,0,0,31,18,1361,3,2,2,1,1,1,0,0,0,0,0,0,1,0,0,1,1,0,0,1,0,0,1,0,0,0
1,0,0,32,48,806,1,3,2,1,0,1,0,0,0,0,0,0,1,0,0,1,1,0,0,1,0,0,1,0,0,0
1,0,1,36,39,3062,2,3,1,1,1,1,0,0,0,0,0,0,1,1,0,1,1,0,0,1,0,1,1,0,1,0
1,0,0,32,33,7582,3,3,1,1,1,1,0,1,0,0,0,0,1,0,0,1,1,0,0,1,0,0,1,1,0,0
1,0,1,34,28,1987,2,4,2,1,0,1,0,0,0,0,0,0,0,0,0,1,0,0,0,1,0,0,1,1,0,0
1,0,1,38,12,14896,3,3,1,1,1,1,0,0,0,0,0,0,1,0,0,1,1,0,0,1,0,0,1,0,1,0
1,0,1,35,48,1361,3,2,1,2,1,1,0,0,1,0,0,0,1,0,1,1,0,1,0,0,0,0,1,0,0,0
0,0,1,35,22,1402,3,4,1,1,1,1,0,1,0,0,0,0,1,0,0,1,1,0,0,1,0,1,1,0,0,0
1,0,0,35,33,9283,2,3,1,1,1,1,0,0,0,0,0,0,1,0,0,0,1,1,0,1,0,0,1,1,0,0
1,0,1,23,18,392,3,4,1,1,0,1,0,0,0,0,0,0,1,0,0,1,1,0,0,1,0,0,1,0,0,0
1,0,1,22,36,2039,1,1,1,1,1,1,0,0,0,0,0,0,1,0,0,1,1,1,0,1,0,0,1,0,0,0
1,0,1,42,12,11560,2,4,1,1,0,1,0,0,0,0,0,0,1,0,0,1,1,0,0,1,0,0,1,0,1,0
0,0,0,35,24,11560,3,3,2,1,1,1,0,0,1,0,0,0,1,1,0,1,0,0,0,1,0,0,1,0,1,0
1,1,0,54,24,1597,3,4,1,2,1,1,0,0,1,0,0,0,0,0,0,1,1,0,0,0,0,0,1,0,0,0
1,0,0,33,22,1845,3,2,2,1,1,1,0,0,0,0,0,1,1,1,0,1,1,0,0,1,0,0,1,0,0,0
1,0,0,32,10,2848,1,2,1,1,1,1,0,0,0,0,0,0,1,0,0,1,1,0,0,1,1,0,1,0,0,0
1,0,0,36,39,6288,2,3,1,1,1,1,0,0,0,0,0,0,1,0,0,1,1,0,0,1,0,1,0,0,1,0
1,0,1,54,39,18424,3,3,2,1,1,1,0,0,0,0,0,0,1,0,0,1,1,0,0,1,0,0,1,0,1,0
1,0,0,33,14,14896,3,4,1,1,0,1,0,0,0,0,0,0,1,0,0,1,1,0,0,1,0,0,1,0,0,0
1,0,1,35,39,3749,3,2,2,1,0,1,0,0,0,0,0,0,1,0,0,1,0,0,0,1,0,0,1,0,1,0
1,0,1,42,12,1574,4,2,1,1,0,1,0,0,0,0,0,0,1,0,0,1,1,0,0,1,0,0,1,0,0,0
1,0,1,34,12,1372,2,3,1,1,0,1,0,0,0,0,0,0,1,0,0,1,1,0,0,1,0,0,1,0,1,0
1,0,1,38,14,3749,4,3,1,1,1,1,0,1,0,0,0,0,1,0,0,1,1,0,0,0,0,0,1,0,0,0
1,0,1,37,12,11560,3,3,2,1,0,1,0,0,0,0,0,0,1,0,0,0,1,0,0,1,0,0,1,0,0,1
1,1,0,35,39,4844,2,2,1,1,0,1,0,0,0,0,0,0,1,0,0,1,0,1,0,1,0,1,0,0,0,0
1,0,1,38,12,2579,3,3,1,1,1,1,0,0,0,0,0,0,1,0,0,0,0,0,0,0,0,0,1,1,0,1
1,0,1,38,28,18424,1,2,1,1,1,1,0,0,0,0,0,0,1,0,0,1,1,0,0,0,0,0,1,0,1,1
1,0,1,35,24,11560,3,2,1,1,1,1,0,1,0,0,0,0,1,0,0,1,1,0,1,1,0,0,1,0,0,0
1,0,1,28,36,6260,3,3,1,1,1,1,0,0,0,0,0,0,0,0,0,0,1,0,0,1,0,0,1,0,0,0
1,0,0,35,39,2788,3,3,2,1,1,1,0,0,0,0,1,0,1,0,0,1,1,0,0,1,0,0,1,0,0,0
1,0,0,36,18,2859,3,3,1,1,1,1,0,0,0,0,0,0,1,0,0,1,1,0,0,1,0,0,1,1,0,0
1,0,1,38,6,7582,1,3,1,1,0,1,0,0,0,0,0,0,1,0,0,1,1,0,0,1,0,0,1,0,1,0
1,0,0,32,18,2101,4,3,1,1,0,1,0,1,0,0,0,0,1,1,0,1,1,0,0,1,0,0,1,1,0,0
1,0,1,42,39,4844,3,2,1,1,1,1,0,0,0,0,0,0,1,0,0,1,1,0,0,1,0,0,1,1,1,0
1,0,0,34,39,14896,3,2,1,1,1,1,0,0,0,0,0,0,1,0,1,1,0,0,0,0,0,0,1,1,0,0
1,0,1,25,10,9283,3,3,1,1,0,1,0,0,1,0,0,0,0,0,0,1,0,0,0,1,0,0,1,0,1,0
1,0,1,35,36,4439,3,3,2,1,0,1,0,0,0,0,0,0,1,0,0,1,1,0,0,1,0,0,1,0,1,0
1,0,0,32,48,2101,4,3,2,1,0,1,0,1,0,0,0,0,1,0,0,1,1,0,0,1,0,0,1,1,1,0
1,0,1,36,10,1347,4,2,2,1,1,1,0,0,0,0,0,0,1,0,0,1,0,0,0,1,0,0,1,0,0,0
1,0,1,50,18,5293,2,3,2,1,1,1,0,0,0,0,0,0,1,0,0,1,0,0,0,1,0,0,1,0,0,0
1,0,1,38,22,11560,2,3,1,1,1,1,0,0,0,0,0,0,1,0,0,1,1,0,0,1,0,0,1,0,0,0
1,0,1,34,39,759,3,3,2,1,1,1,0,1,1,0,0,0,1,0,0,1,1,0,0,1,0,0,1,0,0,1
1,0,0,39,39,2859,3,4,2,1,0,1,0,1,0,0,0,0,1,0,0,1,1,0,0,1,0,0,1,1,0,0
0,0,1,37,18,14896,2,2,1,2,1,0,0,0,0,0,0,0,1,0,0,1,1,0,0,1,0,0,1,1,0,0
1,0,1,68,6,14896,3,3,1,1,0,1,0,0,0,0,0,0,1,0,0,1,1,0,0,1,0,0,1,0,0,0
1,0,1,38,12,1361,4,3,2,1,1,1,0,0,0,0,0,0,1,0,0,1,0,1,0,1,0,0,1,0,0,0
1,0,1,32,36,18424,1,2,1,1,1,1,0,0,1,0,0,0,1,0,0,1,0,0,0,1,0,0,1,0,0,0
1,0,1,34,9,6288,1,3,2,1,1,1,0,0,1,0,0,0,1,0,0,1,1,0,0,1,0,0,1,0,0,0
1,0,0,34,36,4844,2,3,1,1,0,1,0,0,0,0,0,0,1,0,1,1,1,1,0,1,0,0,1,0,0,0
1,0,0,34,24,11560,3,3,2,1,1,1,0,0,0,0,0,0,1,0,1,1,1,0,0,1,0,0,1,1,0,0
1,0,0,38,39,3749,3,2,2,1,0,1,0,0,0,0,0,0,1,0,0,1,1,0,0,1,0,0,1,0,1,0
1,0,1,30,28,1224,3,3,1,1,0,1,0,1,0,0,0,0,1,0,0,1,1,0,0,1,0,0,1,0,0,0
1,0,0,34,48,3749,2,3,1,1,0,1,0,0,0,0,1,0,1,0,0,1,0,0,0,1,0,0,1,1,0,0
1,0,1,34,28,6288,3,3,1,1,1,1,0,0,0,0,1,0,0,0,0,1,1,1,0,1,0,0,1,0,0,0
1,0,1,34,9,2697,3,3,1,2,0,1,0,0,0,0,0,0,1,0,0,1,1,0,0,1,0,0,1,1,0,0
0,0,0,38,28,1361,3,4,1,1,1,1,0,0,0,0,0,0,1,0,0,1,1,1,0,0,0,0,1,0,0,0
0,0,1,37,6,2859,2,3,2,1,0,1,0,0,0,0,0,0,1,0,0,1,1,0,0,1,0,0,0,1,0,0
1,0,0,28,24,14896,1,2,1,1,1,1,0,0,0,0,0,0,1,0,0,1,1,0,0,1,0,0,1,1,0,0
1,0,0,34,39,3749,2,3,1,1,0,1,0,0,1,0,0,0,1,0,0,1,1,0,0,1,0,0,1,0,0,0
1,0,0,35,24,1442,3,3,1,1,0,1,0,0,0,0,0,0,1,0,0,1,0,0,0,0,0,0,1,0,0,0
1,0,0,42,28,2116,2,3,2,1,0,1,0,0,0,0,0,0,1,0,0,1,1,1,0,0,0,0,1,1,0,0
1,0,0,37,24,14896,3,3,1,1,1,1,0,0,0,0,0,0,1,0,0,1,1,0,0,1,0,0,1,0,0,0
1,0,1,38,24,947,4,3,1,1,0,1,0,0,0,0,0,0,1,0,0,1,1,0,0,1,0,0,1,0,0,0
1,0,1,37,36,2579,2,3,2,1,0,1,0,0,0,0,0,0,1,0,0,1,1,0,0,1,0,0,1,0,0,0
0,0,0,35,18,4844,4,4,2,1,0,1,0,0,0,0,0,0,0,1,0,1,1,0,0,1,0,0,1,0,1,0
1,0,1,33,39,11328,2,2,1,1,1,1,0,0,1,0,0,0,1,0,0,1,1,1,0,1,0,0,1,0,0,0
1,0,1,60,28,1199,4,4,2,1,1,1,0,0,0,0,0,0,1,0,0,1,1,1,0,1,0,0,1,0,0,0
1,1,1,37,12,1168,3,3,1,1,0,1,0,0,0,0,0,0,1,0,0,1,1,0,0,1,0,0,1,1,0,0
1,0,1,34,39,1361,3,3,2,1,0,1,0,0,0,0,0,0,1,0,0,0,1,0,0,1,0,0,1,1,0,0
1,1,1,34,22,759,2,1,1,1,0,1,0,0,0,0,0,0,1,0,0,0,0,0,0,0,0,0,1,0,0,1
1,0,1,42,39,1455,3,3,1,1,0,1,0,0,0,0,0,0,1,0,0,1,1,0,0,1,0,0,1,0,1,0
1,0,1,42,39,1361,2,3,2,1,0,1,0,1,0,0,0,0,0,0,0,1,1,0,0,1,0,0,1,0,0,0
1,0,1,32,24,2101,4,2,1,1,0,1,1,0,0,0,0,0,1,0,0,1,1,0,0,1,0,0,1,0,1,0
1,0,1,34,6,7582,4,2,1,1,0,1,0,0,0,0,0,0,1,0,0,1,1,1,0,1,0,0,1,0,1,0
1,0,0,32,36,14896,2,3,1,1,0,0,0,0,0,0,0,0,1,0,0,1,1,0,0,1,0,0,1,1,0,0
1,0,1,36,6,2101,3,2,1,1,0,1,0,0,0,0,0,0,1,0,0,1,1,0,1,1,0,0,1,0,0,0
0,0,1,38,36,18424,2,2,1,1,1,1,0,0,0,0,0,0,1,0,0,1,1,1,0,1,0,0,1,0,0,0
1,1,1,34,36,1591,4,3,1,1,1,0,0,0,0,0,0,0,1,0,0,1,1,0,0,0,1,0,0,0,1,0
1,0,1,35,24,3863,3,2,1,1,1,0,0,0,1,0,0,0,1,0,0,1,1,0,0,1,0,0,1,0,0,0
1,0,1,35,36,11760,2,3,1,1,1,0,0,0,0,0,0,0,0,0,0,1,1,0,0,1,0,0,1,0,0,0
1,0,1,36,15,1361,3,3,2,1,1,1,0,0,0,0,0,0,1,0,0,1,0,1,0,1,0,0,1,0,1,0
1,0,0,48,22,2101,4,4,1,1,0,1,0,0,0,0,0,0,1,0,0,1,0,0,0,1,0,0,1,0,0,1
1,1,0,32,36,9283,3,2,1,1,0,1,0,0,0,0,0,0,1,0,0,0,1,1,0,1,0,0,1,1,0,0
0,0,1,29,6,7582,2,3,2,1,1,1,0,0,0,0,0,0,1,0,0,1,1,0,0,0,0,0,1,0,0,0
0,0,0,32,22,8133,3,2,1,1,0,1,0,0,0,0,0,0,1,0,0,1,1,0,0,1,0,0,1,1,0,0
0,0,0,24,48,1228,3,3,2,1,1,1,0,0,0,0,0,0,1,0,0,1,0,0,0,1,0,0,1,0,0,0
1,0,1,42,36,3104,2,3,1,1,0,1,0,0,0,0,0,0,1,0,0,1,1,0,0,1,0,0,1,0,1,0
0,0,0,35,39,4675,2,3,1,1,1,1,0,0,0,0,0,0,0,1,0,1,1,0,0,1,0,0,1,0,0,0
1,0,1,38,39,6288,3,2,1,1,0,1,1,0,0,0,0,0,1,0,0,1,1,0,0,1,0,0,0,0,0,0
1,0,1,25,39,1361,1,3,2,1,1,1,0,0,0,0,0,0,1,0,0,1,1,0,0,1,0,0,1,0,1,0
1,0,0,35,12,759,3,4,1,1,1,1,0,0,0,0,0,0,1,0,0,1,1,0,0,0,0,0,1,0,1,0
0,0,0,22,28,1514,4,3,2,1,1,1,0,0,0,0,0,1,1,0,0,1,1,0,0,0,0,0,0,0,0,0
1,0,1,38,18,759,4,1,2,1,1,1,0,0,0,0,0,0,1,0,0,1,1,1,0,1,0,0,1,0,0,0
1,0,1,28,24,1068,3,3,2,1,0,1,0,0,0,0,0,0,1,0,0,1,1,0,0,1,0,0,1,0,1,0
1,1,0,34,22,759,2,3,1,1,0,1,0,0,0,0,0,1,1,0,0,1,1,0,0,1,0,0,1,0,0,0
1,0,1,38,9,14896,1,3,1,1,0,1,0,0,0,0,0,0,1,0,0,0,1,1,0,0,0,0,1,1,0,0
1,0,1,38,24,3749,4,3,1,1,1,1,0,0,0,0,0,0,1,0,0,1,1,0,0,0,0,0,1,1,1,0
1,0,0,38,24,2577,3,3,2,1,1,1,0,0,0,0,0,0,1,0,0,1,1,0,0,1,0,0,1,1,0,0
1,0,1,24,48,2859,1,4,2,2,1,1,0,0,0,0,0,0,1,0,0,1,1,0,0,1,0,0,1,0,1,0
0,0,1,28,39,2923,3,1,1,1,1,1,0,0,1,0,0,0,1,0,0,1,1,0,0,0,0,0,1,0,0,0
0,0,1,35,36,9283,2,4,1,1,1,1,0,0,0,0,0,0,1,0,0,1,0,0,0,1,0,0,0,0,0,1
1,0,1,41,14,6313,3,2,1,1,1,1,0,0,0,0,0,0,1,0,0,1,1,0,0,1,0,0,1,0,0,0
1,0,1,40,33,3590,3,3,2,1,1,1,0,0,0,0,0,0,1,0,1,1,0,1,0,0,0,0,1,0,0,0
1,0,1,35,48,12749,4,1,1,1,0,1,0,0,0,0,0,0,1,0,0,1,1,0,0,1,0,0,1,0,1,0
0,0,1,36,22,9283,2,3,2,1,0,1,0,0,0,0,0,0,1,0,0,1,1,0,0,0,0,0,1,0,0,0
0,0,1,38,6,931,3,3,1,1,1,1,0,0,0,0,0,0,1,0,0,1,1,1,0,0,0,0,0,0,1,1
1,0,1,52,9,936,4,2,1,1,1,1,0,0,0,0,0,0,1,0,0,1,1,0,0,0,0,1,1,0,0,0
1,0,1,36,39,4844,3,3,1,1,1,1,0,0,0,0,0,0,1,0,0,1,0,0,0,0,0,0,1,0,0,0
1,0,1,37,48,6288,3,1,1,1,1,1,0,0,0,0,0,0,1,0,0,1,1,1,0,1,0,0,1,1,0,0
1,0,1,38,6,1238,1,4,1,1,1,1,0,0,0,0,0,0,1,0,0,1,1,0,0,1,0,0,1,0,0,0
0,0,1,34,39,7582,3,4,2,1,1,1,0,0,0,0,0,1,1,0,0,1,1,1,0,0,0,0,1,1,0,0
0,0,0,34,22,2073,1,3,1,1,0,1,0,0,0,0,0,0,1,0,0,1,0,1,0,1,0,0,1,0,0,0
1,0,1,67,14,11560,3,3,1,1,1,1,0,0,0,0,0,0,1,0,0,1,1,1,0,0,0,0,1,1,1,0
1,0,0,34,36,6288,3,3,1,1,1,1,0,0,0,0,0,0,1,0,0,1,0,0,0,1,0,0,1,0,1,0
1,0,0,36,48,2360,3,3,2,1,1,1,0,1,0,0,0,0,1,0,0,1,1,0,1,0,0,0,1,0,0,0
0,0,0,28,28,6288,3,3,1,1,1,1,0,0,0,0,0,0,1,0,0,1,0,0,0,1,0,0,1,0,0,0
1,0,1,36,28,18424,3,1,2,1,1,1,1,0,0,0,0,0,1,0,0,1,1,0,0,1,0,0,1,1,0,0
1,0,1,36,12,1361,4,2,2,1,1,0,0,0,0,0,0,0,1,0,0,1,1,0,0,1,0,0,1,0,0,0
1,0,0,37,12,2080,3,3,1,1,0,1,0,1,0,0,0,0,1,0,0,1,1,0,0,1,0,0,1,0,0,0
0,0,1,74,39,1361,1,3,1,1,1,1,0,0,0,0,0,0,1,0,0,0,1,1,0,1,0,0,1,0,1,0
1,0,0,35,22,2101,2,3,2,1,0,1,0,0,0,0,0,0,1,0,0,1,1,0,0,1,0,0,1,0,0,1
1,0,1,35,39,2333,3,3,2,1,0,0,0,0,0,0,0,0,1,0,0,1,1,1,0,0,0,0,1,0,0,0
1,0,1,34,18,2859,2,3,1,1,0,1,0,0,0,0,0,0,1,0,1,1,0,0,0,1,0,0,1,0,0,0
1,0,1,34,36,6288,1,1,1,1,0,1,0,0,0,0,0,0,1,0,0,1,0,1,0,1,0,0,1,0,1,0
1,0,1,38,12,11560,3,2,2,1,0,1,0,0,0,0,0,0,1,0,0,1,1,0,1,0,0,0,1,0,0,0
0,0,1,36,18,4844,3,3,1,1,1,1,0,0,0,0,0,0,1,1,0,1,0,0,0,1,0,0,1,0,0,0
1,0,1,38,36,10974,3,3,2,1,1,1,0,0,1,0,0,0,1,0,1,1,1,0,0,1,0,0,1,1,0,0
1,1,1,38,14,709,3,3,1,1,1,1,0,0,0,0,0,0,1,0,0,1,1,0,1,0,0,0,0,0,0,1
0,0,1,36,39,571,3,3,1,1,0,1,0,0,0,0,0,0,1,0,0,1,0,0,0,1,0,0,1,0,1,0
1,0,1,42,33,6288,3,2,1,1,1,1,0,0,0,0,0,0,0,0,0,1,0,0,0,0,0,0,1,0,0,0
0,0,0,32,39,3749,3,4,1,1,1,1,0,0,0,0,0,0,1,1,0,1,1,0,0,1,0,0,1,1,0,0
0,0,0,39,33,9283,1,3,1,1,0,1,0,0,0,0,0,0,1,0,0,1,1,0,0,0,0,0,1,0,0,0
1,0,1,38,21,3652,3,3,1,1,1,1,0,1,0,0,0,0,1,0,0,1,1,1,0,0,0,0,1,0,1,0
1,0,1,36,9,3074,1,3,2,2,0,1,0,0,1,0,0,0,1,0,0,1,1,0,0,0,0,0,1,1,0,0
1,1,0,33,33,727,2,4,1,1,1,1,0,0,0,0,0,0,0,0,0,1,1,0,0,1,0,0,0,0,0,0
1,0,1,34,12,1258,2,4,2,1,0,1,0,0,0,0,0,0,1,1,0,0,1,0,0,1,0,0,1,0,0,0
1,0,1,32,28,2745,3,3,2,1,1,1,0,0,0,0,0,0,1,0,0,1,0,1,0,0,0,1,1,1,1,0
1,0,0,33,6,426,4,3,1,1,1,1,0,0,0,0,0,0,1,0,0,1,0,0,0,1,0,0,1,0,1,0
1,0,0,34,18,1553,2,3,2,1,0,1,0,0,0,0,0,0,1,0,0,1,0,1,0,1,0,0,1,1,0,0
1,0,1,30,12,1055,3,1,2,1,0,1,0,0,0,0,0,0,1,0,0,1,0,0,0,1,0,0,1,0,0,1
1,0,0,26,39,14896,3,3,1,1,1,1,0,0,0,0,0,0,1,0,0,1,1,0,1,0,0,0,1,0,0,1
1,0,1,34,39,3863,3,3,2,1,0,1,0,0,0,0,0,0,1,0,0,1,1,0,0,1,0,0,1,0,0,0
1,0,1,33,22,3512,2,3,2,1,1,1,0,0,1,0,0,0,1,0,0,1,1,0,0,1,1,0,1,0,1,0
0,0,1,36,12,2246,3,3,1,1,0,1,0,0,0,0,0,0,1,0,0,1,0,1,0,1,0,0,1,0,0,0
1,0,1,33,36,9283,3,2,2,1,1,1,0,1,0,0,0,0,1,0,0,1,0,1,0,1,0,0,1,0,1,0
1,0,1,38,12,1103,3,3,1,1,0,1,0,0,0,0,0,0,1,0,0,1,1,0,0,1,0,0,1,0,0,0
1,0,1,35,14,4844,1,2,1,2,0,0,0,0,0,0,0,0,1,0,0,1,1,1,0,0,0,0,1,0,1,0
1,0,0,34,14,4844,4,3,1,1,1,1,0,0,0,0,0,0,1,0,0,1,0,0,0,0,0,0,1,1,0,0
1,0,0,36,36,2859,4,3,1,1,0,1,0,1,0,0,0,0,1,0,0,1,1,0,0,1,0,0,1,0,0,0
1,0,1,35,28,2101,3,3,1,1,0,1,0,0,0,0,0,0,1,0,0,1,0,0,0,1,0,0,1,0,1,0
1,0,1,36,24,1361,3,3,1,1,0,1,0,0,0,0,0,0,0,0,0,1,0,0,0,1,0,0,1,0,0,0
1,1,0,42,36,4844,1,3,2,1,0,1,0,0,0,0,0,0,1,0,0,1,1,0,0,1,0,0,1,1,0,0
1,0,1,32,48,9283,3,4,1,2,0,1,0,0,0,0,0,0,0,0,0,1,1,0,0,1,0,0,1,0,0,0
1,0,1,35,39,3749,2,1,1,1,0,1,0,0,0,0,0,0,1,0,0,1,0,1,0,1,0,0,1,0,1,0
1,0,1,33,18,1245,3,2,1,1,0,1,0,1,0,0,0,0,1,0,0,1,1,1,0,0,0,0,1,0,0,0
1,0,1,37,12,1361,3,3,2,1,1,1,0,0,0,0,0,0,1,0,0,1,1,1,0,1,0,0,0,0,0,0
1,0,1,37,39,11560,3,2,2,1,1,1,0,0,0,0,0,1,1,0,0,1,1,0,0,1,0,0,1,0,0,0
0,0,0,25,22,18424,3,4,1,1,0,1,0,0,0,0,0,0,0,0,0,1,0,0,0,1,0,0,1,0,0,0
1,0,1,32,10,2859,3,3,1,1,0,1,0,0,0,0,0,0,1,0,0,0,1,0,0,1,0,0,1,1,0,0
0,1,0,35,39,3749,2,3,1,1,0,1,0,0,0,0,0,0,1,0,0,1,1,0,0,1,0,0,1,1,0,0
1,0,0,36,24,6288,3,4,2,1,0,1,0,0,0,0,0,0,1,0,0,1,1,0,0,1,0,0,1,0,0,0
1,0,0,34,33,929,4,3,1,1,1,1,0,0,0,0,0,0,1,0,0,1,1,0,0,1,0,0,1,0,1,0
1,0,0,23,39,1236,2,3,1,1,1,1,0,0,0,0,0,0,1,0,0,1,1,0,0,0,0,0,1,0,0,1
1,0,1,27,9,7582,3,3,1,1,0,1,0,0,0,0,0,0,1,0,0,0,1,0,0,0,0,0,1,0,1,0
1,0,0,32,39,9283,3,3,1,1,0,1,0,0,0,0,0,0,1,0,0,1,0,0,0,1,0,0,1,0,0,0
1,0,0,34,12,983,1,3,1,1,1,1,0,0,0,0,0,0,1,1,0,1,1,1,0,1,0,0,1,0,0,0
0,0,0,37,36,7127,3,4,2,1,1,1,0,0,0,0,0,0,1,0,0,1,1,1,0,1,0,0,1,0,1,0
1,0,1,32,22,2859,4,4,1,1,1,1,0,0,0,0,0,0,1,0,0,1,1,0,0,1,0,0,1,0,1,0
1,0,1,35,36,11560,3,2,1,1,0,1,0,0,0,0,0,0,1,0,0,1,0,0,0,1,0,0,1,0,1,0
1,0,1,34,22,11560,2,3,1,1,0,1,0,0,0,0,0,0,1,0,0,1,1,0,0,1,0,0,1,0,1,0
1,0,1,36,36,11560,4,3,2,1,0,1,0,0,0,0,0,0,1,0,0,1,1,0,0,1,0,0,1,0,1,0
0,0,1,34,24,2859,3,4,1,1,0,1,0,1,0,0,0,0,1,0,0,1,1,0,0,1,0,0,1,0,0,0
1,0,1,42,24,6288,3,2,2,1,1,1,1,0,0,0,0,0,0,0,0,1,1,0,0,1,0,0,1,0,0,1
0,0,0,23,10,2101,3,2,2,1,1,1,0,0,0,0,0,0,1,0,0,1,0,1,1,1,0,0,1,0,0,0
1,0,1,38,39,9283,3,2,2,1,0,1,0,0,0,0,1,0,1,0,0,1,1,0,0,1,0,0,1,1,0,0
1,0,0,34,28,2859,3,3,1,1,1,1,0,0,0,0,0,0,0,0,0,1,0,0,0,0,1,0,1,0,0,0
1,0,0,27,36,11560,3,2,1,1,0,1,0,1,0,0,0,0,1,0,0,1,1,0,0,1,0,0,1,0,0,0
1,0,1,34,6,662,3,4,2,2,1,1,0,0,0,0,0,0,1,0,0,1,1,1,0,1,0,0,1,0,0,0
1,0,1,58,18,15945,3,4,1,1,0,1,0,0,0,0,0,0,1,0,0,1,1,1,0,1,0,0,1,1,0,0
1,0,1,34,14,2331,1,3,1,1,1,1,0,0,0,0,1,0,1,0,0,1,1,0,0,1,0,0,1,0,0,0
1,0,0,37,24,1837,3,3,1,1,0,1,0,0,0,0,0,0,1,0,0,1,0,0,0,0,0,0,1,0,0,0
1,1,1,42,6,1209,3,3,1,1,1,1,0,0,0,0,0,0,1,0,0,1,0,1,0,0,0,0,1,0,1,0
1,0,0,38,12,759,1,2,1,1,1,1,0,0,0,0,0,0,1,0,0,1,1,0,0,1,0,0,1,1,0,0
1,0,1,22,39,4844,2,3,1,1,0,1,0,0,0,0,0,0,1,0,0,1,1,0,0,1,0,0,0,1,0,0
0,0,1,37,36,9283,2,3,1,1,0,1,0,0,0,0,0,1,1,0,0,0,1,0,0,1,0,0,1,0,0,0
1,0,1,36,39,1525,4,3,1,2,0,1,0,0,0,0,0,0,1,0,0,1,1,0,0,1,0,1,1,0,0,0
1,0,1,49,28,428,3,1,1,1,1,1,0,0,1,0,0,0,1,0,0,1,1,0,0,1,0,0,1,0,1,0
0,0,0,33,48,2186,1,3,1,1,1,1,0,0,0,0,0,0,1,1,0,1,0,0,0,0,0,0,1,0,0,0
0,1,1,32,28,5711,4,3,2,1,1,1,0,0,0,0,0,0,1,0,0,1,1,0,0,1,0,0,1,0,0,0
1,0,0,34,10,4844,3,2,1,1,1,1,0,0,0,0,0,0,1,0,0,1,1,0,0,1,0,0,1,0,0,0
1,0,0,26,33,590,3,3,2,1,0,1,0,0,0,0,0,0,1,0,0,0,0,0,0,0,0,0,1,0,0,1
1,0,1,42,9,1337,4,2,2,1,0,1,0,0,0,0,0,0,1,0,0,1,1,0,1,0,0,0,1,0,0,1
1,0,1,43,39,2859,3,4,2,1,1,1,0,0,0,0,0,0,1,0,0,1,1,0,0,1,0,0,1,0,0,0
1,0,1,42,39,4844,3,2,1,2,1,1,0,0,0,0,0,0,1,0,0,1,1,1,0,0,0,0,1,1,0,0
1,0,1,32,10,1231,3,2,2,1,1,1,0,0,0,0,0,0,1,0,0,0,0,0,0,1,0,0,1,0,0,0
1,0,1,31,28,7582,3,3,1,1,1,1,0,0,0,0,0,0,1,0,0,1,1,0,0,1,0,0,1,0,0,0
1,1,1,37,22,18424,1,3,2,1,1,1,0,0,0,0,0,0,1,0,0,1,1,0,0,1,0,0,1,0,1,0
1,0,1,38,28,3749,4,4,1,1,1,1,0,0,0,0,0,0,1,0,0,1,0,1,0,1,0,0,1,0,1,0
1,0,0,23,12,18424,2,3,1,1,1,1,0,0,0,0,0,0,1,0,0,1,1,1,0,1,0,0,1,1,0,1
0,0,1,34,12,9283,4,1,1,1,0,1,0,0,0,0,0,0,1,0,0,1,1,1,0,1,0,0,1,0,0,0
1,1,1,60,22,1199,3,3,2,1,0,1,0,0,0,0,0,0,1,0,0,1,0,0,0,1,0,0,1,0,1,0
1,0,1,38,33,1585,3,3,2,1,0,1,0,0,0,0,0,0,1,0,0,1,1,0,0,1,0,0,1,0,1,0
0,0,1,34,24,5804,4,3,2,1,0,1,0,0,0,0,0,0,1,0,0,1,1,0,0,1,0,0,1,0,0,0
1,1,1,28,48,7582,3,3,1,1,0,1,0,0,0,0,0,0,1,0,0,0,1,0,1,0,0,0,1,0,0,0
1,0,1,34,36,4844,3,3,1,1,0,1,0,0,0,0,0,0,1,0,0,1,0,0,0,1,0,0,1,0,0,0
1,0,1,31,39,1935,4,4,1,1,1,1,0,1,0,0,0,0,1,0,0,1,0,1,0,1,0,0,1,0,1,0
1,0,1,34,36,2346,3,3,1,1,1,1,0,0,0,0,0,0,1,0,0,1,1,0,0,1,0,0,1,0,1,0
1,0,1,38,28,9283,3,3,1,1,1,1,0,0,0,0,0,0,1,0,0,1,0,0,0,1,0,0,1,1,0,0
1,0,1,37,12,609,3,3,2,1,0,1,0,0,0,0,0,0,1,0,0,1,1,0,1,1,0,0,1,0,0,0
1,0,1,35,36,2507,3,3,1,1,1,1,0,0,0,0,0,0,1,0,0,1,1,1,0,1,0,0,1,0,1,0
1,0,1,37,14,14896,3,2,1,1,0,1,0,0,0,0,0,0,1,0,0,1,1,0,0,0,0,0,1,0,0,1
1,0,1,51,48,7582,3,4,1,1,0,1,0,0,0,0,0,0,0,0,0,1,1,0,0,1,0,0,1,1,0,0
1,0,0,36,18,2101,4,3,2,1,0,1,0,1,0,0,0,0,1,0,0,1,1,1,0,0,0,0,1,1,0,0
1,0,1,38,12,975,2,3,1,1,0,1,0,0,0,0,0,0,1,0,0,1,1,0,0,1,0,0,1,1,0,0
1,0,1,38,36,2964,4,3,1,1,0,1,0,0,1,0,0,0,0,0,0,1,0,0,0,1,0,0,1,0,1,0
1,0,0,23,12,4844,3,3,1,1,0,1,0,0,1,0,0,0,1,1,0,1,1,0,0,1,0,0,1,0,0,0
1,0,1,35,36,9283,3,3,1,1,0,1,1,0,0,0,0,0,0,0,0,1,0,1,0,1,0,0,1,0,1,0
1,0,0,35,9,1361,2,2,1,1,0,1,0,0,0,0,0,0,1,0,0,1,1,1,0,1,0,0,1,0,0,0
0,0,1,27,36,9283,4,1,1,1,1,1,0,0,0,0,0,0,1,0,0,1,1,1,0,1,0,0,1,0,0,0
1,0,1,38,39,18424,3,3,1,1,0,1,0,0,0,0,0,0,1,0,0,1,1,0,0,1,0,0,1,0,0,0
1,0,0,35,12,3749,3,3,1,1,1,1,0,0,0,0,0,0,0,0,0,1,1,0,0,1,0,0,1,0,1,0
1,0,0,36,18,14896,1,3,2,1,1,1,0,0,0,0,0,0,1,0,0,1,1,0,0,1,0,0,1,0,1,0
1,0,1,33,14,3029,2,3,2,1,1,1,0,0,0,0,0,0,1,0,0,1,1,0,0,1,0,0,1,0,0,0
0,0,1,36,33,2799,3,2,2,1,0,1,0,0,0,0,0,0,1,1,0,1,0,0,0,1,0,0,1,0,0,0
1,0,0,34,48,2064,3,2,1,1,0,0,0,0,0,0,0,0,1,0,0,1,1,1,0,1,0,0,1,0,0,0
1,0,1,38,39,6288,3,2,3,1,0,1,0,1,1,0,0,1,1,0,0,1,1,1,0,1,0,0,1,0,0,0
1,0,1,52,39,6468,2,1,1,1,1,1,0,0,0,0,0,0,1,0,1,1,1,1,0,0,0,0,1,1,0,0
1,0,0,42,18,14896,2,3,1,1,1,1,0,0,0,0,0,0,0,0,0,1,1,0,0,1,0,0,1,0,0,1
1,0,0,42,12,759,3,2,1,1,0,1,0,0,0,0,0,0,1,0,0,1,1,0,0,1,0,0,1,1,0,0
0,0,0,34,12,3749,2,4,2,1,1,1,0,0,0,0,0,0,1,0,0,1,1,0,0,1,0,0,1,0,0,0
1,0,1,36,12,2859,3,3,1,1,0,1,0,0,0,0,0,0,1,0,0,1,1,1,0,0,0,0,1,0,0,0
1,0,1,36,12,2247,3,3,2,1,1,1,0,0,0,0,0,0,1,0,0,1,1,0,0,1,0,0,1,1,0,0
1,0,0,33,18,11560,3,3,1,1,0,1,0,0,0,0,0,0,1,0,0,1,1,0,0,1,0,0,1,0,1,0
1,0,1,36,12,7582,3,3,1,1,0,1,0,1,0,0,0,0,1,0,0,1,1,0,0,0,0,0,1,0,1,0
1,0,1,42,36,2101,3,3,1,1,0,1,0,0,0,0,0,0,1,1,0,1,1,0,0,1,0,0,1,1,0,0
1,0,1,25,9,1138,2,4,2,1,1,1,0,0,0,0,0,0,1,0,0,1,1,0,0,1,0,0,1,0,0,0
1,0,1,28,13,1797,3,3,1,1,1,1,0,0,0,0,0,0,1,0,0,1,1,0,0,1,0,0,1,0,0,0
1,0,1,36,14,14896,4,3,1,1,1,1,0,0,0,0,0,0,1,0,0,1,1,0,0,1,0,0,1,0,1,0
1,0,1,34,12,7582,4,3,1,1,1,1,0,0,0,0,0,0,1,0,0,1,0,0,0,1,0,0,1,0,1,0
1,0,1,23,48,9283,3,4,2,1,1,1,0,0,1,0,0,0,1,0,0,1,1,0,0,1,0,0,1,0,0,0
1,0,0,33,15,950,3,3,2,1,1,1,0,0,0,0,0,0,0,0,0,1,0,0,0,1,0,0,1,0,1,0
0,0,0,37,15,2101,3,3,1,1,1,1,0,0,0,0,0,0,0,0,0,1,1,0,0,0,0,1,0,0,1,0
1,0,0,35,39,2238,3,1,1,1,0,1,0,1,0,0,0,0,1,0,0,1,1,0,0,1,0,0,1,0,0,0
1,0,1,34,36,2101,3,3,2,1,1,1,0,0,0,0,0,0,1,0,0,1,0,1,0,1,0,0,1,1,0,0
1,0,0,37,15,7582,2,3,2,1,0,1,0,1,1,0,0,0,1,0,0,1,1,0,0,1,0,0,1,0,1,0
0,0,0,45,39,2329,1,3,2,1,1,1,0,0,0,0,0,1,1,0,0,1,1,0,0,1,0,0,1,0,0,0
0,1,0,35,21,1835,3,2,1,1,0,1,0,0,0,0,0,0,1,0,0,1,0,1,0,1,0,0,1,0,0,0
1,0,1,40,39,3749,4,4,1,1,1,1,0,0,0,0,0,0,1,0,0,1,0,0,0,1,0,0,0,1,1,0
1,0,1,38,36,1361,4,2,2,1,0,0,0,0,0,0,0,0,1,0,0,1,1,0,0,1,0,1,1,1,0,0
1,0,0,35,24,2859,3,3,1,1,0,1,0,0,0,0,0,0,1,0,0,1,0,0,0,1,0,0,1,0,0,0
0,0,1,37,24,4844,3,3,2,2,1,1,0,0,0,0,0,0,1,0,0,1,1,0,0,1,0,0,1,0,1,0
1,0,1,49,12,2101,3,4,1,1,1,1,0,1,0,0,0,0,1,0,0,1,1,0,0,1,0,0,1,0,1,0
1,0,1,35,36,14896,3,3,1,1,1,1,0,0,0,0,0,0,1,0,0,0,1,0,0,1,1,0,0,0,0,0
1,0,0,30,12,11560,2,3,1,1,0,1,0,1,0,0,0,0,1,0,0,1,1,0,0,1,0,0,1,0,0,0
1,0,1,34,36,759,3,3,1,1,1,1,0,0,0,0,0,0,1,0,0,1,1,1,0,1,0,0,1,0,0,0
1,0,1,36,24,3749,3,3,1,1,1,1,0,0,1,0,0,0,1,0,0,1,1,0,0,1,0,0,1,0,0,0
1,0,0,33,48,14896,1,3,1,2,0,1,0,0,1,0,0,0,1,0,0,1,0,1,0,1,0,0,1,1,0,0
1,0,1,35,22,3749,1,4,1,1,1,1,0,0,0,0,0,0,1,0,0,1,1,0,0,1,0,0,1,0,0,0
1,0,1,34,18,3749,1,3,2,1,0,1,0,0,0,0,0,0,1,0,0,1,0,0,0,1,0,0,1,0,0,0
1,0,1,33,48,18424,3,2,1,1,1,1,0,1,0,0,0,0,1,0,0,1,1,0,0,1,0,0,1,0,0,0
1,0,0,53,18,18424,4,3,1,1,0,1,1,0,1,0,0,0,1,0,0,1,1,0,0,1,0,0,1,0,0,0
1,0,1,35,39,759,3,2,1,1,1,1,0,0,0,0,0,0,1,0,0,1,1,1,0,1,0,0,1,0,0,0
1,0,1,35,12,4844,4,2,1,1,1,1,0,0,0,0,0,0,1,0,0,1,1,0,0,1,0,0,1,0,1,0
1,0,1,34,14,1505,1,3,1,1,1,1,0,0,0,0,0,0,1,0,0,1,1,0,0,1,0,0,1,1,0,0
1,0,0,34,39,6288,3,3,2,1,1,1,0,0,0,0,0,0,1,0,0,1,1,0,0,0,0,0,1,1,0,1
0,0,1,34,48,759,3,4,2,1,0,0,0,0,0,0,0,0,0,0,0,1,0,1,0,0,0,0,1,0,1,0
1,0,1,34,36,9283,4,3,1,1,0,1,0,0,0,0,0,0,1,0,0,0,1,0,0,0,0,0,1,1,0,0
1,0,1,34,24,1313,3,2,1,1,0,1,0,0,0,0,0,0,1,0,0,1,0,0,0,1,0,0,1,0,0,0
1,0,1,53,33,6288,3,3,1,1,1,1,0,0,1,0,0,0,1,0,0,1,0,0,0,1,0,0,1,0,0,0
1,0,1,34,24,1200,3,3,2,1,1,1,0,0,0,0,0,0,1,0,0,1,1,0,0,1,0,0,1,1,0,0
1,0,0,32,18,11560,1,2,1,1,1,1,0,0,0,0,0,0,1,0,0,1,1,0,0,1,0,0,1,0,0,0
1,0,1,38,14,6288,3,3,2,1,0,1,0,0,0,0,0,0,1,0,0,0,0,0,0,1,0,0,1,1,0,0
1,0,1,37,18,2570,3,3,1,1,1,1,0,0,0,0,0,0,1,0,0,1,1,0,0,1,0,0,1,1,0,0
1,0,1,37,36,18424,1,3,1,1,0,1,0,0,1,0,0,0,1,0,0,1,1,1,0,1,0,0,1,0,0,0
1,0,1,34,6,14896,3,3,1,1,0,1,0,0,0,0,0,0,1,0,0,1,1,0,0,1,0,0,1,0,1,0
0,0,1,41,33,2101,3,3,1,1,1,1,0,0,0,0,0,0,0,0,0,1,1,0,0,1,0,0,1,0,1,0
1,0,1,32,12,759,3,3,1,1,1,1,0,0,0,0,0,0,1,0,0,1,1,0,0,1,0,0,1,0,0,0
1,0,0,34,18,14896,4,3,1,1,0,1,0,0,0,0,0,0,1,0,0,1,1,1,0,1,0,0,1,0,0,1
1,0,1,42,10,7582,3,3,1,1,0,1,0,1,0,0,1,0,1,0,0,1,1,0,0,1,0,0,1,0,0,0
1,0,0,34,12,3749,2,3,1,1,0,1,0,1,0,0,0,0,1,0,0,1,1,0,0,0,0,0,1,0,0,0
1,0,1,38,12,3017,3,3,1,1,0,1,0,0,0,0,0,0,1,0,0,1,1,0,0,1,0,0,1,0,0,0
0,0,1,33,36,4844,3,3,1,2,0,1,0,0,0,0,0,0,1,0,0,1,1,0,0,1,0,0,1,0,0,0
1,0,0,34,36,4844,4,2,1,1,0,1,0,0,0,0,0,0,1,0,0,1,0,1,0,1,1,0,0,1,0,0
1,0,1,42,18,2116,3,2,1,1,1,1,0,0,0,0,0,0,1,0,0,1,0,0,1,1,0,0,1,1,0,0
1,0,0,26,36,2859,2,1,2,1,1,1,0,0,1,0,0,0,1,0,0,1,1,0,0,1,0,0,1,0,0,0
1,0,1,35,36,6948,3,2,2,1,1,1,0,0,1,0,0,0,1,1,0,1,1,1,0,0,0,0,1,0,0,0
1,0,0,23,18,4844,4,4,1,1,1,1,0,0,1,0,0,0,1,1,0,1,1,0,0,1,0,0,1,1,0,0
1,0,1,40,12,684,4,3,1,1,0,1,0,0,0,0,0,0,0,0,0,1,1,0,0,0,0,0,1,0,0,0
1,0,0,34,39,4844,3,3,1,1,0,1,0,0,1,0,0,0,1,0,0,1,1,0,0,0,0,0,1,0,0,0
1,0,1,37,12,3535,3,3,1,1,1,1,0,0,0,0,0,0,1,0,0,1,1,0,0,1,0,0,1,0,0,0
1,0,1,38,12,1037,2,3,1,1,0,1,0,0,0,0,0,0,1,0,0,0,0,0,0,0,0,0,0,0,1,0
1,0,1,34,48,3092,2,3,2,1,1,1,0,0,0,0,0,0,1,0,0,1,0,0,0,1,0,0,0,0,0,1
1,0,1,41,39,9283,2,1,2,1,0,1,0,0,0,0,0,0,1,0,0,0,1,1,0,1,0,0,1,0,0,0
1,0,0,34,20,1361,1,3,2,1,0,1,0,0,0,0,0,0,0,0,0,1,0,0,0,1,0,0,1,1,0,0
1,0,1,34,28,11560,3,3,1,1,1,1,0,0,0,0,0,0,1,0,0,1,1,1,0,1,0,0,1,0,1,0
1,0,1,37,39,9034,4,3,1,1,0,1,0,0,0,0,0,0,1,1,0,1,0,1,0,0,1,0,1,0,1,1
0,0,0,38,22,2859,3,4,2,1,0,1,0,0,0,0,0,0,1,1,0,1,0,0,0,1,0,0,1,0,0,0
1,0,1,34,13,6288,3,3,2,1,0,1,0,0,1,0,0,0,1,0,0,1,0,0,0,1,0,0,1,0,0,1
1,0,0,22,18,3650,1,4,1,1,1,1,0,0,0,0,0,0,1,0,0,1,1,0,0,1,0,0,1,0,0,0
1,0,1,38,6,1338,1,3,1,1,1,1,0,0,0,0,0,0,1,0,0,1,1,0,0,1,0,0,1,0,0,0
1,0,1,35,12,4844,2,4,1,1,0,1,0,0,0,0,0,0,1,0,0,1,1,0,0,1,0,0,1,0,1,0
1,0,1,25,24,2859,4,2,1,1,1,1,0,0,0,0,0,0,1,0,0,1,1,0,0,1,0,0,1,0,0,0
1,0,0,42,22,6288,3,3,1,1,0,1,0,0,0,0,0,0,1,0,0,1,1,0,0,1,0,0,1,0,0,0
1,0,1,38,39,5954,3,2,1,1,1,1,0,0,0,0,1,0,1,0,0,1,1,0,0,1,0,0,1,0,1,0
1,0,0,32,48,2859,1,4,1,1,1,1,0,0,0,0,0,0,1,0,0,1,1,0,0,0,0,0,1,0,0,0
1,1,0,26,39,2859,3,2,1,2,0,1,0,0,0,0,0,0,1,0,0,1,1,0,0,1,0,0,1,0,0,0
1,0,1,31,24,18424,2,3,1,1,0,1,0,0,0,0,0,0,1,0,0,1,1,0,0,1,1,0,1,0,0,0
1,0,0,32,18,759,4,2,2,1,1,1,0,0,0,0,0,0,1,0,0,0,0,0,0,0,0,0,1,0,1,0
1,1,0,38,36,1377,3,2,1,1,1,1,0,0,0,0,0,0,1,0,0,1,1,1,1,1,0,0,1,0,0,0
0,0,0,35,36,2606,4,4,1,1,0,1,0,0,0,0,0,0,1,1,0,1,1,0,0,1,0,0,1,0,0,1
0,0,0,42,36,1361,3,3,1,1,1,1,0,1,0,0,0,0,1,0,0,1,1,0,0,1,0,0,1,0,0,0
1,0,0,34,36,9283,3,3,1,1,1,1,0,0,0,0,0,0,1,0,0,1,1,0,0,0,0,0,1,0,0,0
0,0,1,34,14,14896,4,4,1,1,1,1,0,0,0,0,0,0,1,0,0,1,1,0,0,0,0,0,1,0,0,1
1,0,1,35,24,1442,4,3,2,1,0,1,0,0,0,0,0,0,1,0,0,1,0,0,0,0,0,0,1,0,0,0
1,0,1,32,36,1361,1,3,1,2,0,1,0,1,0,0,0,0,1,0,0,1,1,0,0,0,0,0,1,0,1,0
1,0,1,34,12,2002,3,3,1,1,0,1,0,0,1,0,0,0,1,1,0,1,1,0,0,0,0,0,1,0,0,0
0,0,1,38,33,9283,3,2,1,1,0,1,0,1,0,0,0,0,1,0,0,1,1,0,0,1,0,0,1,0,0,0
1,0,1,36,12,2366,3,3,1,1,1,1,0,0,0,0,0,0,1,0,0,1,1,1,0,1,0,0,0,0,1,0
0,0,1,34,39,2101,3,3,1,1,0,1,0,0,0,0,0,0,1,0,0,1,1,0,0,1,0,0,1,1,0,0
1,0,0,33,39,7582,3,3,2,1,1,1,0,0,0,0,0,0,1,0,0,1,1,0,0,1,0,0,1,0,0,0
1,1,0,30,48,14896,4,3,2,1,0,1,0,0,1,0,0,0,1,0,0,1,0,0,0,1,0,0,1,0,0,0
0,0,1,43,12,1361,4,2,1,1,1,1,0,0,0,0,0,0,1,0,0,1,1,0,0,1,0,0,1,1,0,0
1,0,1,42,36,2859,3,4,1,1,1,1,0,0,0,0,0,0,1,0,0,1,1,1,0,0,0,0,1,1,0,0
1,0,1,36,12,2121,4,3,2,1,1,1,0,1,0,0,0,0,1,0,0,1,0,0,0,0,0,0,1,0,0,0
1,0,1,32,33,2859,3,3,2,1,0,1,0,0,0,0,0,0,1,0,1,1,1,0,0,1,0,0,1,0,0,0
1,0,1,34,39,6288,3,3,1,1,0,1,1,0,0,0,0,0,1,0,0,1,0,0,0,1,0,0,1,1,0,0
1,0,0,38,14,18424,3,2,1,1,1,1,0,0,0,0,0,0,1,0,0,1,1,0,0,1,0,0,1,0,1,0
1,0,0,35,48,11560,3,3,1,1,0,1,0,0,0,0,0,0,1,0,0,1,1,0,0,1,0,0,1,1,1,0
1,0,1,35,18,14896,3,4,1,1,0,1,0,0,0,0,0,0,1,0,0,1,1,0,0,1,0,0,1,1,0,0
1,0,0,55,33,6872,2,1,1,1,1,1,0,0,0,0,0,0,1,0,0,1,0,0,0,1,0,0,1,0,0,0
1,0,1,37,24,3380,3,1,1,1,1,1,0,1,0,0,0,0,1,0,0,1,1,0,0,1,0,0,1,0,0,0
1,0,1,32,10,7582,3,3,1,1,1,1,0,0,0,0,0,1,1,0,0,1,0,0,0,0,0,0,1,0,0,0
1,0,0,35,42,14896,3,4,1,1,1,1,0,0,0,0,0,0,1,1,0,1,0,0,0,1,0,0,1,0,1,0
1,0,1,42,18,18424,2,4,1,1,0,1,0,0,0,0,0,0,1,0,0,1,1,0,0,1,0,0,1,0,0,0
1,0,0,34,48,6288,1,2,1,1,0,1,0,0,0,0,0,0,1,0,0,1,1,0,0,0,0,0,1,0,1,0
1,0,1,26,24,1925,2,3,2,1,1,1,0,0,0,0,0,0,1,0,0,1,1,0,0,0,0,0,1,0,0,0
1,0,0,34,39,18424,3,3,1,2,0,1,0,0,0,0,0,0,1,0,0,1,1,0,0,1,0,0,1,0,0,0
1,0,0,38,36,3749,3,3,1,2,0,1,0,0,0,0,0,0,1,0,0,1,1,0,0,1,0,0,1,1,1,0
1,0,1,38,48,11560,3,3,1,1,1,1,0,0,0,0,0,0,0,0,0,1,1,0,0,1,0,0,1,0,1,0
1,1,1,38,22,2171,2,3,2,1,1,1,0,1,0,0,0,0,1,0,0,1,1,0,0,1,0,0,1,0,0,0
1,0,0,34,18,2603,2,3,1,1,1,1,0,0,0,0,0,0,1,0,0,1,0,0,0,1,0,0,0,0,0,0
1,0,1,26,39,1925,3,2,2,1,0,1,0,0,0,0,0,0,1,0,0,1,1,0,1,1,0,0,1,0,0,0
0,1,1,32,36,9566,2,2,2,1,1,1,0,0,0,0,0,0,1,0,0,1,1,0,0,1,0,0,1,1,0,0
1,0,1,38,28,2859,2,3,1,1,0,1,0,0,0,0,0,0,1,0,0,1,0,1,0,0,0,0,1,0,1,1
1,0,0,49,9,7582,1,3,1,1,1,1,0,0,1,0,0,0,1,0,0,1,1,0,0,1,0,0,1,0,1,0
1,0,1,34,6,1898,1,3,1,2,0,1,0,0,0,0,0,0,1,0,0,1,1,0,0,1,0,0,1,0,1,0
1,0,0,35,6,250,3,3,2,1,1,1,0,0,1,0,0,0,1,0,0,1,0,0,0,1,0,1,1,1,0,0
1,0,1,34,12,18424,2,2,1,1,0,1,0,0,0,0,0,0,0,1,0,1,0,0,0,1,0,0,1,0,0,0
1,0,0,37,48,759,4,3,1,1,0,1,0,0,0,0,0,0,1,0,0,1,1,0,0,1,0,0,1,1,0,1
1,0,0,35,39,6288,2,3,1,1,1,1,0,1,0,0,0,0,0,0,0,1,1,0,0,1,0,0,1,0,0,0
1,0,1,37,14,3656,3,4,2,1,1,1,0,1,0,0,0,0,1,0,0,1,1,1,1,0,0,0,1,0,0,0
0,0,0,57,36,3749,2,3,3,1,1,1,0,0,1,0,0,0,0,0,0,0,1,0,0,1,0,0,1,0,1,0
1,0,0,38,18,1361,4,3,1,1,1,1,0,0,0,0,0,0,1,0,0,1,1,0,0,1,0,0,1,1,0,0
1,0,1,37,15,18424,2,2,1,1,1,1,0,0,0,0,0,0,1,1,0,1,1,1,0,1,0,0,1,1,0,0
0,0,1,28,39,4844,3,2,1,1,0,1,0,0,0,0,0,0,1,0,0,1,1,1,0,1,0,0,1,0,0,0
1,0,1,34,39,9283,3,3,2,1,1,1,0,0,0,0,0,0,1,0,0,1,1,0,0,0,0,0,1,0,0,0
1,1,0,56,33,2859,4,3,1,1,0,1,0,0,0,0,0,0,1,0,0,1,1,0,0,1,0,0,1,0,0,0
1,0,1,37,14,4844,3,4,1,1,0,1,0,0,0,0,0,0,1,0,0,1,1,1,0,0,0,0,1,0,0,0
1,0,1,36,22,14896,3,4,1,1,0,1,0,0,0,0,0,0,1,0,0,1,0,0,0,1,0,0,1,0,1,0
1,1,1,32,39,7582,3,3,2,1,1,1,0,0,0,0,0,0,1,0,0,1,0,1,0,0,0,1,0,0,0,0
0,0,1,33,12,3386,2,2,1,1,1,1,0,0,0,0,0,0,1,0,0,1,1,1,0,1,0,0,1,0,1,0
1,0,1,21,48,1987,3,3,1,2,0,1,0,0,0,0,0,0,0,0,0,1,1,0,0,1,0,0,1,0,0,0
1,0,1,34,14,11560,3,3,1,2,0,1,0,0,0,0,0,0,1,0,0,1,1,0,0,1,0,0,1,1,0,0
1,0,0,35,7,2329,3,3,1,1,0,1,0,0,0,0,0,0,1,0,0,1,1,1,0,0,0,0,1,0,1,1
1,0,1,34,22,3749,2,3,1,1,1,1,0,0,0,0,0,0,0,0,0,1,1,1,0,1,0,0,1,0,0,0
1,0,1,47,39,7582,3,3,2,1,0,1,0,0,0,0,0,0,1,0,0,1,0,0,0,1,0,0,1,0,1,0
1,0,0,33,24,11560,3,3,1,1,1,1,0,0,0,0,0,0,1,0,0,1,1,0,0,1,0,0,1,0,0,0
1,0,0,63,24,9283,3,3,2,1,1,1,0,0,0,0,0,0,1,0,0,1,1,0,0,1,0,0,1,0,1,0
1,0,1,34,24,1925,3,3,1,1,0,1,0,0,0,0,0,0,1,0,0,1,1,0,0,0,0,0,1,1,0,0
1,0,1,48,22,2134,4,3,3,1,1,1,0,0,1,0,0,0,1,0,0,1,1,0,0,1,0,0,1,0,0,0
1,0,1,25,48,2101,4,3,2,1,0,1,0,0,0,0,0,0,1,0,0,1,0,0,0,1,0,0,1,0,0,0
1,0,1,49,12,1361,1,4,1,1,1,1,0,0,0,0,0,0,1,0,0,1,1,0,0,1,0,0,1,0,0,0
1,0,1,34,33,1559,3,3,1,1,1,1,1,0,1,0,0,0,1,0,0,1,0,0,0,1,0,0,1,1,1,0
1,0,1,34,33,2101,1,2,1,1,0,1,0,0,0,0,0,0,1,0,0,1,0,0,0,1,0,0,1,1,0,0
1,1,1,34,12,2101,3,2,1,1,1,1,0,0,0,0,0,0,1,0,0,1,0,1,0,1,0,0,1,1,0,0
1,0,1,37,14,759,4,3,1,1,1,1,0,0,0,0,0,0,0,0,0,1,1,0,0,1,0,0,1,0,0,0
1,0,1,38,36,1837,3,2,1,1,0,1,1,0,1,0,0,0,0,0,0,1,1,0,0,1,0,0,1,0,0,0
1,0,1,33,36,1567,3,3,2,1,1,1,0,0,0,0,0,0,1,0,0,1,0,0,0,1,0,0,1,0,0,0
1,0,1,34,39,14896,2,3,1,1,0,1,0,1,0,0,0,0,1,0,0,1,1,1,0,1,0,0,1,0,0,0
0,0,1,22,33,806,4,2,2,1,1,1,0,0,0,0,0,0,1,0,0,1,0,0,0,1,0,0,1,0,0,0
1,1,1,30,36,7582,3,2,1,1,0,1,0,0,0,0,0,0,1,0,0,1,1,1,0,0,0,0,1,0,0,0
1,0,0,34,39,1484,3,2,1,1,1,1,0,0,0,0,0,0,1,0,0,1,1,1,0,0,0,0,1,1,0,0
1,0,1,42,18,2101,3,2,1,1,1,1,0,0,0,0,0,0,1,0,0,1,1,0,0,1,1,0,0,0,0,0
1,1,1,38,48,1361,4,3,1,1,1,1,0,0,0,0,0,0,1,0,0,1,1,0,0,1,0,0,1,0,0,0
1,0,1,35,27,5293,3,3,2,1,1,1,0,0,0,0,0,0,1,0,1,1,1,0,0,1,0,0,1,0,0,0
1,0,1,41,36,11560,2,3,1,2,1,1,0,0,0,0,0,0,1,0,0,1,1,0,0,1,0,0,1,0,0,0
1,0,1,23,6,660,3,2,2,1,1,1,0,0,0,0,0,0,1,0,0,0,0,0,0,1,0,1,1,0,0,0
1,1,1,31,24,3148,3,2,2,1,0,1,0,1,0,0,0,0,1,0,0,1,1,0,0,0,0,0,1,0,1,0
1,0,1,39,24,1361,3,3,1,2,0,1,0,0,0,0,0,1,1,0,0,1,0,0,0,1,0,0,1,0,0,0
1,1,0,34,39,3749,1,3,1,1,1,1,0,0,0,0,0,0,1,0,1,1,0,0,0,1,0,0,1,1,0,0
1,1,1,35,39,9283,3,4,1,2,1,1,0,0,1,0,0,0,1,0,0,1,1,1,0,0,0,0,1,0,0,0
1,0,1,26,24,3181,3,4,1,1,1,1,0,0,0,0,0,0,1,0,0,1,1,0,0,1,0,0,1,0,0,1
1,0,0,34,21,18424,2,2,2,1,1,1,0,0,0,0,0,0,1,0,0,1,1,0,0,1,0,0,1,0,0,0
1,0,1,34,33,18424,3,3,1,1,1,1,0,0,0,0,0,0,1,0,0,1,1,1,0,1,0,0,1,1,0,0
1,0,1,24,12,1546,3,3,2,1,0,1,1,0,0,0,0,1,1,0,0,0,1,0,0,1,0,0,1,0,1,0
0,0,0,38,39,4844,2,3,1,1,0,1,0,0,1,0,0,0,1,0,0,1,1,1,0,0,0,0,1,1,0,0
0,0,1,35,12,1412,3,2,1,1,1,1,0,0,1,0,0,1,1,0,0,1,0,0,0,0,0,0,1,1,1,0
1,0,0,37,36,9398,2,4,1,1,1,1,0,0,0,0,0,0,1,0,0,1,1,1,0,1,0,0,1,0,0,0
1,0,1,32,6,3749,2,4,1,1,1,1,0,0,0,0,0,0,1,0,0,1,1,0,1,1,0,0,1,0,0,0
1,0,1,32,28,11560,3,3,2,2,1,1,0,0,0,0,0,0,1,0,0,1,1,0,0,1,0,0,1,0,0,0
1,0,0,37,28,2022,3,3,1,1,1,1,0,1,0,0,0,0,1,0,0,1,1,0,0,1,0,0,1,0,0,0
1,0,1,32,14,11560,4,3,1,1,1,1,0,0,0,0,0,0,1,0,0,1,1,1,0,1,0,0,1,0,1,0
0,0,1,27,6,1361,3,1,1,1,1,1,0,0,0,0,0,0,1,0,0,1,1,1,0,1,0,0,1,0,1,1
1,0,1,34,24,700,3,4,1,1,1,1,0,0,0,0,0,0,1,0,0,1,1,0,0,1,0,0,1,0,0,0
1,0,0,35,18,3780,3,3,1,1,0,1,0,0,0,0,0,0,1,0,0,1,1,0,0,1,0,0,1,0,0,0
1,0,0,53,12,2859,3,3,1,1,0,1,0,0,0,0,0,0,1,0,0,1,1,1,0,1,0,0,1,0,0,0
1,0,1,37,14,2859,3,2,1,2,1,1,0,0,0,0,0,0,1,0,0,1,1,0,0,1,0,0,1,0,0,0
1,1,1,36,18,18424,2,3,3,1,1,1,0,0,0,0,0,0,1,0,0,1,0,0,0,1,0,0,1,0,0,0
1,0,0,64,13,11560,2,3,1,1,1,1,0,0,0,0,0,0,1,0,1,1,1,0,0,1,1,0,1,0,0,0
1,0,1,34,22,5742,2,2,1,1,1,1,0,0,0,0,0,0,1,0,0,1,0,0,0,1,0,0,0,0,0,0
1,0,1,42,48,2101,4,2,2,1,1,1,0,0,0,0,0,0,1,0,0,1,0,1,0,0,0,0,1,0,0,1
1,0,1,49,9,18424,3,3,1,1,1,1,0,0,0,0,0,0,1,0,0,1,0,0,0,1,1,0,1,0,1,0
1,1,1,36,18,4844,3,4,1,1,1,1,0,0,1,0,0,0,1,0,0,1,0,0,0,1,0,0,1,0,0,0
1,0,1,37,24,7582,3,4,1,1,1,1,0,0,0,0,0,0,1,1,0,1,0,0,0,0,1,0,0,0,1,0
1,0,1,34,6,1346,2,4,1,2,1,1,0,0,0,0,0,0,1,0,0,1,1,1,0,1,1,0,1,0,0,0
1,0,1,34,33,7582,4,3,1,1,0,1,0,0,0,0,0,0,1,0,0,1,1,0,0,1,0,0,1,0,1,0
1,0,1,28,30,9283,4,3,1,1,1,1,0,1,0,0,0,0,1,0,0,1,0,0,0,0,0,0,1,0,0,0
1,0,1,43,18,759,3,3,1,1,1,1,0,0,1,0,0,1,0,0,0,1,0,0,0,1,0,0,1,0,1,0
1,0,0,34,12,2073,3,2,1,1,1,1,0,0,0,0,1,0,1,0,0,1,1,0,0,1,1,0,0,0,0,0
0,0,0,42,21,2859,3,3,1,1,1,1,0,0,1,0,0,0,1,0,0,1,1,0,0,1,0,0,1,0,0,0
1,0,0,33,39,14896,4,3,2,1,0,1,0,1,1,0,0,0,1,0,0,1,1,0,0,1,0,0,1,0,0,0
1,1,1,40,12,18424,3,3,1,1,0,1,0,0,0,0,0,0,1,0,0,1,1,0,0,1,0,1,0,1,0,0
0,0,0,36,12,836,3,2,1,1,0,1,0,0,1,0,0,0,1,0,0,0,1,1,0,1,0,0,0,0,0,0
1,0,1,33,18,1361,1,2,1,1,0,1,0,0,0,0,0,0,1,0,0,1,0,0,0,0,0,0,1,0,0,0
1,0,1,32,18,1289,4,2,1,1,0,1,0,0,0,0,0,1,1,0,0,1,0,1,0,1,0,0,1,0,0,0
1,0,1,44,6,3384,3,4,2,1,1,1,0,0,0,0,0,0,1,1,0,1,0,1,0,1,0,0,1,0,0,0
1,0,1,27,60,7582,3,2,1,1,1,0,0,0,0,0,0,0,0,0,0,1,1,0,0,1,0,0,1,0,0,0
1,0,0,32,36,4844,3,3,2,1,0,1,0,0,0,0,0,0,1,0,0,0,1,1,0,0,0,0,1,0,0,0
1,0,0,31,28,1393,2,2,1,1,1,1,0,0,0,0,0,0,1,0,0,1,1,0,0,1,0,0,1,1,0,0
1,0,1,23,10,14896,1,3,1,1,0,1,0,0,0,0,0,0,1,0,0,1,0,0,0,1,0,0,1,0,1,0
0,0,1,32,18,2101,3,2,1,1,1,1,0,0,0,0,0,0,0,0,0,1,1,0,0,1,0,0,1,1,1,0
0,0,1,34,12,3749,3,3,1,1,0,1,0,1,0,0,0,0,1,0,0,1,0,1,0,1,0,0,1,0,0,0
1,0,0,35,36,3780,3,2,2,1,0,1,0,1,0,0,0,0,1,0,0,1,1,0,0,1,0,0,1,0,0,0
1,0,1,48,12,3749,1,2,2,1,1,1,0,0,0,0,0,0,1,0,0,1,1,1,0,0,0,0,1,1,0,0
1,0,1,35,48,5381,3,3,1,1,0,1,0,0,0,0,0,0,1,0,1,1,1,0,0,1,0,0,1,0,0,0
1,0,1,34,14,3749,4,3,1,1,0,1,0,0,0,0,0,0,1,0,0,1,1,0,0,1,0,0,1,0,0,0
0,0,0,34,33,7582,3,3,1,1,1,1,0,0,1,0,0,0,1,0,0,1,1,0,0,1,0,0,1,1,0,0
0,0,1,37,24,1361,3,4,3,1,1,1,0,0,0,0,0,0,1,0,0,1,1,0,0,1,0,0,1,0,1,0
1,0,0,36,36,14896,2,3,1,1,1,1,0,0,0,0,0,0,1,0,0,1,0,1,0,1,0,0,1,0,0,0
1,0,1,32,12,3331,3,4,1,1,0,1,0,0,0,0,0,0,1,0,0,1,1,0,0,0,0,0,1,0,1,0
0,0,1,25,28,4844,3,4,1,1,1,1,0,0,0,0,0,0,1,0,0,1,1,1,0,1,0,0,1,0,0,0
1,0,0,34,18,4844,3,3,3,1,1,1,0,0,0,0,0,0,1,1,0,1,0,1,0,1,0,0,1,1,0,0
1,0,0,33,36,6288,4,3,1,1,1,1,0,0,0,0,0,0,1,0,0,1,0,1,0,1,0,0,1,0,0,0
0,0,0,38,33,759,3,4,1,1,1,1,0,1,0,0,0,0,1,1,0,1,0,1,0,1,0,0,1,0,0,0
1,0,1,28,24,9283,3,2,2,1,0,1,0,0,0,0,0,1,1,0,0,1,1,0,0,1,0,0,1,0,0,0
1,0,1,66,39,766,1,2,1,1,0,1,0,0,0,0,0,0,1,0,0,1,0,1,0,0,0,0,0,0,0,0
0,0,1,34,22,2101,3,3,1,1,0,1,0,0,0,0,0,0,1,0,0,1,1,0,0,1,0,0,1,0,0,1
1,0,0,34,14,18424,3,3,2,1,1,1,0,0,0,0,0,0,1,0,0,1,0,0,0,1,0,1,0,0,0,0
1,0,0,48,24,11560,2,4,1,1,1,1,0,0,0,0,0,0,1,0,0,1,1,0,0,0,0,0,1,0,0,0
0,0,0,35,28,3349,4,3,1,1,1,1,0,0,1,0,0,0,1,0,0,1,0,0,0,1,0,0,1,0,0,0
1,0,1,36,18,996,4,4,1,1,0,1,0,0,0,0,0,0,1,0,0,1,1,0,0,1,0,0,1,0,1,0
1,0,1,33,14,11560,3,3,2,1,0,1,0,1,0,0,0,0,1,0,0,1,0,0,0,1,0,0,1,0,0,0
1,0,1,32,24,7582,3,3,1,2,1,1,0,0,0,0,0,0,1,0,0,1,1,0,0,1,0,0,1,0,1,0
1,0,0,47,24,3749,4,3,1,1,1,1,0,0,0,0,0,0,1,0,0,1,1,1,0,1,0,0,1,0,0,0
1,0,0,35,7,2329,1,3,1,1,1,1,0,0,0,0,0,1,1,0,0,1,0,1,0,0,0,0,1,0,0,1
1,0,1,33,22,8065,3,2,2,1,1,1,0,1,0,0,0,0,1,0,0,1,1,0,0,1,0,0,1,0,1,0
1,0,0,37,6,11560,3,4,1,1,1,1,0,0,0,0,0,0,0,0,0,1,1,0,0,1,0,0,1,0,0,0
1,1,1,45,14,8978,3,4,1,1,0,1,0,0,0,0,0,0,1,0,0,1,1,0,0,1,0,0,1,0,1,0
1,1,0,32,30,14896,2,3,1,1,0,1,0,0,1,0,0,0,1,0,0,1,1,0,0,1,0,0,1,0,0,0
1,0,1,35,39,2859,2,3,2,1,0,1,0,0,0,0,0,0,1,0,1,1,0,0,0,0,0,0,1,0,0,0
1,0,1,27,28,1053,3,3,1,1,0,1,0,0,0,0,0,0,1,0,0,1,1,0,0,0,0,0,1,0,0,0
1,1,0,23,36,3749,3,3,1,1,0,1,0,0,0,0,0,0,1,0,0,1,1,1,0,1,0,0,1,0,0,0
0,0,1,32,36,9283,3,3,2,1,0,1,0,0,0,0,0,0,1,0,0,1,1,0,0,1,0,0,1,0,0,0
1,0,1,42,14,1258,3,2,2,1,1,1,0,1,0,0,0,0,1,0,0,1,1,0,0,1,0,0,1,0,0,0
1,0,0,37,48,10222,4,3,1,1,0,1,0,0,0,0,0,0,1,0,0,1,1,1,0,1,0,0,1,0,1,0
1,0,1,34,6,759,3,3,2,1,0,1,0,1,0,0,0,0,1,0,0,1,1,1,0,0,0,1,0,0,1,0
1,0,1,37,39,6288,3,2,1,1,0,1,0,0,0,0,0,0,1,0,0,1,1,0,1,0,0,0,1,0,0,0
1,0,1,34,39,9283,3,3,1,1,0,1,0,0,0,0,0,0,1,0,0,1,1,1,0,1,0,0,0,1,0,0
1,0,1,36,12,18424,3,3,1,1,1,1,0,0,0,0,0,0,1,0,0,1,1,0,0,1,0,0,1,0,1,0
0,0,0,26,12,6288,1,2,1,1,0,1,0,0,0,0,0,0,0,0,0,1,1,0,0,1,0,0,1,0,0,0
1,0,1,34,6,4844,3,2,1,1,1,1,0,0,1,0,0,0,1,0,0,1,1,1,0,1,0,0,1,0,0,0
1,0,1,34,24,759,3,3,1,1,1,1,0,0,1,0,0,0,1,0,0,1,1,0,0,1,0,0,1,0,0,0
1,0,1,36,39,4844,4,3,1,1,1,1,0,0,0,0,0,0,1,0,0,1,0,0,0,1,0,0,1,0,0,0
1,0,0,36,33,2101,3,3,2,1,1,1,0,0,1,0,0,0,1,1,0,1,1,0,0,1,0,0,1,0,0,0
1,0,0,37,24,1361,3,4,1,1,0,1,1,0,1,0,0,0,1,1,0,1,0,0,0,1,0,0,1,0,1,0
1,0,0,26,39,763,3,3,1,1,0,1,0,0,0,0,0,0,1,0,0,1,1,0,0,0,0,0,1,0,1,0
0,0,0,34,30,9283,3,1,2,1,1,1,1,0,1,0,0,0,1,0,0,1,1,0,0,1,0,0,1,0,0,0
1,0,0,34,36,7582,2,3,1,2,1,1,0,0,0,0,0,0,1,0,0,1,1,0,0,1,0,0,1,0,1,0
1,0,1,22,33,4844,3,3,1,1,0,1,0,0,0,0,0,0,1,0,0,0,1,1,0,1,0,0,1,0,0,0
0,0,0,35,33,2101,3,3,1,1,0,1,0,0,0,0,0,0,1,1,0,1,1,1,0,1,0,0,1,0,0,0
1,0,0,41,39,6313,3,4,1,2,0,1,0,0,0,0,0,0,1,0,0,1,0,0,0,1,0,0,1,0,1,0
1,0,1,24,24,932,3,3,1,1,1,1,0,0,0,0,0,0,1,0,0,1,1,0,0,1,0,0,1,0,0,0
1,0,0,36,6,9283,3,3,1,1,0,1,0,0,0,0,0,0,1,0,0,1,1,0,0,1,0,0,1,0,0,1
1,0,0,38,12,2859,3,3,2,1,0,1,0,0,0,0,0,0,1,0,0,1,0,0,0,1,0,0,1,0,0,0
1,0,1,46,33,759,3,3,1,1,1,1,0,0,0,0,0,0,0,0,0,1,1,0,0,1,0,0,0,0,0,0
1,0,1,32,18,4594,3,3,1,1,1,1,0,0,1,0,0,0,1,0,0,1,1,0,0,1,0,0,1,0,0,0
1,0,1,33,14,802,4,3,2,1,0,1,0,0,0,0,0,0,1,0,0,1,1,0,0,1,0,0,1,1,0,0
1,0,0,24,24,2101,3,3,1,1,1,1,0,0,0,0,0,0,1,0,0,1,0,1,0,1,0,0,1,0,0,0
1,0,1,38,36,18424,1,4,2,1,0,1,0,0,0,0,0,0,0,0,0,1,0,0,0,1,0,0,1,0,0,0
1,0,1,38,36,1409,4,3,1,1,0,1,0,1,0,0,0,0,1,0,0,1,1,0,0,0,0,0,1,0,1,0
1,0,0,42,39,2171,2,3,1,1,0,1,0,0,0,0,0,0,1,0,0,1,0,0,0,1,0,0,1,0,0,0
1,0,1,27,24,14896,4,3,2,1,1,1,0,0,0,0,0,0,1,0,0,1,1,0,0,1,0,0,0,0,1,0
1,0,0,34,18,1245,4,2,1,1,1,1,0,1,0,0,0,0,1,0,0,1,1,1,0,0,0,0,1,0,0,0
1,1,0,54,36,2859,3,3,1,1,1,1,0,0,0,0,0,0,0,1,0,1,1,0,0,1,0,0,1,1,0,0
0,0,1,32,39,4844,3,4,1,1,1,1,0,0,0,0,0,0,1,0,0,1,1,0,0,1,0,0,1,0,0,0
0,0,1,37,39,759,2,2,1,1,1,1,0,0,0,0,0,0,1,0,0,1,1,1,0,1,0,0,1,0,0,0
